ISO-10303-21;
HEADER;
FILE_DESCRIPTION(('Open CASCADE Model'),'2;1');
FILE_NAME('Open CASCADE Shape Model','2026-09-11T20:50:58',('Author'),(
    'Open CASCADE'),'Open CASCADE STEP processor 7.8','Open CASCADE 7.8'
  ,'Unknown');
FILE_SCHEMA(('AUTOMOTIVE_DESIGN { 1 0 10303 214 1 1 1 1 }'));
ENDSEC;
DATA;
#1 = APPLICATION_PROTOCOL_DEFINITION('international standard',
  'automotive_design',2000,#2);
#2 = APPLICATION_CONTEXT(
  'core data for automotive mechanical design processes');
#3 = SHAPE_DEFINITION_REPRESENTATION(#4,#10);
#4 = PRODUCT_DEFINITION_SHAPE('','',#5);
#5 = PRODUCT_DEFINITION('design','',#6,#9);
#6 = PRODUCT_DEFINITION_FORMATION('','',#7);
#7 = PRODUCT('DRSSTC05_manual_winder','DRSSTC05_manual_winder','',(#8));
#8 = PRODUCT_CONTEXT('',#2,'mechanical');
#9 = PRODUCT_DEFINITION_CONTEXT('part definition',#2,'design');
#10 = SHAPE_REPRESENTATION('',(#11,#15,#19,#23,#27,#31,#35,#39,#43,#47,
    #51,#55,#59,#63,#67,#71,#75,#79,#83,#87,#91,#95,#99,#103,#107,#111,
    #115),#119);
#11 = AXIS2_PLACEMENT_3D('',#12,#13,#14);
#12 = CARTESIAN_POINT('',(0.,0.,0.));
#13 = DIRECTION('',(0.,0.,1.));
#14 = DIRECTION('',(1.,0.,-0.));
#15 = AXIS2_PLACEMENT_3D('',#16,#17,#18);
#16 = CARTESIAN_POINT('',(0.,0.,0.));
#17 = DIRECTION('',(0.,0.,1.));
#18 = DIRECTION('',(1.,0.,-0.));
#19 = AXIS2_PLACEMENT_3D('',#20,#21,#22);
#20 = CARTESIAN_POINT('',(0.,0.,0.));
#21 = DIRECTION('',(0.,0.,1.));
#22 = DIRECTION('',(1.,0.,-0.));
#23 = AXIS2_PLACEMENT_3D('',#24,#25,#26);
#24 = CARTESIAN_POINT('',(0.,0.,0.));
#25 = DIRECTION('',(0.,0.,1.));
#26 = DIRECTION('',(1.,0.,-0.));
#27 = AXIS2_PLACEMENT_3D('',#28,#29,#30);
#28 = CARTESIAN_POINT('',(0.,0.,0.));
#29 = DIRECTION('',(0.,0.,1.));
#30 = DIRECTION('',(1.,0.,-0.));
#31 = AXIS2_PLACEMENT_3D('',#32,#33,#34);
#32 = CARTESIAN_POINT('',(0.,0.,0.));
#33 = DIRECTION('',(0.,0.,1.));
#34 = DIRECTION('',(1.,0.,-0.));
#35 = AXIS2_PLACEMENT_3D('',#36,#37,#38);
#36 = CARTESIAN_POINT('',(0.,0.,0.));
#37 = DIRECTION('',(0.,0.,1.));
#38 = DIRECTION('',(1.,0.,-0.));
#39 = AXIS2_PLACEMENT_3D('',#40,#41,#42);
#40 = CARTESIAN_POINT('',(0.,0.,0.));
#41 = DIRECTION('',(0.,0.,1.));
#42 = DIRECTION('',(1.,0.,-0.));
#43 = AXIS2_PLACEMENT_3D('',#44,#45,#46);
#44 = CARTESIAN_POINT('',(0.,0.,0.));
#45 = DIRECTION('',(0.,0.,1.));
#46 = DIRECTION('',(1.,0.,-0.));
#47 = AXIS2_PLACEMENT_3D('',#48,#49,#50);
#48 = CARTESIAN_POINT('',(0.,0.,0.));
#49 = DIRECTION('',(0.,0.,1.));
#50 = DIRECTION('',(1.,0.,-0.));
#51 = AXIS2_PLACEMENT_3D('',#52,#53,#54);
#52 = CARTESIAN_POINT('',(0.,0.,0.));
#53 = DIRECTION('',(0.,0.,1.));
#54 = DIRECTION('',(1.,0.,-0.));
#55 = AXIS2_PLACEMENT_3D('',#56,#57,#58);
#56 = CARTESIAN_POINT('',(0.,0.,0.));
#57 = DIRECTION('',(0.,0.,1.));
#58 = DIRECTION('',(1.,0.,-0.));
#59 = AXIS2_PLACEMENT_3D('',#60,#61,#62);
#60 = CARTESIAN_POINT('',(0.,0.,0.));
#61 = DIRECTION('',(0.,0.,1.));
#62 = DIRECTION('',(1.,0.,-0.));
#63 = AXIS2_PLACEMENT_3D('',#64,#65,#66);
#64 = CARTESIAN_POINT('',(0.,0.,0.));
#65 = DIRECTION('',(0.,0.,1.));
#66 = DIRECTION('',(1.,0.,-0.));
#67 = AXIS2_PLACEMENT_3D('',#68,#69,#70);
#68 = CARTESIAN_POINT('',(0.,0.,0.));
#69 = DIRECTION('',(0.,0.,1.));
#70 = DIRECTION('',(1.,0.,-0.));
#71 = AXIS2_PLACEMENT_3D('',#72,#73,#74);
#72 = CARTESIAN_POINT('',(0.,0.,0.));
#73 = DIRECTION('',(0.,0.,1.));
#74 = DIRECTION('',(1.,0.,-0.));
#75 = AXIS2_PLACEMENT_3D('',#76,#77,#78);
#76 = CARTESIAN_POINT('',(0.,0.,0.));
#77 = DIRECTION('',(0.,0.,1.));
#78 = DIRECTION('',(1.,0.,-0.));
#79 = AXIS2_PLACEMENT_3D('',#80,#81,#82);
#80 = CARTESIAN_POINT('',(0.,0.,0.));
#81 = DIRECTION('',(0.,0.,1.));
#82 = DIRECTION('',(1.,0.,-0.));
#83 = AXIS2_PLACEMENT_3D('',#84,#85,#86);
#84 = CARTESIAN_POINT('',(0.,0.,0.));
#85 = DIRECTION('',(0.,0.,1.));
#86 = DIRECTION('',(1.,0.,-0.));
#87 = AXIS2_PLACEMENT_3D('',#88,#89,#90);
#88 = CARTESIAN_POINT('',(0.,0.,0.));
#89 = DIRECTION('',(0.,0.,1.));
#90 = DIRECTION('',(1.,0.,-0.));
#91 = AXIS2_PLACEMENT_3D('',#92,#93,#94);
#92 = CARTESIAN_POINT('',(0.,0.,0.));
#93 = DIRECTION('',(0.,0.,1.));
#94 = DIRECTION('',(1.,0.,-0.));
#95 = AXIS2_PLACEMENT_3D('',#96,#97,#98);
#96 = CARTESIAN_POINT('',(0.,0.,0.));
#97 = DIRECTION('',(0.,0.,1.));
#98 = DIRECTION('',(1.,0.,-0.));
#99 = AXIS2_PLACEMENT_3D('',#100,#101,#102);
#100 = CARTESIAN_POINT('',(0.,0.,0.));
#101 = DIRECTION('',(0.,0.,1.));
#102 = DIRECTION('',(1.,0.,-0.));
#103 = AXIS2_PLACEMENT_3D('',#104,#105,#106);
#104 = CARTESIAN_POINT('',(0.,0.,0.));
#105 = DIRECTION('',(0.,0.,1.));
#106 = DIRECTION('',(1.,0.,-0.));
#107 = AXIS2_PLACEMENT_3D('',#108,#109,#110);
#108 = CARTESIAN_POINT('',(0.,0.,0.));
#109 = DIRECTION('',(0.,0.,1.));
#110 = DIRECTION('',(1.,0.,-0.));
#111 = AXIS2_PLACEMENT_3D('',#112,#113,#114);
#112 = CARTESIAN_POINT('',(0.,0.,0.));
#113 = DIRECTION('',(0.,0.,1.));
#114 = DIRECTION('',(1.,0.,-0.));
#115 = AXIS2_PLACEMENT_3D('',#116,#117,#118);
#116 = CARTESIAN_POINT('',(0.,0.,0.));
#117 = DIRECTION('',(0.,0.,1.));
#118 = DIRECTION('',(1.,0.,-0.));
#119 = ( GEOMETRIC_REPRESENTATION_CONTEXT(3) 
GLOBAL_UNCERTAINTY_ASSIGNED_CONTEXT((#123)) GLOBAL_UNIT_ASSIGNED_CONTEXT
((#120,#121,#122)) REPRESENTATION_CONTEXT('Context #1',
  '3D Context with UNIT and UNCERTAINTY') );
#120 = ( LENGTH_UNIT() NAMED_UNIT(*) SI_UNIT(.MILLI.,.METRE.) );
#121 = ( NAMED_UNIT(*) PLANE_ANGLE_UNIT() SI_UNIT($,.RADIAN.) );
#122 = ( NAMED_UNIT(*) SI_UNIT($,.STERADIAN.) SOLID_ANGLE_UNIT() );
#123 = UNCERTAINTY_MEASURE_WITH_UNIT(LENGTH_MEASURE(1.E-07),#120,
  'distance_accuracy_value','confusion accuracy');
#124 = PRODUCT_RELATED_PRODUCT_CATEGORY('part',$,(#7));
#125 = SHAPE_DEFINITION_REPRESENTATION(#126,#132);
#126 = PRODUCT_DEFINITION_SHAPE('','',#127);
#127 = PRODUCT_DEFINITION('design','',#128,#131);
#128 = PRODUCT_DEFINITION_FORMATION('','',#129);
#129 = PRODUCT('stand_1','stand_1','',(#130));
#130 = PRODUCT_CONTEXT('',#2,'mechanical');
#131 = PRODUCT_DEFINITION_CONTEXT('part definition',#2,'design');
#132 = ADVANCED_BREP_SHAPE_REPRESENTATION('',(#11,#133),#4195);
#133 = MANIFOLD_SOLID_BREP('',#134);
#134 = CLOSED_SHELL('',(#135,#255,#1245,#1295,#1349,#1682,#1709,#1736,
    #1763,#1790,#1797,#1844,#1871,#1898,#1905,#1981,#2451,#2688,#2714,
    #2740,#2767,#2794,#2800,#2806,#2832,#2858,#2885,#2912,#2918,#2924,
    #2951,#2998,#3025,#3052,#3059,#3224,#3274,#3402,#3504,#3553,#3602,
    #3660,#3762,#3811,#3891,#3918,#3946,#3974,#4002,#4009,#4036,#4063,
    #4070,#4125,#4132,#4187,#4191));
#135 = ADVANCED_FACE('',(#136),#150,.F.);
#136 = FACE_BOUND('',#137,.F.);
#137 = EDGE_LOOP('',(#138,#173,#201,#229));
#138 = ORIENTED_EDGE('',*,*,#139,.F.);
#139 = EDGE_CURVE('',#140,#142,#144,.T.);
#140 = VERTEX_POINT('',#141);
#141 = CARTESIAN_POINT('',(-45.,-26.,8.));
#142 = VERTEX_POINT('',#143);
#143 = CARTESIAN_POINT('',(-45.,26.,8.));
#144 = SURFACE_CURVE('',#145,(#149,#161),.PCURVE_S1.);
#145 = LINE('',#146,#147);
#146 = CARTESIAN_POINT('',(-45.,-30.,8.));
#147 = VECTOR('',#148,1.);
#148 = DIRECTION('',(0.,1.,0.));
#149 = PCURVE('',#150,#155);
#150 = PLANE('',#151);
#151 = AXIS2_PLACEMENT_3D('',#152,#153,#154);
#152 = CARTESIAN_POINT('',(-45.,-30.,0.));
#153 = DIRECTION('',(1.,0.,0.));
#154 = DIRECTION('',(0.,0.,1.));
#155 = DEFINITIONAL_REPRESENTATION('',(#156),#160);
#156 = LINE('',#157,#158);
#157 = CARTESIAN_POINT('',(8.,0.));
#158 = VECTOR('',#159,1.);
#159 = DIRECTION('',(0.,-1.));
#160 = ( GEOMETRIC_REPRESENTATION_CONTEXT(2) 
PARAMETRIC_REPRESENTATION_CONTEXT() REPRESENTATION_CONTEXT('2D SPACE',''
  ) );
#161 = PCURVE('',#162,#167);
#162 = PLANE('',#163);
#163 = AXIS2_PLACEMENT_3D('',#164,#165,#166);
#164 = CARTESIAN_POINT('',(-45.,-30.,8.));
#165 = DIRECTION('',(0.,0.,1.));
#166 = DIRECTION('',(1.,0.,0.));
#167 = DEFINITIONAL_REPRESENTATION('',(#168),#172);
#168 = LINE('',#169,#170);
#169 = CARTESIAN_POINT('',(0.,0.));
#170 = VECTOR('',#171,1.);
#171 = DIRECTION('',(0.,1.));
#172 = ( GEOMETRIC_REPRESENTATION_CONTEXT(2) 
PARAMETRIC_REPRESENTATION_CONTEXT() REPRESENTATION_CONTEXT('2D SPACE',''
  ) );
#173 = ORIENTED_EDGE('',*,*,#174,.F.);
#174 = EDGE_CURVE('',#175,#140,#177,.T.);
#175 = VERTEX_POINT('',#176);
#176 = CARTESIAN_POINT('',(-45.,-26.,0.));
#177 = SURFACE_CURVE('',#178,(#182,#189),.PCURVE_S1.);
#178 = LINE('',#179,#180);
#179 = CARTESIAN_POINT('',(-45.,-26.,0.));
#180 = VECTOR('',#181,1.);
#181 = DIRECTION('',(0.,0.,1.));
#182 = PCURVE('',#150,#183);
#183 = DEFINITIONAL_REPRESENTATION('',(#184),#188);
#184 = LINE('',#185,#186);
#185 = CARTESIAN_POINT('',(0.,-4.));
#186 = VECTOR('',#187,1.);
#187 = DIRECTION('',(1.,0.));
#188 = ( GEOMETRIC_REPRESENTATION_CONTEXT(2) 
PARAMETRIC_REPRESENTATION_CONTEXT() REPRESENTATION_CONTEXT('2D SPACE',''
  ) );
#189 = PCURVE('',#190,#195);
#190 = CYLINDRICAL_SURFACE('',#191,4.);
#191 = AXIS2_PLACEMENT_3D('',#192,#193,#194);
#192 = CARTESIAN_POINT('',(-41.,-26.,0.));
#193 = DIRECTION('',(0.,0.,1.));
#194 = DIRECTION('',(-1.,-0.,0.));
#195 = DEFINITIONAL_REPRESENTATION('',(#196),#200);
#196 = LINE('',#197,#198);
#197 = CARTESIAN_POINT('',(0.,0.));
#198 = VECTOR('',#199,1.);
#199 = DIRECTION('',(0.,1.));
#200 = ( GEOMETRIC_REPRESENTATION_CONTEXT(2) 
PARAMETRIC_REPRESENTATION_CONTEXT() REPRESENTATION_CONTEXT('2D SPACE',''
  ) );
#201 = ORIENTED_EDGE('',*,*,#202,.T.);
#202 = EDGE_CURVE('',#175,#203,#205,.T.);
#203 = VERTEX_POINT('',#204);
#204 = CARTESIAN_POINT('',(-45.,26.,0.));
#205 = SURFACE_CURVE('',#206,(#210,#217),.PCURVE_S1.);
#206 = LINE('',#207,#208);
#207 = CARTESIAN_POINT('',(-45.,-30.,0.));
#208 = VECTOR('',#209,1.);
#209 = DIRECTION('',(0.,1.,0.));
#210 = PCURVE('',#150,#211);
#211 = DEFINITIONAL_REPRESENTATION('',(#212),#216);
#212 = LINE('',#213,#214);
#213 = CARTESIAN_POINT('',(0.,0.));
#214 = VECTOR('',#215,1.);
#215 = DIRECTION('',(0.,-1.));
#216 = ( GEOMETRIC_REPRESENTATION_CONTEXT(2) 
PARAMETRIC_REPRESENTATION_CONTEXT() REPRESENTATION_CONTEXT('2D SPACE',''
  ) );
#217 = PCURVE('',#218,#223);
#218 = PLANE('',#219);
#219 = AXIS2_PLACEMENT_3D('',#220,#221,#222);
#220 = CARTESIAN_POINT('',(-45.,-30.,0.));
#221 = DIRECTION('',(0.,0.,1.));
#222 = DIRECTION('',(1.,0.,0.));
#223 = DEFINITIONAL_REPRESENTATION('',(#224),#228);
#224 = LINE('',#225,#226);
#225 = CARTESIAN_POINT('',(0.,0.));
#226 = VECTOR('',#227,1.);
#227 = DIRECTION('',(0.,1.));
#228 = ( GEOMETRIC_REPRESENTATION_CONTEXT(2) 
PARAMETRIC_REPRESENTATION_CONTEXT() REPRESENTATION_CONTEXT('2D SPACE',''
  ) );
#229 = ORIENTED_EDGE('',*,*,#230,.T.);
#230 = EDGE_CURVE('',#203,#142,#231,.T.);
#231 = SURFACE_CURVE('',#232,(#236,#243),.PCURVE_S1.);
#232 = LINE('',#233,#234);
#233 = CARTESIAN_POINT('',(-45.,26.,0.));
#234 = VECTOR('',#235,1.);
#235 = DIRECTION('',(0.,0.,1.));
#236 = PCURVE('',#150,#237);
#237 = DEFINITIONAL_REPRESENTATION('',(#238),#242);
#238 = LINE('',#239,#240);
#239 = CARTESIAN_POINT('',(0.,-56.));
#240 = VECTOR('',#241,1.);
#241 = DIRECTION('',(1.,0.));
#242 = ( GEOMETRIC_REPRESENTATION_CONTEXT(2) 
PARAMETRIC_REPRESENTATION_CONTEXT() REPRESENTATION_CONTEXT('2D SPACE',''
  ) );
#243 = PCURVE('',#244,#249);
#244 = CYLINDRICAL_SURFACE('',#245,4.);
#245 = AXIS2_PLACEMENT_3D('',#246,#247,#248);
#246 = CARTESIAN_POINT('',(-41.,26.,0.));
#247 = DIRECTION('',(0.,0.,1.));
#248 = DIRECTION('',(-1.,-0.,0.));
#249 = DEFINITIONAL_REPRESENTATION('',(#250),#254);
#250 = LINE('',#251,#252);
#251 = CARTESIAN_POINT('',(-0.,0.));
#252 = VECTOR('',#253,1.);
#253 = DIRECTION('',(-0.,1.));
#254 = ( GEOMETRIC_REPRESENTATION_CONTEXT(2) 
PARAMETRIC_REPRESENTATION_CONTEXT() REPRESENTATION_CONTEXT('2D SPACE',''
  ) );
#255 = ADVANCED_FACE('',(#256,#455,#579,#1121),#162,.T.);
#256 = FACE_BOUND('',#257,.T.);
#257 = EDGE_LOOP('',(#258,#259,#283,#311,#344,#372,#401,#429));
#258 = ORIENTED_EDGE('',*,*,#139,.F.);
#259 = ORIENTED_EDGE('',*,*,#260,.T.);
#260 = EDGE_CURVE('',#140,#261,#263,.T.);
#261 = VERTEX_POINT('',#262);
#262 = CARTESIAN_POINT('',(-41.,-30.,8.));
#263 = SURFACE_CURVE('',#264,(#269,#276),.PCURVE_S1.);
#264 = CIRCLE('',#265,4.);
#265 = AXIS2_PLACEMENT_3D('',#266,#267,#268);
#266 = CARTESIAN_POINT('',(-41.,-26.,8.));
#267 = DIRECTION('',(0.,0.,1.));
#268 = DIRECTION('',(0.,-1.,0.));
#269 = PCURVE('',#162,#270);
#270 = DEFINITIONAL_REPRESENTATION('',(#271),#275);
#271 = CIRCLE('',#272,4.);
#272 = AXIS2_PLACEMENT_2D('',#273,#274);
#273 = CARTESIAN_POINT('',(4.,4.));
#274 = DIRECTION('',(0.,-1.));
#275 = ( GEOMETRIC_REPRESENTATION_CONTEXT(2) 
PARAMETRIC_REPRESENTATION_CONTEXT() REPRESENTATION_CONTEXT('2D SPACE',''
  ) );
#276 = PCURVE('',#190,#277);
#277 = DEFINITIONAL_REPRESENTATION('',(#278),#282);
#278 = LINE('',#279,#280);
#279 = CARTESIAN_POINT('',(-4.712388980385,8.));
#280 = VECTOR('',#281,1.);
#281 = DIRECTION('',(1.,0.));
#282 = ( GEOMETRIC_REPRESENTATION_CONTEXT(2) 
PARAMETRIC_REPRESENTATION_CONTEXT() REPRESENTATION_CONTEXT('2D SPACE',''
  ) );
#283 = ORIENTED_EDGE('',*,*,#284,.T.);
#284 = EDGE_CURVE('',#261,#285,#287,.T.);
#285 = VERTEX_POINT('',#286);
#286 = CARTESIAN_POINT('',(41.,-30.,8.));
#287 = SURFACE_CURVE('',#288,(#292,#299),.PCURVE_S1.);
#288 = LINE('',#289,#290);
#289 = CARTESIAN_POINT('',(-45.,-30.,8.));
#290 = VECTOR('',#291,1.);
#291 = DIRECTION('',(1.,0.,0.));
#292 = PCURVE('',#162,#293);
#293 = DEFINITIONAL_REPRESENTATION('',(#294),#298);
#294 = LINE('',#295,#296);
#295 = CARTESIAN_POINT('',(0.,0.));
#296 = VECTOR('',#297,1.);
#297 = DIRECTION('',(1.,0.));
#298 = ( GEOMETRIC_REPRESENTATION_CONTEXT(2) 
PARAMETRIC_REPRESENTATION_CONTEXT() REPRESENTATION_CONTEXT('2D SPACE',''
  ) );
#299 = PCURVE('',#300,#305);
#300 = PLANE('',#301);
#301 = AXIS2_PLACEMENT_3D('',#302,#303,#304);
#302 = CARTESIAN_POINT('',(-45.,-30.,0.));
#303 = DIRECTION('',(0.,1.,0.));
#304 = DIRECTION('',(0.,0.,1.));
#305 = DEFINITIONAL_REPRESENTATION('',(#306),#310);
#306 = LINE('',#307,#308);
#307 = CARTESIAN_POINT('',(8.,0.));
#308 = VECTOR('',#309,1.);
#309 = DIRECTION('',(0.,1.));
#310 = ( GEOMETRIC_REPRESENTATION_CONTEXT(2) 
PARAMETRIC_REPRESENTATION_CONTEXT() REPRESENTATION_CONTEXT('2D SPACE',''
  ) );
#311 = ORIENTED_EDGE('',*,*,#312,.F.);
#312 = EDGE_CURVE('',#313,#285,#315,.T.);
#313 = VERTEX_POINT('',#314);
#314 = CARTESIAN_POINT('',(45.,-26.,8.));
#315 = SURFACE_CURVE('',#316,(#321,#332),.PCURVE_S1.);
#316 = CIRCLE('',#317,4.);
#317 = AXIS2_PLACEMENT_3D('',#318,#319,#320);
#318 = CARTESIAN_POINT('',(41.,-26.,8.));
#319 = DIRECTION('',(-0.,-0.,-1.));
#320 = DIRECTION('',(0.,-1.,0.));
#321 = PCURVE('',#162,#322);
#322 = DEFINITIONAL_REPRESENTATION('',(#323),#331);
#323 = ( BOUNDED_CURVE() B_SPLINE_CURVE(2,(#324,#325,#326,#327,#328,#329
,#330),.UNSPECIFIED.,.T.,.F.) B_SPLINE_CURVE_WITH_KNOTS((1,2,2,2,2,1),(
    -2.094395102393,0.,2.094395102393,4.188790204786,6.28318530718,
8.377580409573),.UNSPECIFIED.) CURVE() GEOMETRIC_REPRESENTATION_ITEM() 
RATIONAL_B_SPLINE_CURVE((1.,0.5,1.,0.5,1.,0.5,1.)) REPRESENTATION_ITEM(
  '') );
#324 = CARTESIAN_POINT('',(86.,0.));
#325 = CARTESIAN_POINT('',(79.071796769725,0.));
#326 = CARTESIAN_POINT('',(82.535898384862,6.));
#327 = CARTESIAN_POINT('',(86.,12.));
#328 = CARTESIAN_POINT('',(89.464101615138,6.));
#329 = CARTESIAN_POINT('',(92.928203230276,6.217248937901E-15));
#330 = CARTESIAN_POINT('',(86.,0.));
#331 = ( GEOMETRIC_REPRESENTATION_CONTEXT(2) 
PARAMETRIC_REPRESENTATION_CONTEXT() REPRESENTATION_CONTEXT('2D SPACE',''
  ) );
#332 = PCURVE('',#333,#338);
#333 = CYLINDRICAL_SURFACE('',#334,4.);
#334 = AXIS2_PLACEMENT_3D('',#335,#336,#337);
#335 = CARTESIAN_POINT('',(41.,-26.,0.));
#336 = DIRECTION('',(0.,0.,1.));
#337 = DIRECTION('',(1.,0.,-0.));
#338 = DEFINITIONAL_REPRESENTATION('',(#339),#343);
#339 = LINE('',#340,#341);
#340 = CARTESIAN_POINT('',(4.712388980385,8.));
#341 = VECTOR('',#342,1.);
#342 = DIRECTION('',(-1.,0.));
#343 = ( GEOMETRIC_REPRESENTATION_CONTEXT(2) 
PARAMETRIC_REPRESENTATION_CONTEXT() REPRESENTATION_CONTEXT('2D SPACE',''
  ) );
#344 = ORIENTED_EDGE('',*,*,#345,.T.);
#345 = EDGE_CURVE('',#313,#346,#348,.T.);
#346 = VERTEX_POINT('',#347);
#347 = CARTESIAN_POINT('',(45.,26.,8.));
#348 = SURFACE_CURVE('',#349,(#353,#360),.PCURVE_S1.);
#349 = LINE('',#350,#351);
#350 = CARTESIAN_POINT('',(45.,-30.,8.));
#351 = VECTOR('',#352,1.);
#352 = DIRECTION('',(0.,1.,0.));
#353 = PCURVE('',#162,#354);
#354 = DEFINITIONAL_REPRESENTATION('',(#355),#359);
#355 = LINE('',#356,#357);
#356 = CARTESIAN_POINT('',(90.,0.));
#357 = VECTOR('',#358,1.);
#358 = DIRECTION('',(0.,1.));
#359 = ( GEOMETRIC_REPRESENTATION_CONTEXT(2) 
PARAMETRIC_REPRESENTATION_CONTEXT() REPRESENTATION_CONTEXT('2D SPACE',''
  ) );
#360 = PCURVE('',#361,#366);
#361 = PLANE('',#362);
#362 = AXIS2_PLACEMENT_3D('',#363,#364,#365);
#363 = CARTESIAN_POINT('',(45.,-30.,0.));
#364 = DIRECTION('',(1.,0.,0.));
#365 = DIRECTION('',(0.,0.,1.));
#366 = DEFINITIONAL_REPRESENTATION('',(#367),#371);
#367 = LINE('',#368,#369);
#368 = CARTESIAN_POINT('',(8.,0.));
#369 = VECTOR('',#370,1.);
#370 = DIRECTION('',(0.,-1.));
#371 = ( GEOMETRIC_REPRESENTATION_CONTEXT(2) 
PARAMETRIC_REPRESENTATION_CONTEXT() REPRESENTATION_CONTEXT('2D SPACE',''
  ) );
#372 = ORIENTED_EDGE('',*,*,#373,.T.);
#373 = EDGE_CURVE('',#346,#374,#376,.T.);
#374 = VERTEX_POINT('',#375);
#375 = CARTESIAN_POINT('',(41.,30.,8.));
#376 = SURFACE_CURVE('',#377,(#382,#389),.PCURVE_S1.);
#377 = CIRCLE('',#378,4.);
#378 = AXIS2_PLACEMENT_3D('',#379,#380,#381);
#379 = CARTESIAN_POINT('',(41.,26.,8.));
#380 = DIRECTION('',(0.,0.,1.));
#381 = DIRECTION('',(0.,-1.,0.));
#382 = PCURVE('',#162,#383);
#383 = DEFINITIONAL_REPRESENTATION('',(#384),#388);
#384 = CIRCLE('',#385,4.);
#385 = AXIS2_PLACEMENT_2D('',#386,#387);
#386 = CARTESIAN_POINT('',(86.,56.));
#387 = DIRECTION('',(0.,-1.));
#388 = ( GEOMETRIC_REPRESENTATION_CONTEXT(2) 
PARAMETRIC_REPRESENTATION_CONTEXT() REPRESENTATION_CONTEXT('2D SPACE',''
  ) );
#389 = PCURVE('',#390,#395);
#390 = CYLINDRICAL_SURFACE('',#391,4.);
#391 = AXIS2_PLACEMENT_3D('',#392,#393,#394);
#392 = CARTESIAN_POINT('',(41.,26.,0.));
#393 = DIRECTION('',(0.,0.,1.));
#394 = DIRECTION('',(1.,0.,-0.));
#395 = DEFINITIONAL_REPRESENTATION('',(#396),#400);
#396 = LINE('',#397,#398);
#397 = CARTESIAN_POINT('',(-1.570796326795,8.));
#398 = VECTOR('',#399,1.);
#399 = DIRECTION('',(1.,0.));
#400 = ( GEOMETRIC_REPRESENTATION_CONTEXT(2) 
PARAMETRIC_REPRESENTATION_CONTEXT() REPRESENTATION_CONTEXT('2D SPACE',''
  ) );
#401 = ORIENTED_EDGE('',*,*,#402,.F.);
#402 = EDGE_CURVE('',#403,#374,#405,.T.);
#403 = VERTEX_POINT('',#404);
#404 = CARTESIAN_POINT('',(-41.,30.,8.));
#405 = SURFACE_CURVE('',#406,(#410,#417),.PCURVE_S1.);
#406 = LINE('',#407,#408);
#407 = CARTESIAN_POINT('',(-45.,30.,8.));
#408 = VECTOR('',#409,1.);
#409 = DIRECTION('',(1.,0.,0.));
#410 = PCURVE('',#162,#411);
#411 = DEFINITIONAL_REPRESENTATION('',(#412),#416);
#412 = LINE('',#413,#414);
#413 = CARTESIAN_POINT('',(0.,60.));
#414 = VECTOR('',#415,1.);
#415 = DIRECTION('',(1.,0.));
#416 = ( GEOMETRIC_REPRESENTATION_CONTEXT(2) 
PARAMETRIC_REPRESENTATION_CONTEXT() REPRESENTATION_CONTEXT('2D SPACE',''
  ) );
#417 = PCURVE('',#418,#423);
#418 = PLANE('',#419);
#419 = AXIS2_PLACEMENT_3D('',#420,#421,#422);
#420 = CARTESIAN_POINT('',(-45.,30.,0.));
#421 = DIRECTION('',(0.,1.,0.));
#422 = DIRECTION('',(0.,0.,1.));
#423 = DEFINITIONAL_REPRESENTATION('',(#424),#428);
#424 = LINE('',#425,#426);
#425 = CARTESIAN_POINT('',(8.,0.));
#426 = VECTOR('',#427,1.);
#427 = DIRECTION('',(0.,1.));
#428 = ( GEOMETRIC_REPRESENTATION_CONTEXT(2) 
PARAMETRIC_REPRESENTATION_CONTEXT() REPRESENTATION_CONTEXT('2D SPACE',''
  ) );
#429 = ORIENTED_EDGE('',*,*,#430,.F.);
#430 = EDGE_CURVE('',#142,#403,#431,.T.);
#431 = SURFACE_CURVE('',#432,(#437,#448),.PCURVE_S1.);
#432 = CIRCLE('',#433,4.);
#433 = AXIS2_PLACEMENT_3D('',#434,#435,#436);
#434 = CARTESIAN_POINT('',(-41.,26.,8.));
#435 = DIRECTION('',(-0.,-0.,-1.));
#436 = DIRECTION('',(0.,-1.,0.));
#437 = PCURVE('',#162,#438);
#438 = DEFINITIONAL_REPRESENTATION('',(#439),#447);
#439 = ( BOUNDED_CURVE() B_SPLINE_CURVE(2,(#440,#441,#442,#443,#444,#445
,#446),.UNSPECIFIED.,.T.,.F.) B_SPLINE_CURVE_WITH_KNOTS((1,2,2,2,2,1),(
    -2.094395102393,0.,2.094395102393,4.188790204786,6.28318530718,
8.377580409573),.UNSPECIFIED.) CURVE() GEOMETRIC_REPRESENTATION_ITEM() 
RATIONAL_B_SPLINE_CURVE((1.,0.5,1.,0.5,1.,0.5,1.)) REPRESENTATION_ITEM(
  '') );
#440 = CARTESIAN_POINT('',(4.,52.));
#441 = CARTESIAN_POINT('',(-2.928203230276,52.));
#442 = CARTESIAN_POINT('',(0.535898384862,58.));
#443 = CARTESIAN_POINT('',(4.,64.));
#444 = CARTESIAN_POINT('',(7.464101615138,58.));
#445 = CARTESIAN_POINT('',(10.928203230276,52.));
#446 = CARTESIAN_POINT('',(4.,52.));
#447 = ( GEOMETRIC_REPRESENTATION_CONTEXT(2) 
PARAMETRIC_REPRESENTATION_CONTEXT() REPRESENTATION_CONTEXT('2D SPACE',''
  ) );
#448 = PCURVE('',#244,#449);
#449 = DEFINITIONAL_REPRESENTATION('',(#450),#454);
#450 = LINE('',#451,#452);
#451 = CARTESIAN_POINT('',(1.570796326795,8.));
#452 = VECTOR('',#453,1.);
#453 = DIRECTION('',(-1.,0.));
#454 = ( GEOMETRIC_REPRESENTATION_CONTEXT(2) 
PARAMETRIC_REPRESENTATION_CONTEXT() REPRESENTATION_CONTEXT('2D SPACE',''
  ) );
#455 = FACE_BOUND('',#456,.T.);
#456 = EDGE_LOOP('',(#457,#487,#520,#548));
#457 = ORIENTED_EDGE('',*,*,#458,.F.);
#458 = EDGE_CURVE('',#459,#461,#463,.T.);
#459 = VERTEX_POINT('',#460);
#460 = CARTESIAN_POINT('',(-36.75,8.25,8.));
#461 = VERTEX_POINT('',#462);
#462 = CARTESIAN_POINT('',(-36.75,-8.25,8.));
#463 = SURFACE_CURVE('',#464,(#468,#475),.PCURVE_S1.);
#464 = LINE('',#465,#466);
#465 = CARTESIAN_POINT('',(-36.75,-19.125,8.));
#466 = VECTOR('',#467,1.);
#467 = DIRECTION('',(-1.110223024625E-16,-1.,0.));
#468 = PCURVE('',#162,#469);
#469 = DEFINITIONAL_REPRESENTATION('',(#470),#474);
#470 = LINE('',#471,#472);
#471 = CARTESIAN_POINT('',(8.25,10.875));
#472 = VECTOR('',#473,1.);
#473 = DIRECTION('',(-1.110223024625E-16,-1.));
#474 = ( GEOMETRIC_REPRESENTATION_CONTEXT(2) 
PARAMETRIC_REPRESENTATION_CONTEXT() REPRESENTATION_CONTEXT('2D SPACE',''
  ) );
#475 = PCURVE('',#476,#481);
#476 = PLANE('',#477);
#477 = AXIS2_PLACEMENT_3D('',#478,#479,#480);
#478 = CARTESIAN_POINT('',(-36.75,-8.25,0.));
#479 = DIRECTION('',(-1.,1.110223024625E-16,0.));
#480 = DIRECTION('',(1.110223024625E-16,1.,0.));
#481 = DEFINITIONAL_REPRESENTATION('',(#482),#486);
#482 = LINE('',#483,#484);
#483 = CARTESIAN_POINT('',(-10.875,-8.));
#484 = VECTOR('',#485,1.);
#485 = DIRECTION('',(-1.,-0.));
#486 = ( GEOMETRIC_REPRESENTATION_CONTEXT(2) 
PARAMETRIC_REPRESENTATION_CONTEXT() REPRESENTATION_CONTEXT('2D SPACE',''
  ) );
#487 = ORIENTED_EDGE('',*,*,#488,.T.);
#488 = EDGE_CURVE('',#459,#489,#491,.T.);
#489 = VERTEX_POINT('',#490);
#490 = CARTESIAN_POINT('',(-31.25,8.25,8.));
#491 = SURFACE_CURVE('',#492,(#497,#508),.PCURVE_S1.);
#492 = CIRCLE('',#493,2.75);
#493 = AXIS2_PLACEMENT_3D('',#494,#495,#496);
#494 = CARTESIAN_POINT('',(-34.,8.25,8.));
#495 = DIRECTION('',(0.,0.,-1.));
#496 = DIRECTION('',(-1.,1.110223024625E-16,0.));
#497 = PCURVE('',#162,#498);
#498 = DEFINITIONAL_REPRESENTATION('',(#499),#507);
#499 = ( BOUNDED_CURVE() B_SPLINE_CURVE(2,(#500,#501,#502,#503,#504,#505
,#506),.UNSPECIFIED.,.T.,.F.) B_SPLINE_CURVE_WITH_KNOTS((1,2,2,2,2,1),(
    -2.094395102393,0.,2.094395102393,4.188790204786,6.28318530718,
8.377580409573),.UNSPECIFIED.) CURVE() GEOMETRIC_REPRESENTATION_ITEM() 
RATIONAL_B_SPLINE_CURVE((1.,0.5,1.,0.5,1.,0.5,1.)) REPRESENTATION_ITEM(
  '') );
#500 = CARTESIAN_POINT('',(8.25,38.25));
#501 = CARTESIAN_POINT('',(8.25,43.013139720814));
#502 = CARTESIAN_POINT('',(12.375,40.631569860407));
#503 = CARTESIAN_POINT('',(16.5,38.25));
#504 = CARTESIAN_POINT('',(12.375,35.868430139593));
#505 = CARTESIAN_POINT('',(8.25,33.486860279186));
#506 = CARTESIAN_POINT('',(8.25,38.25));
#507 = ( GEOMETRIC_REPRESENTATION_CONTEXT(2) 
PARAMETRIC_REPRESENTATION_CONTEXT() REPRESENTATION_CONTEXT('2D SPACE',''
  ) );
#508 = PCURVE('',#509,#514);
#509 = CYLINDRICAL_SURFACE('',#510,2.75);
#510 = AXIS2_PLACEMENT_3D('',#511,#512,#513);
#511 = CARTESIAN_POINT('',(-34.,8.25,0.));
#512 = DIRECTION('',(0.,0.,-1.));
#513 = DIRECTION('',(-1.,1.110223024625E-16,0.));
#514 = DEFINITIONAL_REPRESENTATION('',(#515),#519);
#515 = LINE('',#516,#517);
#516 = CARTESIAN_POINT('',(0.,-8.));
#517 = VECTOR('',#518,1.);
#518 = DIRECTION('',(1.,0.));
#519 = ( GEOMETRIC_REPRESENTATION_CONTEXT(2) 
PARAMETRIC_REPRESENTATION_CONTEXT() REPRESENTATION_CONTEXT('2D SPACE',''
  ) );
#520 = ORIENTED_EDGE('',*,*,#521,.F.);
#521 = EDGE_CURVE('',#522,#489,#524,.T.);
#522 = VERTEX_POINT('',#523);
#523 = CARTESIAN_POINT('',(-31.25,-8.25,8.));
#524 = SURFACE_CURVE('',#525,(#529,#536),.PCURVE_S1.);
#525 = LINE('',#526,#527);
#526 = CARTESIAN_POINT('',(-31.25,-10.875,8.));
#527 = VECTOR('',#528,1.);
#528 = DIRECTION('',(1.110223024625E-16,1.,-0.));
#529 = PCURVE('',#162,#530);
#530 = DEFINITIONAL_REPRESENTATION('',(#531),#535);
#531 = LINE('',#532,#533);
#532 = CARTESIAN_POINT('',(13.75,19.125));
#533 = VECTOR('',#534,1.);
#534 = DIRECTION('',(1.110223024625E-16,1.));
#535 = ( GEOMETRIC_REPRESENTATION_CONTEXT(2) 
PARAMETRIC_REPRESENTATION_CONTEXT() REPRESENTATION_CONTEXT('2D SPACE',''
  ) );
#536 = PCURVE('',#537,#542);
#537 = PLANE('',#538);
#538 = AXIS2_PLACEMENT_3D('',#539,#540,#541);
#539 = CARTESIAN_POINT('',(-31.25,8.25,0.));
#540 = DIRECTION('',(1.,-1.110223024625E-16,0.));
#541 = DIRECTION('',(-1.110223024625E-16,-1.,0.));
#542 = DEFINITIONAL_REPRESENTATION('',(#543),#547);
#543 = LINE('',#544,#545);
#544 = CARTESIAN_POINT('',(19.125,-8.));
#545 = VECTOR('',#546,1.);
#546 = DIRECTION('',(-1.,0.));
#547 = ( GEOMETRIC_REPRESENTATION_CONTEXT(2) 
PARAMETRIC_REPRESENTATION_CONTEXT() REPRESENTATION_CONTEXT('2D SPACE',''
  ) );
#548 = ORIENTED_EDGE('',*,*,#549,.T.);
#549 = EDGE_CURVE('',#522,#461,#550,.T.);
#550 = SURFACE_CURVE('',#551,(#556,#567),.PCURVE_S1.);
#551 = CIRCLE('',#552,2.75);
#552 = AXIS2_PLACEMENT_3D('',#553,#554,#555);
#553 = CARTESIAN_POINT('',(-34.,-8.25,8.));
#554 = DIRECTION('',(0.,-0.,-1.));
#555 = DIRECTION('',(1.,-1.110223024625E-16,0.));
#556 = PCURVE('',#162,#557);
#557 = DEFINITIONAL_REPRESENTATION('',(#558),#566);
#558 = ( BOUNDED_CURVE() B_SPLINE_CURVE(2,(#559,#560,#561,#562,#563,#564
,#565),.UNSPECIFIED.,.T.,.F.) B_SPLINE_CURVE_WITH_KNOTS((1,2,2,2,2,1),(
    -2.094395102393,0.,2.094395102393,4.188790204786,6.28318530718,
8.377580409573),.UNSPECIFIED.) CURVE() GEOMETRIC_REPRESENTATION_ITEM() 
RATIONAL_B_SPLINE_CURVE((1.,0.5,1.,0.5,1.,0.5,1.)) REPRESENTATION_ITEM(
  '') );
#559 = CARTESIAN_POINT('',(13.75,21.75));
#560 = CARTESIAN_POINT('',(13.75,16.986860279186));
#561 = CARTESIAN_POINT('',(9.625,19.368430139593));
#562 = CARTESIAN_POINT('',(5.5,21.75));
#563 = CARTESIAN_POINT('',(9.625,24.131569860407));
#564 = CARTESIAN_POINT('',(13.75,26.513139720814));
#565 = CARTESIAN_POINT('',(13.75,21.75));
#566 = ( GEOMETRIC_REPRESENTATION_CONTEXT(2) 
PARAMETRIC_REPRESENTATION_CONTEXT() REPRESENTATION_CONTEXT('2D SPACE',''
  ) );
#567 = PCURVE('',#568,#573);
#568 = CYLINDRICAL_SURFACE('',#569,2.75);
#569 = AXIS2_PLACEMENT_3D('',#570,#571,#572);
#570 = CARTESIAN_POINT('',(-34.,-8.25,0.));
#571 = DIRECTION('',(0.,-0.,-1.));
#572 = DIRECTION('',(1.,-1.110223024625E-16,0.));
#573 = DEFINITIONAL_REPRESENTATION('',(#574),#578);
#574 = LINE('',#575,#576);
#575 = CARTESIAN_POINT('',(0.,-8.));
#576 = VECTOR('',#577,1.);
#577 = DIRECTION('',(1.,0.));
#578 = ( GEOMETRIC_REPRESENTATION_CONTEXT(2) 
PARAMETRIC_REPRESENTATION_CONTEXT() REPRESENTATION_CONTEXT('2D SPACE',''
  ) );
#579 = FACE_BOUND('',#580,.T.);
#580 = EDGE_LOOP('',(#581,#611,#639,#667,#695,#723,#746,#774,#802,#830,
    #853,#881,#909,#937,#965,#993,#1016,#1044,#1072,#1100));
#581 = ORIENTED_EDGE('',*,*,#582,.F.);
#582 = EDGE_CURVE('',#583,#585,#587,.T.);
#583 = VERTEX_POINT('',#584);
#584 = CARTESIAN_POINT('',(24.,-6.,8.));
#585 = VERTEX_POINT('',#586);
#586 = CARTESIAN_POINT('',(24.,6.,8.));
#587 = SURFACE_CURVE('',#588,(#592,#599),.PCURVE_S1.);
#588 = LINE('',#589,#590);
#589 = CARTESIAN_POINT('',(24.,-18.,8.));
#590 = VECTOR('',#591,1.);
#591 = DIRECTION('',(0.,1.,0.));
#592 = PCURVE('',#162,#593);
#593 = DEFINITIONAL_REPRESENTATION('',(#594),#598);
#594 = LINE('',#595,#596);
#595 = CARTESIAN_POINT('',(69.,12.));
#596 = VECTOR('',#597,1.);
#597 = DIRECTION('',(0.,1.));
#598 = ( GEOMETRIC_REPRESENTATION_CONTEXT(2) 
PARAMETRIC_REPRESENTATION_CONTEXT() REPRESENTATION_CONTEXT('2D SPACE',''
  ) );
#599 = PCURVE('',#600,#605);
#600 = PLANE('',#601);
#601 = AXIS2_PLACEMENT_3D('',#602,#603,#604);
#602 = CARTESIAN_POINT('',(24.,-6.,0.));
#603 = DIRECTION('',(1.,0.,0.));
#604 = DIRECTION('',(0.,0.,1.));
#605 = DEFINITIONAL_REPRESENTATION('',(#606),#610);
#606 = LINE('',#607,#608);
#607 = CARTESIAN_POINT('',(8.,12.));
#608 = VECTOR('',#609,1.);
#609 = DIRECTION('',(0.,-1.));
#610 = ( GEOMETRIC_REPRESENTATION_CONTEXT(2) 
PARAMETRIC_REPRESENTATION_CONTEXT() REPRESENTATION_CONTEXT('2D SPACE',''
  ) );
#611 = ORIENTED_EDGE('',*,*,#612,.T.);
#612 = EDGE_CURVE('',#583,#613,#615,.T.);
#613 = VERTEX_POINT('',#614);
#614 = CARTESIAN_POINT('',(21.,-6.,8.));
#615 = SURFACE_CURVE('',#616,(#620,#627),.PCURVE_S1.);
#616 = LINE('',#617,#618);
#617 = CARTESIAN_POINT('',(-34.5,-6.,8.));
#618 = VECTOR('',#619,1.);
#619 = DIRECTION('',(-1.,0.,0.));
#620 = PCURVE('',#162,#621);
#621 = DEFINITIONAL_REPRESENTATION('',(#622),#626);
#622 = LINE('',#623,#624);
#623 = CARTESIAN_POINT('',(10.5,24.));
#624 = VECTOR('',#625,1.);
#625 = DIRECTION('',(-1.,0.));
#626 = ( GEOMETRIC_REPRESENTATION_CONTEXT(2) 
PARAMETRIC_REPRESENTATION_CONTEXT() REPRESENTATION_CONTEXT('2D SPACE',''
  ) );
#627 = PCURVE('',#628,#633);
#628 = PLANE('',#629);
#629 = AXIS2_PLACEMENT_3D('',#630,#631,#632);
#630 = CARTESIAN_POINT('',(-24.,-6.,0.));
#631 = DIRECTION('',(0.,1.,0.));
#632 = DIRECTION('',(0.,0.,1.));
#633 = DEFINITIONAL_REPRESENTATION('',(#634),#638);
#634 = LINE('',#635,#636);
#635 = CARTESIAN_POINT('',(8.,-10.5));
#636 = VECTOR('',#637,1.);
#637 = DIRECTION('',(0.,-1.));
#638 = ( GEOMETRIC_REPRESENTATION_CONTEXT(2) 
PARAMETRIC_REPRESENTATION_CONTEXT() REPRESENTATION_CONTEXT('2D SPACE',''
  ) );
#639 = ORIENTED_EDGE('',*,*,#640,.T.);
#640 = EDGE_CURVE('',#613,#641,#643,.T.);
#641 = VERTEX_POINT('',#642);
#642 = CARTESIAN_POINT('',(21.,-28.,8.));
#643 = SURFACE_CURVE('',#644,(#648,#655),.PCURVE_S1.);
#644 = LINE('',#645,#646);
#645 = CARTESIAN_POINT('',(21.,-6.,8.));
#646 = VECTOR('',#647,1.);
#647 = DIRECTION('',(0.,-1.,0.));
#648 = PCURVE('',#162,#649);
#649 = DEFINITIONAL_REPRESENTATION('',(#650),#654);
#650 = LINE('',#651,#652);
#651 = CARTESIAN_POINT('',(66.,24.));
#652 = VECTOR('',#653,1.);
#653 = DIRECTION('',(0.,-1.));
#654 = ( GEOMETRIC_REPRESENTATION_CONTEXT(2) 
PARAMETRIC_REPRESENTATION_CONTEXT() REPRESENTATION_CONTEXT('2D SPACE',''
  ) );
#655 = PCURVE('',#656,#661);
#656 = PLANE('',#657);
#657 = AXIS2_PLACEMENT_3D('',#658,#659,#660);
#658 = CARTESIAN_POINT('',(21.,-12.37987521226,36.879875212264));
#659 = DIRECTION('',(-1.,-0.,-0.));
#660 = DIRECTION('',(0.,0.,-1.));
#661 = DEFINITIONAL_REPRESENTATION('',(#662),#666);
#662 = LINE('',#663,#664);
#663 = CARTESIAN_POINT('',(28.879875212264,-6.379875212264));
#664 = VECTOR('',#665,1.);
#665 = DIRECTION('',(0.,1.));
#666 = ( GEOMETRIC_REPRESENTATION_CONTEXT(2) 
PARAMETRIC_REPRESENTATION_CONTEXT() REPRESENTATION_CONTEXT('2D SPACE',''
  ) );
#667 = ORIENTED_EDGE('',*,*,#668,.F.);
#668 = EDGE_CURVE('',#669,#641,#671,.T.);
#669 = VERTEX_POINT('',#670);
#670 = CARTESIAN_POINT('',(15.,-28.,8.));
#671 = SURFACE_CURVE('',#672,(#676,#683),.PCURVE_S1.);
#672 = LINE('',#673,#674);
#673 = CARTESIAN_POINT('',(15.,-28.,8.));
#674 = VECTOR('',#675,1.);
#675 = DIRECTION('',(1.,0.,0.));
#676 = PCURVE('',#162,#677);
#677 = DEFINITIONAL_REPRESENTATION('',(#678),#682);
#678 = LINE('',#679,#680);
#679 = CARTESIAN_POINT('',(60.,2.));
#680 = VECTOR('',#681,1.);
#681 = DIRECTION('',(1.,0.));
#682 = ( GEOMETRIC_REPRESENTATION_CONTEXT(2) 
PARAMETRIC_REPRESENTATION_CONTEXT() REPRESENTATION_CONTEXT('2D SPACE',''
  ) );
#683 = PCURVE('',#684,#689);
#684 = PLANE('',#685);
#685 = AXIS2_PLACEMENT_3D('',#686,#687,#688);
#686 = CARTESIAN_POINT('',(15.,-28.,8.));
#687 = DIRECTION('',(0.,-0.950091807136,0.311970444134));
#688 = DIRECTION('',(0.,0.311970444134,0.950091807136));
#689 = DEFINITIONAL_REPRESENTATION('',(#690),#694);
#690 = LINE('',#691,#692);
#691 = CARTESIAN_POINT('',(0.,0.));
#692 = VECTOR('',#693,1.);
#693 = DIRECTION('',(0.,-1.));
#694 = ( GEOMETRIC_REPRESENTATION_CONTEXT(2) 
PARAMETRIC_REPRESENTATION_CONTEXT() REPRESENTATION_CONTEXT('2D SPACE',''
  ) );
#695 = ORIENTED_EDGE('',*,*,#696,.F.);
#696 = EDGE_CURVE('',#697,#669,#699,.T.);
#697 = VERTEX_POINT('',#698);
#698 = CARTESIAN_POINT('',(15.,-6.,8.));
#699 = SURFACE_CURVE('',#700,(#704,#711),.PCURVE_S1.);
#700 = LINE('',#701,#702);
#701 = CARTESIAN_POINT('',(15.,-6.,8.));
#702 = VECTOR('',#703,1.);
#703 = DIRECTION('',(0.,-1.,0.));
#704 = PCURVE('',#162,#705);
#705 = DEFINITIONAL_REPRESENTATION('',(#706),#710);
#706 = LINE('',#707,#708);
#707 = CARTESIAN_POINT('',(60.,24.));
#708 = VECTOR('',#709,1.);
#709 = DIRECTION('',(0.,-1.));
#710 = ( GEOMETRIC_REPRESENTATION_CONTEXT(2) 
PARAMETRIC_REPRESENTATION_CONTEXT() REPRESENTATION_CONTEXT('2D SPACE',''
  ) );
#711 = PCURVE('',#712,#717);
#712 = PLANE('',#713);
#713 = AXIS2_PLACEMENT_3D('',#714,#715,#716);
#714 = CARTESIAN_POINT('',(15.,-12.37987521226,36.879875212264));
#715 = DIRECTION('',(-1.,-0.,-0.));
#716 = DIRECTION('',(0.,0.,-1.));
#717 = DEFINITIONAL_REPRESENTATION('',(#718),#722);
#718 = LINE('',#719,#720);
#719 = CARTESIAN_POINT('',(28.879875212264,-6.379875212264));
#720 = VECTOR('',#721,1.);
#721 = DIRECTION('',(0.,1.));
#722 = ( GEOMETRIC_REPRESENTATION_CONTEXT(2) 
PARAMETRIC_REPRESENTATION_CONTEXT() REPRESENTATION_CONTEXT('2D SPACE',''
  ) );
#723 = ORIENTED_EDGE('',*,*,#724,.T.);
#724 = EDGE_CURVE('',#697,#725,#727,.T.);
#725 = VERTEX_POINT('',#726);
#726 = CARTESIAN_POINT('',(-15.,-6.,8.));
#727 = SURFACE_CURVE('',#728,(#732,#739),.PCURVE_S1.);
#728 = LINE('',#729,#730);
#729 = CARTESIAN_POINT('',(-34.5,-6.,8.));
#730 = VECTOR('',#731,1.);
#731 = DIRECTION('',(-1.,0.,0.));
#732 = PCURVE('',#162,#733);
#733 = DEFINITIONAL_REPRESENTATION('',(#734),#738);
#734 = LINE('',#735,#736);
#735 = CARTESIAN_POINT('',(10.5,24.));
#736 = VECTOR('',#737,1.);
#737 = DIRECTION('',(-1.,0.));
#738 = ( GEOMETRIC_REPRESENTATION_CONTEXT(2) 
PARAMETRIC_REPRESENTATION_CONTEXT() REPRESENTATION_CONTEXT('2D SPACE',''
  ) );
#739 = PCURVE('',#628,#740);
#740 = DEFINITIONAL_REPRESENTATION('',(#741),#745);
#741 = LINE('',#742,#743);
#742 = CARTESIAN_POINT('',(8.,-10.5));
#743 = VECTOR('',#744,1.);
#744 = DIRECTION('',(0.,-1.));
#745 = ( GEOMETRIC_REPRESENTATION_CONTEXT(2) 
PARAMETRIC_REPRESENTATION_CONTEXT() REPRESENTATION_CONTEXT('2D SPACE',''
  ) );
#746 = ORIENTED_EDGE('',*,*,#747,.T.);
#747 = EDGE_CURVE('',#725,#748,#750,.T.);
#748 = VERTEX_POINT('',#749);
#749 = CARTESIAN_POINT('',(-15.,-28.,8.));
#750 = SURFACE_CURVE('',#751,(#755,#762),.PCURVE_S1.);
#751 = LINE('',#752,#753);
#752 = CARTESIAN_POINT('',(-15.,-6.,8.));
#753 = VECTOR('',#754,1.);
#754 = DIRECTION('',(0.,-1.,0.));
#755 = PCURVE('',#162,#756);
#756 = DEFINITIONAL_REPRESENTATION('',(#757),#761);
#757 = LINE('',#758,#759);
#758 = CARTESIAN_POINT('',(30.,24.));
#759 = VECTOR('',#760,1.);
#760 = DIRECTION('',(0.,-1.));
#761 = ( GEOMETRIC_REPRESENTATION_CONTEXT(2) 
PARAMETRIC_REPRESENTATION_CONTEXT() REPRESENTATION_CONTEXT('2D SPACE',''
  ) );
#762 = PCURVE('',#763,#768);
#763 = PLANE('',#764);
#764 = AXIS2_PLACEMENT_3D('',#765,#766,#767);
#765 = CARTESIAN_POINT('',(-15.,-12.37987521226,36.879875212264));
#766 = DIRECTION('',(-1.,-0.,-0.));
#767 = DIRECTION('',(0.,0.,-1.));
#768 = DEFINITIONAL_REPRESENTATION('',(#769),#773);
#769 = LINE('',#770,#771);
#770 = CARTESIAN_POINT('',(28.879875212264,-6.379875212264));
#771 = VECTOR('',#772,1.);
#772 = DIRECTION('',(0.,1.));
#773 = ( GEOMETRIC_REPRESENTATION_CONTEXT(2) 
PARAMETRIC_REPRESENTATION_CONTEXT() REPRESENTATION_CONTEXT('2D SPACE',''
  ) );
#774 = ORIENTED_EDGE('',*,*,#775,.F.);
#775 = EDGE_CURVE('',#776,#748,#778,.T.);
#776 = VERTEX_POINT('',#777);
#777 = CARTESIAN_POINT('',(-21.,-28.,8.));
#778 = SURFACE_CURVE('',#779,(#783,#790),.PCURVE_S1.);
#779 = LINE('',#780,#781);
#780 = CARTESIAN_POINT('',(-21.,-28.,8.));
#781 = VECTOR('',#782,1.);
#782 = DIRECTION('',(1.,0.,0.));
#783 = PCURVE('',#162,#784);
#784 = DEFINITIONAL_REPRESENTATION('',(#785),#789);
#785 = LINE('',#786,#787);
#786 = CARTESIAN_POINT('',(24.,2.));
#787 = VECTOR('',#788,1.);
#788 = DIRECTION('',(1.,0.));
#789 = ( GEOMETRIC_REPRESENTATION_CONTEXT(2) 
PARAMETRIC_REPRESENTATION_CONTEXT() REPRESENTATION_CONTEXT('2D SPACE',''
  ) );
#790 = PCURVE('',#791,#796);
#791 = PLANE('',#792);
#792 = AXIS2_PLACEMENT_3D('',#793,#794,#795);
#793 = CARTESIAN_POINT('',(-21.,-28.,8.));
#794 = DIRECTION('',(0.,-0.950091807136,0.311970444134));
#795 = DIRECTION('',(0.,0.311970444134,0.950091807136));
#796 = DEFINITIONAL_REPRESENTATION('',(#797),#801);
#797 = LINE('',#798,#799);
#798 = CARTESIAN_POINT('',(0.,0.));
#799 = VECTOR('',#800,1.);
#800 = DIRECTION('',(0.,-1.));
#801 = ( GEOMETRIC_REPRESENTATION_CONTEXT(2) 
PARAMETRIC_REPRESENTATION_CONTEXT() REPRESENTATION_CONTEXT('2D SPACE',''
  ) );
#802 = ORIENTED_EDGE('',*,*,#803,.F.);
#803 = EDGE_CURVE('',#804,#776,#806,.T.);
#804 = VERTEX_POINT('',#805);
#805 = CARTESIAN_POINT('',(-21.,-6.,8.));
#806 = SURFACE_CURVE('',#807,(#811,#818),.PCURVE_S1.);
#807 = LINE('',#808,#809);
#808 = CARTESIAN_POINT('',(-21.,-6.,8.));
#809 = VECTOR('',#810,1.);
#810 = DIRECTION('',(0.,-1.,0.));
#811 = PCURVE('',#162,#812);
#812 = DEFINITIONAL_REPRESENTATION('',(#813),#817);
#813 = LINE('',#814,#815);
#814 = CARTESIAN_POINT('',(24.,24.));
#815 = VECTOR('',#816,1.);
#816 = DIRECTION('',(0.,-1.));
#817 = ( GEOMETRIC_REPRESENTATION_CONTEXT(2) 
PARAMETRIC_REPRESENTATION_CONTEXT() REPRESENTATION_CONTEXT('2D SPACE',''
  ) );
#818 = PCURVE('',#819,#824);
#819 = PLANE('',#820);
#820 = AXIS2_PLACEMENT_3D('',#821,#822,#823);
#821 = CARTESIAN_POINT('',(-21.,-12.37987521226,36.879875212264));
#822 = DIRECTION('',(-1.,-0.,-0.));
#823 = DIRECTION('',(0.,0.,-1.));
#824 = DEFINITIONAL_REPRESENTATION('',(#825),#829);
#825 = LINE('',#826,#827);
#826 = CARTESIAN_POINT('',(28.879875212264,-6.379875212264));
#827 = VECTOR('',#828,1.);
#828 = DIRECTION('',(0.,1.));
#829 = ( GEOMETRIC_REPRESENTATION_CONTEXT(2) 
PARAMETRIC_REPRESENTATION_CONTEXT() REPRESENTATION_CONTEXT('2D SPACE',''
  ) );
#830 = ORIENTED_EDGE('',*,*,#831,.T.);
#831 = EDGE_CURVE('',#804,#832,#834,.T.);
#832 = VERTEX_POINT('',#833);
#833 = CARTESIAN_POINT('',(-24.,-6.,8.));
#834 = SURFACE_CURVE('',#835,(#839,#846),.PCURVE_S1.);
#835 = LINE('',#836,#837);
#836 = CARTESIAN_POINT('',(-34.5,-6.,8.));
#837 = VECTOR('',#838,1.);
#838 = DIRECTION('',(-1.,0.,0.));
#839 = PCURVE('',#162,#840);
#840 = DEFINITIONAL_REPRESENTATION('',(#841),#845);
#841 = LINE('',#842,#843);
#842 = CARTESIAN_POINT('',(10.5,24.));
#843 = VECTOR('',#844,1.);
#844 = DIRECTION('',(-1.,0.));
#845 = ( GEOMETRIC_REPRESENTATION_CONTEXT(2) 
PARAMETRIC_REPRESENTATION_CONTEXT() REPRESENTATION_CONTEXT('2D SPACE',''
  ) );
#846 = PCURVE('',#628,#847);
#847 = DEFINITIONAL_REPRESENTATION('',(#848),#852);
#848 = LINE('',#849,#850);
#849 = CARTESIAN_POINT('',(8.,-10.5));
#850 = VECTOR('',#851,1.);
#851 = DIRECTION('',(0.,-1.));
#852 = ( GEOMETRIC_REPRESENTATION_CONTEXT(2) 
PARAMETRIC_REPRESENTATION_CONTEXT() REPRESENTATION_CONTEXT('2D SPACE',''
  ) );
#853 = ORIENTED_EDGE('',*,*,#854,.T.);
#854 = EDGE_CURVE('',#832,#855,#857,.T.);
#855 = VERTEX_POINT('',#856);
#856 = CARTESIAN_POINT('',(-24.,6.,8.));
#857 = SURFACE_CURVE('',#858,(#862,#869),.PCURVE_S1.);
#858 = LINE('',#859,#860);
#859 = CARTESIAN_POINT('',(-24.,-18.,8.));
#860 = VECTOR('',#861,1.);
#861 = DIRECTION('',(0.,1.,0.));
#862 = PCURVE('',#162,#863);
#863 = DEFINITIONAL_REPRESENTATION('',(#864),#868);
#864 = LINE('',#865,#866);
#865 = CARTESIAN_POINT('',(21.,12.));
#866 = VECTOR('',#867,1.);
#867 = DIRECTION('',(0.,1.));
#868 = ( GEOMETRIC_REPRESENTATION_CONTEXT(2) 
PARAMETRIC_REPRESENTATION_CONTEXT() REPRESENTATION_CONTEXT('2D SPACE',''
  ) );
#869 = PCURVE('',#870,#875);
#870 = PLANE('',#871);
#871 = AXIS2_PLACEMENT_3D('',#872,#873,#874);
#872 = CARTESIAN_POINT('',(-24.,-6.,0.));
#873 = DIRECTION('',(1.,0.,0.));
#874 = DIRECTION('',(0.,0.,1.));
#875 = DEFINITIONAL_REPRESENTATION('',(#876),#880);
#876 = LINE('',#877,#878);
#877 = CARTESIAN_POINT('',(8.,12.));
#878 = VECTOR('',#879,1.);
#879 = DIRECTION('',(0.,-1.));
#880 = ( GEOMETRIC_REPRESENTATION_CONTEXT(2) 
PARAMETRIC_REPRESENTATION_CONTEXT() REPRESENTATION_CONTEXT('2D SPACE',''
  ) );
#881 = ORIENTED_EDGE('',*,*,#882,.F.);
#882 = EDGE_CURVE('',#883,#855,#885,.T.);
#883 = VERTEX_POINT('',#884);
#884 = CARTESIAN_POINT('',(-21.,6.,8.));
#885 = SURFACE_CURVE('',#886,(#890,#897),.PCURVE_S1.);
#886 = LINE('',#887,#888);
#887 = CARTESIAN_POINT('',(-34.5,6.,8.));
#888 = VECTOR('',#889,1.);
#889 = DIRECTION('',(-1.,0.,0.));
#890 = PCURVE('',#162,#891);
#891 = DEFINITIONAL_REPRESENTATION('',(#892),#896);
#892 = LINE('',#893,#894);
#893 = CARTESIAN_POINT('',(10.5,36.));
#894 = VECTOR('',#895,1.);
#895 = DIRECTION('',(-1.,0.));
#896 = ( GEOMETRIC_REPRESENTATION_CONTEXT(2) 
PARAMETRIC_REPRESENTATION_CONTEXT() REPRESENTATION_CONTEXT('2D SPACE',''
  ) );
#897 = PCURVE('',#898,#903);
#898 = PLANE('',#899);
#899 = AXIS2_PLACEMENT_3D('',#900,#901,#902);
#900 = CARTESIAN_POINT('',(-24.,6.,0.));
#901 = DIRECTION('',(0.,1.,0.));
#902 = DIRECTION('',(0.,0.,1.));
#903 = DEFINITIONAL_REPRESENTATION('',(#904),#908);
#904 = LINE('',#905,#906);
#905 = CARTESIAN_POINT('',(8.,-10.5));
#906 = VECTOR('',#907,1.);
#907 = DIRECTION('',(0.,-1.));
#908 = ( GEOMETRIC_REPRESENTATION_CONTEXT(2) 
PARAMETRIC_REPRESENTATION_CONTEXT() REPRESENTATION_CONTEXT('2D SPACE',''
  ) );
#909 = ORIENTED_EDGE('',*,*,#910,.T.);
#910 = EDGE_CURVE('',#883,#911,#913,.T.);
#911 = VERTEX_POINT('',#912);
#912 = CARTESIAN_POINT('',(-21.,28.,8.));
#913 = SURFACE_CURVE('',#914,(#918,#925),.PCURVE_S1.);
#914 = LINE('',#915,#916);
#915 = CARTESIAN_POINT('',(-21.,6.,8.));
#916 = VECTOR('',#917,1.);
#917 = DIRECTION('',(0.,1.,0.));
#918 = PCURVE('',#162,#919);
#919 = DEFINITIONAL_REPRESENTATION('',(#920),#924);
#920 = LINE('',#921,#922);
#921 = CARTESIAN_POINT('',(24.,36.));
#922 = VECTOR('',#923,1.);
#923 = DIRECTION('',(0.,1.));
#924 = ( GEOMETRIC_REPRESENTATION_CONTEXT(2) 
PARAMETRIC_REPRESENTATION_CONTEXT() REPRESENTATION_CONTEXT('2D SPACE',''
  ) );
#925 = PCURVE('',#926,#931);
#926 = PLANE('',#927);
#927 = AXIS2_PLACEMENT_3D('',#928,#929,#930);
#928 = CARTESIAN_POINT('',(-21.,12.379875212264,36.879875212264));
#929 = DIRECTION('',(1.,0.,0.));
#930 = DIRECTION('',(-0.,0.,1.));
#931 = DEFINITIONAL_REPRESENTATION('',(#932),#936);
#932 = LINE('',#933,#934);
#933 = CARTESIAN_POINT('',(-28.87987521226,6.379875212264));
#934 = VECTOR('',#935,1.);
#935 = DIRECTION('',(0.,-1.));
#936 = ( GEOMETRIC_REPRESENTATION_CONTEXT(2) 
PARAMETRIC_REPRESENTATION_CONTEXT() REPRESENTATION_CONTEXT('2D SPACE',''
  ) );
#937 = ORIENTED_EDGE('',*,*,#938,.T.);
#938 = EDGE_CURVE('',#911,#939,#941,.T.);
#939 = VERTEX_POINT('',#940);
#940 = CARTESIAN_POINT('',(-15.,28.,8.));
#941 = SURFACE_CURVE('',#942,(#946,#953),.PCURVE_S1.);
#942 = LINE('',#943,#944);
#943 = CARTESIAN_POINT('',(-21.,28.,8.));
#944 = VECTOR('',#945,1.);
#945 = DIRECTION('',(1.,0.,0.));
#946 = PCURVE('',#162,#947);
#947 = DEFINITIONAL_REPRESENTATION('',(#948),#952);
#948 = LINE('',#949,#950);
#949 = CARTESIAN_POINT('',(24.,58.));
#950 = VECTOR('',#951,1.);
#951 = DIRECTION('',(1.,0.));
#952 = ( GEOMETRIC_REPRESENTATION_CONTEXT(2) 
PARAMETRIC_REPRESENTATION_CONTEXT() REPRESENTATION_CONTEXT('2D SPACE',''
  ) );
#953 = PCURVE('',#954,#959);
#954 = PLANE('',#955);
#955 = AXIS2_PLACEMENT_3D('',#956,#957,#958);
#956 = CARTESIAN_POINT('',(-21.,28.,8.));
#957 = DIRECTION('',(0.,-0.950091807136,-0.311970444134));
#958 = DIRECTION('',(0.,-0.311970444134,0.950091807136));
#959 = DEFINITIONAL_REPRESENTATION('',(#960),#964);
#960 = LINE('',#961,#962);
#961 = CARTESIAN_POINT('',(0.,0.));
#962 = VECTOR('',#963,1.);
#963 = DIRECTION('',(0.,-1.));
#964 = ( GEOMETRIC_REPRESENTATION_CONTEXT(2) 
PARAMETRIC_REPRESENTATION_CONTEXT() REPRESENTATION_CONTEXT('2D SPACE',''
  ) );
#965 = ORIENTED_EDGE('',*,*,#966,.F.);
#966 = EDGE_CURVE('',#967,#939,#969,.T.);
#967 = VERTEX_POINT('',#968);
#968 = CARTESIAN_POINT('',(-15.,6.,8.));
#969 = SURFACE_CURVE('',#970,(#974,#981),.PCURVE_S1.);
#970 = LINE('',#971,#972);
#971 = CARTESIAN_POINT('',(-15.,6.,8.));
#972 = VECTOR('',#973,1.);
#973 = DIRECTION('',(0.,1.,0.));
#974 = PCURVE('',#162,#975);
#975 = DEFINITIONAL_REPRESENTATION('',(#976),#980);
#976 = LINE('',#977,#978);
#977 = CARTESIAN_POINT('',(30.,36.));
#978 = VECTOR('',#979,1.);
#979 = DIRECTION('',(0.,1.));
#980 = ( GEOMETRIC_REPRESENTATION_CONTEXT(2) 
PARAMETRIC_REPRESENTATION_CONTEXT() REPRESENTATION_CONTEXT('2D SPACE',''
  ) );
#981 = PCURVE('',#982,#987);
#982 = PLANE('',#983);
#983 = AXIS2_PLACEMENT_3D('',#984,#985,#986);
#984 = CARTESIAN_POINT('',(-15.,12.379875212264,36.879875212264));
#985 = DIRECTION('',(1.,0.,0.));
#986 = DIRECTION('',(-0.,0.,1.));
#987 = DEFINITIONAL_REPRESENTATION('',(#988),#992);
#988 = LINE('',#989,#990);
#989 = CARTESIAN_POINT('',(-28.87987521226,6.379875212264));
#990 = VECTOR('',#991,1.);
#991 = DIRECTION('',(0.,-1.));
#992 = ( GEOMETRIC_REPRESENTATION_CONTEXT(2) 
PARAMETRIC_REPRESENTATION_CONTEXT() REPRESENTATION_CONTEXT('2D SPACE',''
  ) );
#993 = ORIENTED_EDGE('',*,*,#994,.F.);
#994 = EDGE_CURVE('',#995,#967,#997,.T.);
#995 = VERTEX_POINT('',#996);
#996 = CARTESIAN_POINT('',(15.,6.,8.));
#997 = SURFACE_CURVE('',#998,(#1002,#1009),.PCURVE_S1.);
#998 = LINE('',#999,#1000);
#999 = CARTESIAN_POINT('',(-34.5,6.,8.));
#1000 = VECTOR('',#1001,1.);
#1001 = DIRECTION('',(-1.,0.,0.));
#1002 = PCURVE('',#162,#1003);
#1003 = DEFINITIONAL_REPRESENTATION('',(#1004),#1008);
#1004 = LINE('',#1005,#1006);
#1005 = CARTESIAN_POINT('',(10.5,36.));
#1006 = VECTOR('',#1007,1.);
#1007 = DIRECTION('',(-1.,0.));
#1008 = ( GEOMETRIC_REPRESENTATION_CONTEXT(2) 
PARAMETRIC_REPRESENTATION_CONTEXT() REPRESENTATION_CONTEXT('2D SPACE',''
  ) );
#1009 = PCURVE('',#898,#1010);
#1010 = DEFINITIONAL_REPRESENTATION('',(#1011),#1015);
#1011 = LINE('',#1012,#1013);
#1012 = CARTESIAN_POINT('',(8.,-10.5));
#1013 = VECTOR('',#1014,1.);
#1014 = DIRECTION('',(0.,-1.));
#1015 = ( GEOMETRIC_REPRESENTATION_CONTEXT(2) 
PARAMETRIC_REPRESENTATION_CONTEXT() REPRESENTATION_CONTEXT('2D SPACE',''
  ) );
#1016 = ORIENTED_EDGE('',*,*,#1017,.T.);
#1017 = EDGE_CURVE('',#995,#1018,#1020,.T.);
#1018 = VERTEX_POINT('',#1019);
#1019 = CARTESIAN_POINT('',(15.,28.,8.));
#1020 = SURFACE_CURVE('',#1021,(#1025,#1032),.PCURVE_S1.);
#1021 = LINE('',#1022,#1023);
#1022 = CARTESIAN_POINT('',(15.,6.,8.));
#1023 = VECTOR('',#1024,1.);
#1024 = DIRECTION('',(0.,1.,0.));
#1025 = PCURVE('',#162,#1026);
#1026 = DEFINITIONAL_REPRESENTATION('',(#1027),#1031);
#1027 = LINE('',#1028,#1029);
#1028 = CARTESIAN_POINT('',(60.,36.));
#1029 = VECTOR('',#1030,1.);
#1030 = DIRECTION('',(0.,1.));
#1031 = ( GEOMETRIC_REPRESENTATION_CONTEXT(2) 
PARAMETRIC_REPRESENTATION_CONTEXT() REPRESENTATION_CONTEXT('2D SPACE',''
  ) );
#1032 = PCURVE('',#1033,#1038);
#1033 = PLANE('',#1034);
#1034 = AXIS2_PLACEMENT_3D('',#1035,#1036,#1037);
#1035 = CARTESIAN_POINT('',(15.,12.379875212264,36.879875212264));
#1036 = DIRECTION('',(1.,0.,0.));
#1037 = DIRECTION('',(-0.,0.,1.));
#1038 = DEFINITIONAL_REPRESENTATION('',(#1039),#1043);
#1039 = LINE('',#1040,#1041);
#1040 = CARTESIAN_POINT('',(-28.87987521226,6.379875212264));
#1041 = VECTOR('',#1042,1.);
#1042 = DIRECTION('',(0.,-1.));
#1043 = ( GEOMETRIC_REPRESENTATION_CONTEXT(2) 
PARAMETRIC_REPRESENTATION_CONTEXT() REPRESENTATION_CONTEXT('2D SPACE',''
  ) );
#1044 = ORIENTED_EDGE('',*,*,#1045,.T.);
#1045 = EDGE_CURVE('',#1018,#1046,#1048,.T.);
#1046 = VERTEX_POINT('',#1047);
#1047 = CARTESIAN_POINT('',(21.,28.,8.));
#1048 = SURFACE_CURVE('',#1049,(#1053,#1060),.PCURVE_S1.);
#1049 = LINE('',#1050,#1051);
#1050 = CARTESIAN_POINT('',(15.,28.,8.));
#1051 = VECTOR('',#1052,1.);
#1052 = DIRECTION('',(1.,0.,0.));
#1053 = PCURVE('',#162,#1054);
#1054 = DEFINITIONAL_REPRESENTATION('',(#1055),#1059);
#1055 = LINE('',#1056,#1057);
#1056 = CARTESIAN_POINT('',(60.,58.));
#1057 = VECTOR('',#1058,1.);
#1058 = DIRECTION('',(1.,0.));
#1059 = ( GEOMETRIC_REPRESENTATION_CONTEXT(2) 
PARAMETRIC_REPRESENTATION_CONTEXT() REPRESENTATION_CONTEXT('2D SPACE',''
  ) );
#1060 = PCURVE('',#1061,#1066);
#1061 = PLANE('',#1062);
#1062 = AXIS2_PLACEMENT_3D('',#1063,#1064,#1065);
#1063 = CARTESIAN_POINT('',(15.,28.,8.));
#1064 = DIRECTION('',(0.,-0.950091807136,-0.311970444134));
#1065 = DIRECTION('',(0.,-0.311970444134,0.950091807136));
#1066 = DEFINITIONAL_REPRESENTATION('',(#1067),#1071);
#1067 = LINE('',#1068,#1069);
#1068 = CARTESIAN_POINT('',(0.,0.));
#1069 = VECTOR('',#1070,1.);
#1070 = DIRECTION('',(0.,-1.));
#1071 = ( GEOMETRIC_REPRESENTATION_CONTEXT(2) 
PARAMETRIC_REPRESENTATION_CONTEXT() REPRESENTATION_CONTEXT('2D SPACE',''
  ) );
#1072 = ORIENTED_EDGE('',*,*,#1073,.F.);
#1073 = EDGE_CURVE('',#1074,#1046,#1076,.T.);
#1074 = VERTEX_POINT('',#1075);
#1075 = CARTESIAN_POINT('',(21.,6.,8.));
#1076 = SURFACE_CURVE('',#1077,(#1081,#1088),.PCURVE_S1.);
#1077 = LINE('',#1078,#1079);
#1078 = CARTESIAN_POINT('',(21.,6.,8.));
#1079 = VECTOR('',#1080,1.);
#1080 = DIRECTION('',(0.,1.,0.));
#1081 = PCURVE('',#162,#1082);
#1082 = DEFINITIONAL_REPRESENTATION('',(#1083),#1087);
#1083 = LINE('',#1084,#1085);
#1084 = CARTESIAN_POINT('',(66.,36.));
#1085 = VECTOR('',#1086,1.);
#1086 = DIRECTION('',(0.,1.));
#1087 = ( GEOMETRIC_REPRESENTATION_CONTEXT(2) 
PARAMETRIC_REPRESENTATION_CONTEXT() REPRESENTATION_CONTEXT('2D SPACE',''
  ) );
#1088 = PCURVE('',#1089,#1094);
#1089 = PLANE('',#1090);
#1090 = AXIS2_PLACEMENT_3D('',#1091,#1092,#1093);
#1091 = CARTESIAN_POINT('',(21.,12.379875212264,36.879875212264));
#1092 = DIRECTION('',(1.,0.,0.));
#1093 = DIRECTION('',(-0.,0.,1.));
#1094 = DEFINITIONAL_REPRESENTATION('',(#1095),#1099);
#1095 = LINE('',#1096,#1097);
#1096 = CARTESIAN_POINT('',(-28.87987521226,6.379875212264));
#1097 = VECTOR('',#1098,1.);
#1098 = DIRECTION('',(0.,-1.));
#1099 = ( GEOMETRIC_REPRESENTATION_CONTEXT(2) 
PARAMETRIC_REPRESENTATION_CONTEXT() REPRESENTATION_CONTEXT('2D SPACE',''
  ) );
#1100 = ORIENTED_EDGE('',*,*,#1101,.F.);
#1101 = EDGE_CURVE('',#585,#1074,#1102,.T.);
#1102 = SURFACE_CURVE('',#1103,(#1107,#1114),.PCURVE_S1.);
#1103 = LINE('',#1104,#1105);
#1104 = CARTESIAN_POINT('',(-34.5,6.,8.));
#1105 = VECTOR('',#1106,1.);
#1106 = DIRECTION('',(-1.,0.,0.));
#1107 = PCURVE('',#162,#1108);
#1108 = DEFINITIONAL_REPRESENTATION('',(#1109),#1113);
#1109 = LINE('',#1110,#1111);
#1110 = CARTESIAN_POINT('',(10.5,36.));
#1111 = VECTOR('',#1112,1.);
#1112 = DIRECTION('',(-1.,0.));
#1113 = ( GEOMETRIC_REPRESENTATION_CONTEXT(2) 
PARAMETRIC_REPRESENTATION_CONTEXT() REPRESENTATION_CONTEXT('2D SPACE',''
  ) );
#1114 = PCURVE('',#898,#1115);
#1115 = DEFINITIONAL_REPRESENTATION('',(#1116),#1120);
#1116 = LINE('',#1117,#1118);
#1117 = CARTESIAN_POINT('',(8.,-10.5));
#1118 = VECTOR('',#1119,1.);
#1119 = DIRECTION('',(0.,-1.));
#1120 = ( GEOMETRIC_REPRESENTATION_CONTEXT(2) 
PARAMETRIC_REPRESENTATION_CONTEXT() REPRESENTATION_CONTEXT('2D SPACE',''
  ) );
#1121 = FACE_BOUND('',#1122,.T.);
#1122 = EDGE_LOOP('',(#1123,#1153,#1186,#1214));
#1123 = ORIENTED_EDGE('',*,*,#1124,.F.);
#1124 = EDGE_CURVE('',#1125,#1127,#1129,.T.);
#1125 = VERTEX_POINT('',#1126);
#1126 = CARTESIAN_POINT('',(31.25,8.25,8.));
#1127 = VERTEX_POINT('',#1128);
#1128 = CARTESIAN_POINT('',(31.25,-8.25,8.));
#1129 = SURFACE_CURVE('',#1130,(#1134,#1141),.PCURVE_S1.);
#1130 = LINE('',#1131,#1132);
#1131 = CARTESIAN_POINT('',(31.25,-19.125,8.));
#1132 = VECTOR('',#1133,1.);
#1133 = DIRECTION('',(-1.110223024625E-16,-1.,0.));
#1134 = PCURVE('',#162,#1135);
#1135 = DEFINITIONAL_REPRESENTATION('',(#1136),#1140);
#1136 = LINE('',#1137,#1138);
#1137 = CARTESIAN_POINT('',(76.25,10.875));
#1138 = VECTOR('',#1139,1.);
#1139 = DIRECTION('',(-1.110223024625E-16,-1.));
#1140 = ( GEOMETRIC_REPRESENTATION_CONTEXT(2) 
PARAMETRIC_REPRESENTATION_CONTEXT() REPRESENTATION_CONTEXT('2D SPACE',''
  ) );
#1141 = PCURVE('',#1142,#1147);
#1142 = PLANE('',#1143);
#1143 = AXIS2_PLACEMENT_3D('',#1144,#1145,#1146);
#1144 = CARTESIAN_POINT('',(31.25,-8.25,0.));
#1145 = DIRECTION('',(-1.,1.110223024625E-16,0.));
#1146 = DIRECTION('',(1.110223024625E-16,1.,0.));
#1147 = DEFINITIONAL_REPRESENTATION('',(#1148),#1152);
#1148 = LINE('',#1149,#1150);
#1149 = CARTESIAN_POINT('',(-10.875,-8.));
#1150 = VECTOR('',#1151,1.);
#1151 = DIRECTION('',(-1.,-0.));
#1152 = ( GEOMETRIC_REPRESENTATION_CONTEXT(2) 
PARAMETRIC_REPRESENTATION_CONTEXT() REPRESENTATION_CONTEXT('2D SPACE',''
  ) );
#1153 = ORIENTED_EDGE('',*,*,#1154,.T.);
#1154 = EDGE_CURVE('',#1125,#1155,#1157,.T.);
#1155 = VERTEX_POINT('',#1156);
#1156 = CARTESIAN_POINT('',(36.75,8.25,8.));
#1157 = SURFACE_CURVE('',#1158,(#1163,#1174),.PCURVE_S1.);
#1158 = CIRCLE('',#1159,2.75);
#1159 = AXIS2_PLACEMENT_3D('',#1160,#1161,#1162);
#1160 = CARTESIAN_POINT('',(34.,8.25,8.));
#1161 = DIRECTION('',(0.,0.,-1.));
#1162 = DIRECTION('',(-1.,1.110223024625E-16,0.));
#1163 = PCURVE('',#162,#1164);
#1164 = DEFINITIONAL_REPRESENTATION('',(#1165),#1173);
#1165 = ( BOUNDED_CURVE() B_SPLINE_CURVE(2,(#1166,#1167,#1168,#1169,
#1170,#1171,#1172),.UNSPECIFIED.,.T.,.F.) B_SPLINE_CURVE_WITH_KNOTS((1,2
    ,2,2,2,1),(-2.094395102393,0.,2.094395102393,4.188790204786,
6.28318530718,8.377580409573),.UNSPECIFIED.) CURVE() 
GEOMETRIC_REPRESENTATION_ITEM() RATIONAL_B_SPLINE_CURVE((1.,0.5,1.,0.5,
1.,0.5,1.)) REPRESENTATION_ITEM('') );
#1166 = CARTESIAN_POINT('',(76.25,38.25));
#1167 = CARTESIAN_POINT('',(76.25,43.013139720814));
#1168 = CARTESIAN_POINT('',(80.375,40.631569860407));
#1169 = CARTESIAN_POINT('',(84.5,38.25));
#1170 = CARTESIAN_POINT('',(80.375,35.868430139593));
#1171 = CARTESIAN_POINT('',(76.25,33.486860279186));
#1172 = CARTESIAN_POINT('',(76.25,38.25));
#1173 = ( GEOMETRIC_REPRESENTATION_CONTEXT(2) 
PARAMETRIC_REPRESENTATION_CONTEXT() REPRESENTATION_CONTEXT('2D SPACE',''
  ) );
#1174 = PCURVE('',#1175,#1180);
#1175 = CYLINDRICAL_SURFACE('',#1176,2.75);
#1176 = AXIS2_PLACEMENT_3D('',#1177,#1178,#1179);
#1177 = CARTESIAN_POINT('',(34.,8.25,0.));
#1178 = DIRECTION('',(0.,0.,-1.));
#1179 = DIRECTION('',(-1.,1.110223024625E-16,0.));
#1180 = DEFINITIONAL_REPRESENTATION('',(#1181),#1185);
#1181 = LINE('',#1182,#1183);
#1182 = CARTESIAN_POINT('',(0.,-8.));
#1183 = VECTOR('',#1184,1.);
#1184 = DIRECTION('',(1.,0.));
#1185 = ( GEOMETRIC_REPRESENTATION_CONTEXT(2) 
PARAMETRIC_REPRESENTATION_CONTEXT() REPRESENTATION_CONTEXT('2D SPACE',''
  ) );
#1186 = ORIENTED_EDGE('',*,*,#1187,.F.);
#1187 = EDGE_CURVE('',#1188,#1155,#1190,.T.);
#1188 = VERTEX_POINT('',#1189);
#1189 = CARTESIAN_POINT('',(36.75,-8.25,8.));
#1190 = SURFACE_CURVE('',#1191,(#1195,#1202),.PCURVE_S1.);
#1191 = LINE('',#1192,#1193);
#1192 = CARTESIAN_POINT('',(36.75,-10.875,8.));
#1193 = VECTOR('',#1194,1.);
#1194 = DIRECTION('',(1.110223024625E-16,1.,-0.));
#1195 = PCURVE('',#162,#1196);
#1196 = DEFINITIONAL_REPRESENTATION('',(#1197),#1201);
#1197 = LINE('',#1198,#1199);
#1198 = CARTESIAN_POINT('',(81.75,19.125));
#1199 = VECTOR('',#1200,1.);
#1200 = DIRECTION('',(1.110223024625E-16,1.));
#1201 = ( GEOMETRIC_REPRESENTATION_CONTEXT(2) 
PARAMETRIC_REPRESENTATION_CONTEXT() REPRESENTATION_CONTEXT('2D SPACE',''
  ) );
#1202 = PCURVE('',#1203,#1208);
#1203 = PLANE('',#1204);
#1204 = AXIS2_PLACEMENT_3D('',#1205,#1206,#1207);
#1205 = CARTESIAN_POINT('',(36.75,8.25,0.));
#1206 = DIRECTION('',(1.,-1.110223024625E-16,0.));
#1207 = DIRECTION('',(-1.110223024625E-16,-1.,0.));
#1208 = DEFINITIONAL_REPRESENTATION('',(#1209),#1213);
#1209 = LINE('',#1210,#1211);
#1210 = CARTESIAN_POINT('',(19.125,-8.));
#1211 = VECTOR('',#1212,1.);
#1212 = DIRECTION('',(-1.,0.));
#1213 = ( GEOMETRIC_REPRESENTATION_CONTEXT(2) 
PARAMETRIC_REPRESENTATION_CONTEXT() REPRESENTATION_CONTEXT('2D SPACE',''
  ) );
#1214 = ORIENTED_EDGE('',*,*,#1215,.T.);
#1215 = EDGE_CURVE('',#1188,#1127,#1216,.T.);
#1216 = SURFACE_CURVE('',#1217,(#1222,#1233),.PCURVE_S1.);
#1217 = CIRCLE('',#1218,2.75);
#1218 = AXIS2_PLACEMENT_3D('',#1219,#1220,#1221);
#1219 = CARTESIAN_POINT('',(34.,-8.25,8.));
#1220 = DIRECTION('',(0.,-0.,-1.));
#1221 = DIRECTION('',(1.,-1.110223024625E-16,0.));
#1222 = PCURVE('',#162,#1223);
#1223 = DEFINITIONAL_REPRESENTATION('',(#1224),#1232);
#1224 = ( BOUNDED_CURVE() B_SPLINE_CURVE(2,(#1225,#1226,#1227,#1228,
#1229,#1230,#1231),.UNSPECIFIED.,.T.,.F.) B_SPLINE_CURVE_WITH_KNOTS((1,2
    ,2,2,2,1),(-2.094395102393,0.,2.094395102393,4.188790204786,
6.28318530718,8.377580409573),.UNSPECIFIED.) CURVE() 
GEOMETRIC_REPRESENTATION_ITEM() RATIONAL_B_SPLINE_CURVE((1.,0.5,1.,0.5,
1.,0.5,1.)) REPRESENTATION_ITEM('') );
#1225 = CARTESIAN_POINT('',(81.75,21.75));
#1226 = CARTESIAN_POINT('',(81.75,16.986860279186));
#1227 = CARTESIAN_POINT('',(77.625,19.368430139593));
#1228 = CARTESIAN_POINT('',(73.5,21.75));
#1229 = CARTESIAN_POINT('',(77.625,24.131569860407));
#1230 = CARTESIAN_POINT('',(81.75,26.513139720814));
#1231 = CARTESIAN_POINT('',(81.75,21.75));
#1232 = ( GEOMETRIC_REPRESENTATION_CONTEXT(2) 
PARAMETRIC_REPRESENTATION_CONTEXT() REPRESENTATION_CONTEXT('2D SPACE',''
  ) );
#1233 = PCURVE('',#1234,#1239);
#1234 = CYLINDRICAL_SURFACE('',#1235,2.75);
#1235 = AXIS2_PLACEMENT_3D('',#1236,#1237,#1238);
#1236 = CARTESIAN_POINT('',(34.,-8.25,0.));
#1237 = DIRECTION('',(0.,-0.,-1.));
#1238 = DIRECTION('',(1.,-1.110223024625E-16,0.));
#1239 = DEFINITIONAL_REPRESENTATION('',(#1240),#1244);
#1240 = LINE('',#1241,#1242);
#1241 = CARTESIAN_POINT('',(0.,-8.));
#1242 = VECTOR('',#1243,1.);
#1243 = DIRECTION('',(1.,0.));
#1244 = ( GEOMETRIC_REPRESENTATION_CONTEXT(2) 
PARAMETRIC_REPRESENTATION_CONTEXT() REPRESENTATION_CONTEXT('2D SPACE',''
  ) );
#1245 = ADVANCED_FACE('',(#1246),#190,.T.);
#1246 = FACE_BOUND('',#1247,.T.);
#1247 = EDGE_LOOP('',(#1248,#1272,#1293,#1294));
#1248 = ORIENTED_EDGE('',*,*,#1249,.T.);
#1249 = EDGE_CURVE('',#175,#1250,#1252,.T.);
#1250 = VERTEX_POINT('',#1251);
#1251 = CARTESIAN_POINT('',(-41.,-30.,0.));
#1252 = SURFACE_CURVE('',#1253,(#1258,#1265),.PCURVE_S1.);
#1253 = CIRCLE('',#1254,4.);
#1254 = AXIS2_PLACEMENT_3D('',#1255,#1256,#1257);
#1255 = CARTESIAN_POINT('',(-41.,-26.,0.));
#1256 = DIRECTION('',(0.,0.,1.));
#1257 = DIRECTION('',(0.,-1.,0.));
#1258 = PCURVE('',#190,#1259);
#1259 = DEFINITIONAL_REPRESENTATION('',(#1260),#1264);
#1260 = LINE('',#1261,#1262);
#1261 = CARTESIAN_POINT('',(-4.712388980385,0.));
#1262 = VECTOR('',#1263,1.);
#1263 = DIRECTION('',(1.,0.));
#1264 = ( GEOMETRIC_REPRESENTATION_CONTEXT(2) 
PARAMETRIC_REPRESENTATION_CONTEXT() REPRESENTATION_CONTEXT('2D SPACE',''
  ) );
#1265 = PCURVE('',#218,#1266);
#1266 = DEFINITIONAL_REPRESENTATION('',(#1267),#1271);
#1267 = CIRCLE('',#1268,4.);
#1268 = AXIS2_PLACEMENT_2D('',#1269,#1270);
#1269 = CARTESIAN_POINT('',(4.,4.));
#1270 = DIRECTION('',(0.,-1.));
#1271 = ( GEOMETRIC_REPRESENTATION_CONTEXT(2) 
PARAMETRIC_REPRESENTATION_CONTEXT() REPRESENTATION_CONTEXT('2D SPACE',''
  ) );
#1272 = ORIENTED_EDGE('',*,*,#1273,.T.);
#1273 = EDGE_CURVE('',#1250,#261,#1274,.T.);
#1274 = SURFACE_CURVE('',#1275,(#1279,#1286),.PCURVE_S1.);
#1275 = LINE('',#1276,#1277);
#1276 = CARTESIAN_POINT('',(-41.,-30.,0.));
#1277 = VECTOR('',#1278,1.);
#1278 = DIRECTION('',(0.,0.,1.));
#1279 = PCURVE('',#190,#1280);
#1280 = DEFINITIONAL_REPRESENTATION('',(#1281),#1285);
#1281 = LINE('',#1282,#1283);
#1282 = CARTESIAN_POINT('',(1.570796326795,0.));
#1283 = VECTOR('',#1284,1.);
#1284 = DIRECTION('',(0.,1.));
#1285 = ( GEOMETRIC_REPRESENTATION_CONTEXT(2) 
PARAMETRIC_REPRESENTATION_CONTEXT() REPRESENTATION_CONTEXT('2D SPACE',''
  ) );
#1286 = PCURVE('',#300,#1287);
#1287 = DEFINITIONAL_REPRESENTATION('',(#1288),#1292);
#1288 = LINE('',#1289,#1290);
#1289 = CARTESIAN_POINT('',(0.,4.));
#1290 = VECTOR('',#1291,1.);
#1291 = DIRECTION('',(1.,0.));
#1292 = ( GEOMETRIC_REPRESENTATION_CONTEXT(2) 
PARAMETRIC_REPRESENTATION_CONTEXT() REPRESENTATION_CONTEXT('2D SPACE',''
  ) );
#1293 = ORIENTED_EDGE('',*,*,#260,.F.);
#1294 = ORIENTED_EDGE('',*,*,#174,.F.);
#1295 = ADVANCED_FACE('',(#1296),#244,.T.);
#1296 = FACE_BOUND('',#1297,.F.);
#1297 = EDGE_LOOP('',(#1298,#1326,#1347,#1348));
#1298 = ORIENTED_EDGE('',*,*,#1299,.T.);
#1299 = EDGE_CURVE('',#203,#1300,#1302,.T.);
#1300 = VERTEX_POINT('',#1301);
#1301 = CARTESIAN_POINT('',(-41.,30.,0.));
#1302 = SURFACE_CURVE('',#1303,(#1308,#1315),.PCURVE_S1.);
#1303 = CIRCLE('',#1304,4.);
#1304 = AXIS2_PLACEMENT_3D('',#1305,#1306,#1307);
#1305 = CARTESIAN_POINT('',(-41.,26.,0.));
#1306 = DIRECTION('',(-0.,-0.,-1.));
#1307 = DIRECTION('',(0.,-1.,0.));
#1308 = PCURVE('',#244,#1309);
#1309 = DEFINITIONAL_REPRESENTATION('',(#1310),#1314);
#1310 = LINE('',#1311,#1312);
#1311 = CARTESIAN_POINT('',(1.570796326795,-0.));
#1312 = VECTOR('',#1313,1.);
#1313 = DIRECTION('',(-1.,0.));
#1314 = ( GEOMETRIC_REPRESENTATION_CONTEXT(2) 
PARAMETRIC_REPRESENTATION_CONTEXT() REPRESENTATION_CONTEXT('2D SPACE',''
  ) );
#1315 = PCURVE('',#218,#1316);
#1316 = DEFINITIONAL_REPRESENTATION('',(#1317),#1325);
#1317 = ( BOUNDED_CURVE() B_SPLINE_CURVE(2,(#1318,#1319,#1320,#1321,
#1322,#1323,#1324),.UNSPECIFIED.,.T.,.F.) B_SPLINE_CURVE_WITH_KNOTS((1,2
    ,2,2,2,1),(-2.094395102393,0.,2.094395102393,4.188790204786,
6.28318530718,8.377580409573),.UNSPECIFIED.) CURVE() 
GEOMETRIC_REPRESENTATION_ITEM() RATIONAL_B_SPLINE_CURVE((1.,0.5,1.,0.5,
1.,0.5,1.)) REPRESENTATION_ITEM('') );
#1318 = CARTESIAN_POINT('',(4.,52.));
#1319 = CARTESIAN_POINT('',(-2.928203230276,52.));
#1320 = CARTESIAN_POINT('',(0.535898384862,58.));
#1321 = CARTESIAN_POINT('',(4.,64.));
#1322 = CARTESIAN_POINT('',(7.464101615138,58.));
#1323 = CARTESIAN_POINT('',(10.928203230276,52.));
#1324 = CARTESIAN_POINT('',(4.,52.));
#1325 = ( GEOMETRIC_REPRESENTATION_CONTEXT(2) 
PARAMETRIC_REPRESENTATION_CONTEXT() REPRESENTATION_CONTEXT('2D SPACE',''
  ) );
#1326 = ORIENTED_EDGE('',*,*,#1327,.T.);
#1327 = EDGE_CURVE('',#1300,#403,#1328,.T.);
#1328 = SURFACE_CURVE('',#1329,(#1333,#1340),.PCURVE_S1.);
#1329 = LINE('',#1330,#1331);
#1330 = CARTESIAN_POINT('',(-41.,30.,0.));
#1331 = VECTOR('',#1332,1.);
#1332 = DIRECTION('',(0.,0.,1.));
#1333 = PCURVE('',#244,#1334);
#1334 = DEFINITIONAL_REPRESENTATION('',(#1335),#1339);
#1335 = LINE('',#1336,#1337);
#1336 = CARTESIAN_POINT('',(-1.570796326795,0.));
#1337 = VECTOR('',#1338,1.);
#1338 = DIRECTION('',(-0.,1.));
#1339 = ( GEOMETRIC_REPRESENTATION_CONTEXT(2) 
PARAMETRIC_REPRESENTATION_CONTEXT() REPRESENTATION_CONTEXT('2D SPACE',''
  ) );
#1340 = PCURVE('',#418,#1341);
#1341 = DEFINITIONAL_REPRESENTATION('',(#1342),#1346);
#1342 = LINE('',#1343,#1344);
#1343 = CARTESIAN_POINT('',(0.,4.));
#1344 = VECTOR('',#1345,1.);
#1345 = DIRECTION('',(1.,0.));
#1346 = ( GEOMETRIC_REPRESENTATION_CONTEXT(2) 
PARAMETRIC_REPRESENTATION_CONTEXT() REPRESENTATION_CONTEXT('2D SPACE',''
  ) );
#1347 = ORIENTED_EDGE('',*,*,#430,.F.);
#1348 = ORIENTED_EDGE('',*,*,#230,.F.);
#1349 = ADVANCED_FACE('',(#1350,#1474,#1578),#218,.F.);
#1350 = FACE_BOUND('',#1351,.F.);
#1351 = EDGE_LOOP('',(#1352,#1353,#1354,#1377,#1405,#1428,#1452,#1473));
#1352 = ORIENTED_EDGE('',*,*,#202,.F.);
#1353 = ORIENTED_EDGE('',*,*,#1249,.T.);
#1354 = ORIENTED_EDGE('',*,*,#1355,.T.);
#1355 = EDGE_CURVE('',#1250,#1356,#1358,.T.);
#1356 = VERTEX_POINT('',#1357);
#1357 = CARTESIAN_POINT('',(41.,-30.,0.));
#1358 = SURFACE_CURVE('',#1359,(#1363,#1370),.PCURVE_S1.);
#1359 = LINE('',#1360,#1361);
#1360 = CARTESIAN_POINT('',(-45.,-30.,0.));
#1361 = VECTOR('',#1362,1.);
#1362 = DIRECTION('',(1.,0.,0.));
#1363 = PCURVE('',#218,#1364);
#1364 = DEFINITIONAL_REPRESENTATION('',(#1365),#1369);
#1365 = LINE('',#1366,#1367);
#1366 = CARTESIAN_POINT('',(0.,0.));
#1367 = VECTOR('',#1368,1.);
#1368 = DIRECTION('',(1.,0.));
#1369 = ( GEOMETRIC_REPRESENTATION_CONTEXT(2) 
PARAMETRIC_REPRESENTATION_CONTEXT() REPRESENTATION_CONTEXT('2D SPACE',''
  ) );
#1370 = PCURVE('',#300,#1371);
#1371 = DEFINITIONAL_REPRESENTATION('',(#1372),#1376);
#1372 = LINE('',#1373,#1374);
#1373 = CARTESIAN_POINT('',(0.,0.));
#1374 = VECTOR('',#1375,1.);
#1375 = DIRECTION('',(0.,1.));
#1376 = ( GEOMETRIC_REPRESENTATION_CONTEXT(2) 
PARAMETRIC_REPRESENTATION_CONTEXT() REPRESENTATION_CONTEXT('2D SPACE',''
  ) );
#1377 = ORIENTED_EDGE('',*,*,#1378,.F.);
#1378 = EDGE_CURVE('',#1379,#1356,#1381,.T.);
#1379 = VERTEX_POINT('',#1380);
#1380 = CARTESIAN_POINT('',(45.,-26.,0.));
#1381 = SURFACE_CURVE('',#1382,(#1387,#1398),.PCURVE_S1.);
#1382 = CIRCLE('',#1383,4.);
#1383 = AXIS2_PLACEMENT_3D('',#1384,#1385,#1386);
#1384 = CARTESIAN_POINT('',(41.,-26.,0.));
#1385 = DIRECTION('',(-0.,-0.,-1.));
#1386 = DIRECTION('',(0.,-1.,0.));
#1387 = PCURVE('',#218,#1388);
#1388 = DEFINITIONAL_REPRESENTATION('',(#1389),#1397);
#1389 = ( BOUNDED_CURVE() B_SPLINE_CURVE(2,(#1390,#1391,#1392,#1393,
#1394,#1395,#1396),.UNSPECIFIED.,.T.,.F.) B_SPLINE_CURVE_WITH_KNOTS((1,2
    ,2,2,2,1),(-2.094395102393,0.,2.094395102393,4.188790204786,
6.28318530718,8.377580409573),.UNSPECIFIED.) CURVE() 
GEOMETRIC_REPRESENTATION_ITEM() RATIONAL_B_SPLINE_CURVE((1.,0.5,1.,0.5,
1.,0.5,1.)) REPRESENTATION_ITEM('') );
#1390 = CARTESIAN_POINT('',(86.,0.));
#1391 = CARTESIAN_POINT('',(79.071796769725,0.));
#1392 = CARTESIAN_POINT('',(82.535898384862,6.));
#1393 = CARTESIAN_POINT('',(86.,12.));
#1394 = CARTESIAN_POINT('',(89.464101615138,6.));
#1395 = CARTESIAN_POINT('',(92.928203230276,6.217248937901E-15));
#1396 = CARTESIAN_POINT('',(86.,0.));
#1397 = ( GEOMETRIC_REPRESENTATION_CONTEXT(2) 
PARAMETRIC_REPRESENTATION_CONTEXT() REPRESENTATION_CONTEXT('2D SPACE',''
  ) );
#1398 = PCURVE('',#333,#1399);
#1399 = DEFINITIONAL_REPRESENTATION('',(#1400),#1404);
#1400 = LINE('',#1401,#1402);
#1401 = CARTESIAN_POINT('',(4.712388980385,-0.));
#1402 = VECTOR('',#1403,1.);
#1403 = DIRECTION('',(-1.,0.));
#1404 = ( GEOMETRIC_REPRESENTATION_CONTEXT(2) 
PARAMETRIC_REPRESENTATION_CONTEXT() REPRESENTATION_CONTEXT('2D SPACE',''
  ) );
#1405 = ORIENTED_EDGE('',*,*,#1406,.T.);
#1406 = EDGE_CURVE('',#1379,#1407,#1409,.T.);
#1407 = VERTEX_POINT('',#1408);
#1408 = CARTESIAN_POINT('',(45.,26.,0.));
#1409 = SURFACE_CURVE('',#1410,(#1414,#1421),.PCURVE_S1.);
#1410 = LINE('',#1411,#1412);
#1411 = CARTESIAN_POINT('',(45.,-30.,0.));
#1412 = VECTOR('',#1413,1.);
#1413 = DIRECTION('',(0.,1.,0.));
#1414 = PCURVE('',#218,#1415);
#1415 = DEFINITIONAL_REPRESENTATION('',(#1416),#1420);
#1416 = LINE('',#1417,#1418);
#1417 = CARTESIAN_POINT('',(90.,0.));
#1418 = VECTOR('',#1419,1.);
#1419 = DIRECTION('',(0.,1.));
#1420 = ( GEOMETRIC_REPRESENTATION_CONTEXT(2) 
PARAMETRIC_REPRESENTATION_CONTEXT() REPRESENTATION_CONTEXT('2D SPACE',''
  ) );
#1421 = PCURVE('',#361,#1422);
#1422 = DEFINITIONAL_REPRESENTATION('',(#1423),#1427);
#1423 = LINE('',#1424,#1425);
#1424 = CARTESIAN_POINT('',(0.,0.));
#1425 = VECTOR('',#1426,1.);
#1426 = DIRECTION('',(0.,-1.));
#1427 = ( GEOMETRIC_REPRESENTATION_CONTEXT(2) 
PARAMETRIC_REPRESENTATION_CONTEXT() REPRESENTATION_CONTEXT('2D SPACE',''
  ) );
#1428 = ORIENTED_EDGE('',*,*,#1429,.T.);
#1429 = EDGE_CURVE('',#1407,#1430,#1432,.T.);
#1430 = VERTEX_POINT('',#1431);
#1431 = CARTESIAN_POINT('',(41.,30.,0.));
#1432 = SURFACE_CURVE('',#1433,(#1438,#1445),.PCURVE_S1.);
#1433 = CIRCLE('',#1434,4.);
#1434 = AXIS2_PLACEMENT_3D('',#1435,#1436,#1437);
#1435 = CARTESIAN_POINT('',(41.,26.,0.));
#1436 = DIRECTION('',(0.,0.,1.));
#1437 = DIRECTION('',(0.,-1.,0.));
#1438 = PCURVE('',#218,#1439);
#1439 = DEFINITIONAL_REPRESENTATION('',(#1440),#1444);
#1440 = CIRCLE('',#1441,4.);
#1441 = AXIS2_PLACEMENT_2D('',#1442,#1443);
#1442 = CARTESIAN_POINT('',(86.,56.));
#1443 = DIRECTION('',(0.,-1.));
#1444 = ( GEOMETRIC_REPRESENTATION_CONTEXT(2) 
PARAMETRIC_REPRESENTATION_CONTEXT() REPRESENTATION_CONTEXT('2D SPACE',''
  ) );
#1445 = PCURVE('',#390,#1446);
#1446 = DEFINITIONAL_REPRESENTATION('',(#1447),#1451);
#1447 = LINE('',#1448,#1449);
#1448 = CARTESIAN_POINT('',(-1.570796326795,0.));
#1449 = VECTOR('',#1450,1.);
#1450 = DIRECTION('',(1.,0.));
#1451 = ( GEOMETRIC_REPRESENTATION_CONTEXT(2) 
PARAMETRIC_REPRESENTATION_CONTEXT() REPRESENTATION_CONTEXT('2D SPACE',''
  ) );
#1452 = ORIENTED_EDGE('',*,*,#1453,.F.);
#1453 = EDGE_CURVE('',#1300,#1430,#1454,.T.);
#1454 = SURFACE_CURVE('',#1455,(#1459,#1466),.PCURVE_S1.);
#1455 = LINE('',#1456,#1457);
#1456 = CARTESIAN_POINT('',(-45.,30.,0.));
#1457 = VECTOR('',#1458,1.);
#1458 = DIRECTION('',(1.,0.,0.));
#1459 = PCURVE('',#218,#1460);
#1460 = DEFINITIONAL_REPRESENTATION('',(#1461),#1465);
#1461 = LINE('',#1462,#1463);
#1462 = CARTESIAN_POINT('',(0.,60.));
#1463 = VECTOR('',#1464,1.);
#1464 = DIRECTION('',(1.,0.));
#1465 = ( GEOMETRIC_REPRESENTATION_CONTEXT(2) 
PARAMETRIC_REPRESENTATION_CONTEXT() REPRESENTATION_CONTEXT('2D SPACE',''
  ) );
#1466 = PCURVE('',#418,#1467);
#1467 = DEFINITIONAL_REPRESENTATION('',(#1468),#1472);
#1468 = LINE('',#1469,#1470);
#1469 = CARTESIAN_POINT('',(0.,0.));
#1470 = VECTOR('',#1471,1.);
#1471 = DIRECTION('',(0.,1.));
#1472 = ( GEOMETRIC_REPRESENTATION_CONTEXT(2) 
PARAMETRIC_REPRESENTATION_CONTEXT() REPRESENTATION_CONTEXT('2D SPACE',''
  ) );
#1473 = ORIENTED_EDGE('',*,*,#1299,.F.);
#1474 = FACE_BOUND('',#1475,.F.);
#1475 = EDGE_LOOP('',(#1476,#1506,#1529,#1557));
#1476 = ORIENTED_EDGE('',*,*,#1477,.T.);
#1477 = EDGE_CURVE('',#1478,#1480,#1482,.T.);
#1478 = VERTEX_POINT('',#1479);
#1479 = CARTESIAN_POINT('',(-31.25,-8.25,0.));
#1480 = VERTEX_POINT('',#1481);
#1481 = CARTESIAN_POINT('',(-36.75,-8.25,0.));
#1482 = SURFACE_CURVE('',#1483,(#1488,#1499),.PCURVE_S1.);
#1483 = CIRCLE('',#1484,2.75);
#1484 = AXIS2_PLACEMENT_3D('',#1485,#1486,#1487);
#1485 = CARTESIAN_POINT('',(-34.,-8.25,0.));
#1486 = DIRECTION('',(0.,-0.,-1.));
#1487 = DIRECTION('',(1.,-1.110223024625E-16,0.));
#1488 = PCURVE('',#218,#1489);
#1489 = DEFINITIONAL_REPRESENTATION('',(#1490),#1498);
#1490 = ( BOUNDED_CURVE() B_SPLINE_CURVE(2,(#1491,#1492,#1493,#1494,
#1495,#1496,#1497),.UNSPECIFIED.,.T.,.F.) B_SPLINE_CURVE_WITH_KNOTS((1,2
    ,2,2,2,1),(-2.094395102393,0.,2.094395102393,4.188790204786,
6.28318530718,8.377580409573),.UNSPECIFIED.) CURVE() 
GEOMETRIC_REPRESENTATION_ITEM() RATIONAL_B_SPLINE_CURVE((1.,0.5,1.,0.5,
1.,0.5,1.)) REPRESENTATION_ITEM('') );
#1491 = CARTESIAN_POINT('',(13.75,21.75));
#1492 = CARTESIAN_POINT('',(13.75,16.986860279186));
#1493 = CARTESIAN_POINT('',(9.625,19.368430139593));
#1494 = CARTESIAN_POINT('',(5.5,21.75));
#1495 = CARTESIAN_POINT('',(9.625,24.131569860407));
#1496 = CARTESIAN_POINT('',(13.75,26.513139720814));
#1497 = CARTESIAN_POINT('',(13.75,21.75));
#1498 = ( GEOMETRIC_REPRESENTATION_CONTEXT(2) 
PARAMETRIC_REPRESENTATION_CONTEXT() REPRESENTATION_CONTEXT('2D SPACE',''
  ) );
#1499 = PCURVE('',#568,#1500);
#1500 = DEFINITIONAL_REPRESENTATION('',(#1501),#1505);
#1501 = LINE('',#1502,#1503);
#1502 = CARTESIAN_POINT('',(0.,0.));
#1503 = VECTOR('',#1504,1.);
#1504 = DIRECTION('',(1.,0.));
#1505 = ( GEOMETRIC_REPRESENTATION_CONTEXT(2) 
PARAMETRIC_REPRESENTATION_CONTEXT() REPRESENTATION_CONTEXT('2D SPACE',''
  ) );
#1506 = ORIENTED_EDGE('',*,*,#1507,.T.);
#1507 = EDGE_CURVE('',#1480,#1508,#1510,.T.);
#1508 = VERTEX_POINT('',#1509);
#1509 = CARTESIAN_POINT('',(-36.75,8.25,0.));
#1510 = SURFACE_CURVE('',#1511,(#1515,#1522),.PCURVE_S1.);
#1511 = LINE('',#1512,#1513);
#1512 = CARTESIAN_POINT('',(-36.75,-8.25,0.));
#1513 = VECTOR('',#1514,1.);
#1514 = DIRECTION('',(1.110223024625E-16,1.,0.));
#1515 = PCURVE('',#218,#1516);
#1516 = DEFINITIONAL_REPRESENTATION('',(#1517),#1521);
#1517 = LINE('',#1518,#1519);
#1518 = CARTESIAN_POINT('',(8.25,21.75));
#1519 = VECTOR('',#1520,1.);
#1520 = DIRECTION('',(1.110223024625E-16,1.));
#1521 = ( GEOMETRIC_REPRESENTATION_CONTEXT(2) 
PARAMETRIC_REPRESENTATION_CONTEXT() REPRESENTATION_CONTEXT('2D SPACE',''
  ) );
#1522 = PCURVE('',#476,#1523);
#1523 = DEFINITIONAL_REPRESENTATION('',(#1524),#1528);
#1524 = LINE('',#1525,#1526);
#1525 = CARTESIAN_POINT('',(0.,0.));
#1526 = VECTOR('',#1527,1.);
#1527 = DIRECTION('',(1.,0.));
#1528 = ( GEOMETRIC_REPRESENTATION_CONTEXT(2) 
PARAMETRIC_REPRESENTATION_CONTEXT() REPRESENTATION_CONTEXT('2D SPACE',''
  ) );
#1529 = ORIENTED_EDGE('',*,*,#1530,.T.);
#1530 = EDGE_CURVE('',#1508,#1531,#1533,.T.);
#1531 = VERTEX_POINT('',#1532);
#1532 = CARTESIAN_POINT('',(-31.25,8.25,0.));
#1533 = SURFACE_CURVE('',#1534,(#1539,#1550),.PCURVE_S1.);
#1534 = CIRCLE('',#1535,2.75);
#1535 = AXIS2_PLACEMENT_3D('',#1536,#1537,#1538);
#1536 = CARTESIAN_POINT('',(-34.,8.25,0.));
#1537 = DIRECTION('',(0.,0.,-1.));
#1538 = DIRECTION('',(-1.,1.110223024625E-16,0.));
#1539 = PCURVE('',#218,#1540);
#1540 = DEFINITIONAL_REPRESENTATION('',(#1541),#1549);
#1541 = ( BOUNDED_CURVE() B_SPLINE_CURVE(2,(#1542,#1543,#1544,#1545,
#1546,#1547,#1548),.UNSPECIFIED.,.T.,.F.) B_SPLINE_CURVE_WITH_KNOTS((1,2
    ,2,2,2,1),(-2.094395102393,0.,2.094395102393,4.188790204786,
6.28318530718,8.377580409573),.UNSPECIFIED.) CURVE() 
GEOMETRIC_REPRESENTATION_ITEM() RATIONAL_B_SPLINE_CURVE((1.,0.5,1.,0.5,
1.,0.5,1.)) REPRESENTATION_ITEM('') );
#1542 = CARTESIAN_POINT('',(8.25,38.25));
#1543 = CARTESIAN_POINT('',(8.25,43.013139720814));
#1544 = CARTESIAN_POINT('',(12.375,40.631569860407));
#1545 = CARTESIAN_POINT('',(16.5,38.25));
#1546 = CARTESIAN_POINT('',(12.375,35.868430139593));
#1547 = CARTESIAN_POINT('',(8.25,33.486860279186));
#1548 = CARTESIAN_POINT('',(8.25,38.25));
#1549 = ( GEOMETRIC_REPRESENTATION_CONTEXT(2) 
PARAMETRIC_REPRESENTATION_CONTEXT() REPRESENTATION_CONTEXT('2D SPACE',''
  ) );
#1550 = PCURVE('',#509,#1551);
#1551 = DEFINITIONAL_REPRESENTATION('',(#1552),#1556);
#1552 = LINE('',#1553,#1554);
#1553 = CARTESIAN_POINT('',(0.,0.));
#1554 = VECTOR('',#1555,1.);
#1555 = DIRECTION('',(1.,0.));
#1556 = ( GEOMETRIC_REPRESENTATION_CONTEXT(2) 
PARAMETRIC_REPRESENTATION_CONTEXT() REPRESENTATION_CONTEXT('2D SPACE',''
  ) );
#1557 = ORIENTED_EDGE('',*,*,#1558,.T.);
#1558 = EDGE_CURVE('',#1531,#1478,#1559,.T.);
#1559 = SURFACE_CURVE('',#1560,(#1564,#1571),.PCURVE_S1.);
#1560 = LINE('',#1561,#1562);
#1561 = CARTESIAN_POINT('',(-31.25,8.25,0.));
#1562 = VECTOR('',#1563,1.);
#1563 = DIRECTION('',(-1.110223024625E-16,-1.,0.));
#1564 = PCURVE('',#218,#1565);
#1565 = DEFINITIONAL_REPRESENTATION('',(#1566),#1570);
#1566 = LINE('',#1567,#1568);
#1567 = CARTESIAN_POINT('',(13.75,38.25));
#1568 = VECTOR('',#1569,1.);
#1569 = DIRECTION('',(-1.110223024625E-16,-1.));
#1570 = ( GEOMETRIC_REPRESENTATION_CONTEXT(2) 
PARAMETRIC_REPRESENTATION_CONTEXT() REPRESENTATION_CONTEXT('2D SPACE',''
  ) );
#1571 = PCURVE('',#537,#1572);
#1572 = DEFINITIONAL_REPRESENTATION('',(#1573),#1577);
#1573 = LINE('',#1574,#1575);
#1574 = CARTESIAN_POINT('',(0.,0.));
#1575 = VECTOR('',#1576,1.);
#1576 = DIRECTION('',(1.,0.));
#1577 = ( GEOMETRIC_REPRESENTATION_CONTEXT(2) 
PARAMETRIC_REPRESENTATION_CONTEXT() REPRESENTATION_CONTEXT('2D SPACE',''
  ) );
#1578 = FACE_BOUND('',#1579,.F.);
#1579 = EDGE_LOOP('',(#1580,#1610,#1633,#1661));
#1580 = ORIENTED_EDGE('',*,*,#1581,.T.);
#1581 = EDGE_CURVE('',#1582,#1584,#1586,.T.);
#1582 = VERTEX_POINT('',#1583);
#1583 = CARTESIAN_POINT('',(36.75,-8.25,0.));
#1584 = VERTEX_POINT('',#1585);
#1585 = CARTESIAN_POINT('',(31.25,-8.25,0.));
#1586 = SURFACE_CURVE('',#1587,(#1592,#1603),.PCURVE_S1.);
#1587 = CIRCLE('',#1588,2.75);
#1588 = AXIS2_PLACEMENT_3D('',#1589,#1590,#1591);
#1589 = CARTESIAN_POINT('',(34.,-8.25,0.));
#1590 = DIRECTION('',(0.,-0.,-1.));
#1591 = DIRECTION('',(1.,-1.110223024625E-16,0.));
#1592 = PCURVE('',#218,#1593);
#1593 = DEFINITIONAL_REPRESENTATION('',(#1594),#1602);
#1594 = ( BOUNDED_CURVE() B_SPLINE_CURVE(2,(#1595,#1596,#1597,#1598,
#1599,#1600,#1601),.UNSPECIFIED.,.T.,.F.) B_SPLINE_CURVE_WITH_KNOTS((1,2
    ,2,2,2,1),(-2.094395102393,0.,2.094395102393,4.188790204786,
6.28318530718,8.377580409573),.UNSPECIFIED.) CURVE() 
GEOMETRIC_REPRESENTATION_ITEM() RATIONAL_B_SPLINE_CURVE((1.,0.5,1.,0.5,
1.,0.5,1.)) REPRESENTATION_ITEM('') );
#1595 = CARTESIAN_POINT('',(81.75,21.75));
#1596 = CARTESIAN_POINT('',(81.75,16.986860279186));
#1597 = CARTESIAN_POINT('',(77.625,19.368430139593));
#1598 = CARTESIAN_POINT('',(73.5,21.75));
#1599 = CARTESIAN_POINT('',(77.625,24.131569860407));
#1600 = CARTESIAN_POINT('',(81.75,26.513139720814));
#1601 = CARTESIAN_POINT('',(81.75,21.75));
#1602 = ( GEOMETRIC_REPRESENTATION_CONTEXT(2) 
PARAMETRIC_REPRESENTATION_CONTEXT() REPRESENTATION_CONTEXT('2D SPACE',''
  ) );
#1603 = PCURVE('',#1234,#1604);
#1604 = DEFINITIONAL_REPRESENTATION('',(#1605),#1609);
#1605 = LINE('',#1606,#1607);
#1606 = CARTESIAN_POINT('',(0.,0.));
#1607 = VECTOR('',#1608,1.);
#1608 = DIRECTION('',(1.,0.));
#1609 = ( GEOMETRIC_REPRESENTATION_CONTEXT(2) 
PARAMETRIC_REPRESENTATION_CONTEXT() REPRESENTATION_CONTEXT('2D SPACE',''
  ) );
#1610 = ORIENTED_EDGE('',*,*,#1611,.T.);
#1611 = EDGE_CURVE('',#1584,#1612,#1614,.T.);
#1612 = VERTEX_POINT('',#1613);
#1613 = CARTESIAN_POINT('',(31.25,8.25,0.));
#1614 = SURFACE_CURVE('',#1615,(#1619,#1626),.PCURVE_S1.);
#1615 = LINE('',#1616,#1617);
#1616 = CARTESIAN_POINT('',(31.25,-8.25,0.));
#1617 = VECTOR('',#1618,1.);
#1618 = DIRECTION('',(1.110223024625E-16,1.,0.));
#1619 = PCURVE('',#218,#1620);
#1620 = DEFINITIONAL_REPRESENTATION('',(#1621),#1625);
#1621 = LINE('',#1622,#1623);
#1622 = CARTESIAN_POINT('',(76.25,21.75));
#1623 = VECTOR('',#1624,1.);
#1624 = DIRECTION('',(1.110223024625E-16,1.));
#1625 = ( GEOMETRIC_REPRESENTATION_CONTEXT(2) 
PARAMETRIC_REPRESENTATION_CONTEXT() REPRESENTATION_CONTEXT('2D SPACE',''
  ) );
#1626 = PCURVE('',#1142,#1627);
#1627 = DEFINITIONAL_REPRESENTATION('',(#1628),#1632);
#1628 = LINE('',#1629,#1630);
#1629 = CARTESIAN_POINT('',(0.,0.));
#1630 = VECTOR('',#1631,1.);
#1631 = DIRECTION('',(1.,0.));
#1632 = ( GEOMETRIC_REPRESENTATION_CONTEXT(2) 
PARAMETRIC_REPRESENTATION_CONTEXT() REPRESENTATION_CONTEXT('2D SPACE',''
  ) );
#1633 = ORIENTED_EDGE('',*,*,#1634,.T.);
#1634 = EDGE_CURVE('',#1612,#1635,#1637,.T.);
#1635 = VERTEX_POINT('',#1636);
#1636 = CARTESIAN_POINT('',(36.75,8.25,0.));
#1637 = SURFACE_CURVE('',#1638,(#1643,#1654),.PCURVE_S1.);
#1638 = CIRCLE('',#1639,2.75);
#1639 = AXIS2_PLACEMENT_3D('',#1640,#1641,#1642);
#1640 = CARTESIAN_POINT('',(34.,8.25,0.));
#1641 = DIRECTION('',(0.,0.,-1.));
#1642 = DIRECTION('',(-1.,1.110223024625E-16,0.));
#1643 = PCURVE('',#218,#1644);
#1644 = DEFINITIONAL_REPRESENTATION('',(#1645),#1653);
#1645 = ( BOUNDED_CURVE() B_SPLINE_CURVE(2,(#1646,#1647,#1648,#1649,
#1650,#1651,#1652),.UNSPECIFIED.,.T.,.F.) B_SPLINE_CURVE_WITH_KNOTS((1,2
    ,2,2,2,1),(-2.094395102393,0.,2.094395102393,4.188790204786,
6.28318530718,8.377580409573),.UNSPECIFIED.) CURVE() 
GEOMETRIC_REPRESENTATION_ITEM() RATIONAL_B_SPLINE_CURVE((1.,0.5,1.,0.5,
1.,0.5,1.)) REPRESENTATION_ITEM('') );
#1646 = CARTESIAN_POINT('',(76.25,38.25));
#1647 = CARTESIAN_POINT('',(76.25,43.013139720814));
#1648 = CARTESIAN_POINT('',(80.375,40.631569860407));
#1649 = CARTESIAN_POINT('',(84.5,38.25));
#1650 = CARTESIAN_POINT('',(80.375,35.868430139593));
#1651 = CARTESIAN_POINT('',(76.25,33.486860279186));
#1652 = CARTESIAN_POINT('',(76.25,38.25));
#1653 = ( GEOMETRIC_REPRESENTATION_CONTEXT(2) 
PARAMETRIC_REPRESENTATION_CONTEXT() REPRESENTATION_CONTEXT('2D SPACE',''
  ) );
#1654 = PCURVE('',#1175,#1655);
#1655 = DEFINITIONAL_REPRESENTATION('',(#1656),#1660);
#1656 = LINE('',#1657,#1658);
#1657 = CARTESIAN_POINT('',(0.,0.));
#1658 = VECTOR('',#1659,1.);
#1659 = DIRECTION('',(1.,0.));
#1660 = ( GEOMETRIC_REPRESENTATION_CONTEXT(2) 
PARAMETRIC_REPRESENTATION_CONTEXT() REPRESENTATION_CONTEXT('2D SPACE',''
  ) );
#1661 = ORIENTED_EDGE('',*,*,#1662,.T.);
#1662 = EDGE_CURVE('',#1635,#1582,#1663,.T.);
#1663 = SURFACE_CURVE('',#1664,(#1668,#1675),.PCURVE_S1.);
#1664 = LINE('',#1665,#1666);
#1665 = CARTESIAN_POINT('',(36.75,8.25,0.));
#1666 = VECTOR('',#1667,1.);
#1667 = DIRECTION('',(-1.110223024625E-16,-1.,0.));
#1668 = PCURVE('',#218,#1669);
#1669 = DEFINITIONAL_REPRESENTATION('',(#1670),#1674);
#1670 = LINE('',#1671,#1672);
#1671 = CARTESIAN_POINT('',(81.75,38.25));
#1672 = VECTOR('',#1673,1.);
#1673 = DIRECTION('',(-1.110223024625E-16,-1.));
#1674 = ( GEOMETRIC_REPRESENTATION_CONTEXT(2) 
PARAMETRIC_REPRESENTATION_CONTEXT() REPRESENTATION_CONTEXT('2D SPACE',''
  ) );
#1675 = PCURVE('',#1203,#1676);
#1676 = DEFINITIONAL_REPRESENTATION('',(#1677),#1681);
#1677 = LINE('',#1678,#1679);
#1678 = CARTESIAN_POINT('',(0.,0.));
#1679 = VECTOR('',#1680,1.);
#1680 = DIRECTION('',(1.,0.));
#1681 = ( GEOMETRIC_REPRESENTATION_CONTEXT(2) 
PARAMETRIC_REPRESENTATION_CONTEXT() REPRESENTATION_CONTEXT('2D SPACE',''
  ) );
#1682 = ADVANCED_FACE('',(#1683),#300,.F.);
#1683 = FACE_BOUND('',#1684,.F.);
#1684 = EDGE_LOOP('',(#1685,#1686,#1687,#1688));
#1685 = ORIENTED_EDGE('',*,*,#1355,.F.);
#1686 = ORIENTED_EDGE('',*,*,#1273,.T.);
#1687 = ORIENTED_EDGE('',*,*,#284,.T.);
#1688 = ORIENTED_EDGE('',*,*,#1689,.F.);
#1689 = EDGE_CURVE('',#1356,#285,#1690,.T.);
#1690 = SURFACE_CURVE('',#1691,(#1695,#1702),.PCURVE_S1.);
#1691 = LINE('',#1692,#1693);
#1692 = CARTESIAN_POINT('',(41.,-30.,0.));
#1693 = VECTOR('',#1694,1.);
#1694 = DIRECTION('',(0.,0.,1.));
#1695 = PCURVE('',#300,#1696);
#1696 = DEFINITIONAL_REPRESENTATION('',(#1697),#1701);
#1697 = LINE('',#1698,#1699);
#1698 = CARTESIAN_POINT('',(0.,86.));
#1699 = VECTOR('',#1700,1.);
#1700 = DIRECTION('',(1.,0.));
#1701 = ( GEOMETRIC_REPRESENTATION_CONTEXT(2) 
PARAMETRIC_REPRESENTATION_CONTEXT() REPRESENTATION_CONTEXT('2D SPACE',''
  ) );
#1702 = PCURVE('',#333,#1703);
#1703 = DEFINITIONAL_REPRESENTATION('',(#1704),#1708);
#1704 = LINE('',#1705,#1706);
#1705 = CARTESIAN_POINT('',(-1.570796326795,0.));
#1706 = VECTOR('',#1707,1.);
#1707 = DIRECTION('',(-0.,1.));
#1708 = ( GEOMETRIC_REPRESENTATION_CONTEXT(2) 
PARAMETRIC_REPRESENTATION_CONTEXT() REPRESENTATION_CONTEXT('2D SPACE',''
  ) );
#1709 = ADVANCED_FACE('',(#1710),#418,.T.);
#1710 = FACE_BOUND('',#1711,.T.);
#1711 = EDGE_LOOP('',(#1712,#1713,#1714,#1715));
#1712 = ORIENTED_EDGE('',*,*,#1453,.F.);
#1713 = ORIENTED_EDGE('',*,*,#1327,.T.);
#1714 = ORIENTED_EDGE('',*,*,#402,.T.);
#1715 = ORIENTED_EDGE('',*,*,#1716,.F.);
#1716 = EDGE_CURVE('',#1430,#374,#1717,.T.);
#1717 = SURFACE_CURVE('',#1718,(#1722,#1729),.PCURVE_S1.);
#1718 = LINE('',#1719,#1720);
#1719 = CARTESIAN_POINT('',(41.,30.,0.));
#1720 = VECTOR('',#1721,1.);
#1721 = DIRECTION('',(0.,0.,1.));
#1722 = PCURVE('',#418,#1723);
#1723 = DEFINITIONAL_REPRESENTATION('',(#1724),#1728);
#1724 = LINE('',#1725,#1726);
#1725 = CARTESIAN_POINT('',(0.,86.));
#1726 = VECTOR('',#1727,1.);
#1727 = DIRECTION('',(1.,0.));
#1728 = ( GEOMETRIC_REPRESENTATION_CONTEXT(2) 
PARAMETRIC_REPRESENTATION_CONTEXT() REPRESENTATION_CONTEXT('2D SPACE',''
  ) );
#1729 = PCURVE('',#390,#1730);
#1730 = DEFINITIONAL_REPRESENTATION('',(#1731),#1735);
#1731 = LINE('',#1732,#1733);
#1732 = CARTESIAN_POINT('',(1.570796326795,0.));
#1733 = VECTOR('',#1734,1.);
#1734 = DIRECTION('',(0.,1.));
#1735 = ( GEOMETRIC_REPRESENTATION_CONTEXT(2) 
PARAMETRIC_REPRESENTATION_CONTEXT() REPRESENTATION_CONTEXT('2D SPACE',''
  ) );
#1736 = ADVANCED_FACE('',(#1737),#333,.T.);
#1737 = FACE_BOUND('',#1738,.F.);
#1738 = EDGE_LOOP('',(#1739,#1740,#1741,#1742));
#1739 = ORIENTED_EDGE('',*,*,#1378,.T.);
#1740 = ORIENTED_EDGE('',*,*,#1689,.T.);
#1741 = ORIENTED_EDGE('',*,*,#312,.F.);
#1742 = ORIENTED_EDGE('',*,*,#1743,.F.);
#1743 = EDGE_CURVE('',#1379,#313,#1744,.T.);
#1744 = SURFACE_CURVE('',#1745,(#1749,#1756),.PCURVE_S1.);
#1745 = LINE('',#1746,#1747);
#1746 = CARTESIAN_POINT('',(45.,-26.,0.));
#1747 = VECTOR('',#1748,1.);
#1748 = DIRECTION('',(0.,0.,1.));
#1749 = PCURVE('',#333,#1750);
#1750 = DEFINITIONAL_REPRESENTATION('',(#1751),#1755);
#1751 = LINE('',#1752,#1753);
#1752 = CARTESIAN_POINT('',(-0.,0.));
#1753 = VECTOR('',#1754,1.);
#1754 = DIRECTION('',(-0.,1.));
#1755 = ( GEOMETRIC_REPRESENTATION_CONTEXT(2) 
PARAMETRIC_REPRESENTATION_CONTEXT() REPRESENTATION_CONTEXT('2D SPACE',''
  ) );
#1756 = PCURVE('',#361,#1757);
#1757 = DEFINITIONAL_REPRESENTATION('',(#1758),#1762);
#1758 = LINE('',#1759,#1760);
#1759 = CARTESIAN_POINT('',(0.,-4.));
#1760 = VECTOR('',#1761,1.);
#1761 = DIRECTION('',(1.,0.));
#1762 = ( GEOMETRIC_REPRESENTATION_CONTEXT(2) 
PARAMETRIC_REPRESENTATION_CONTEXT() REPRESENTATION_CONTEXT('2D SPACE',''
  ) );
#1763 = ADVANCED_FACE('',(#1764),#390,.T.);
#1764 = FACE_BOUND('',#1765,.T.);
#1765 = EDGE_LOOP('',(#1766,#1767,#1768,#1769));
#1766 = ORIENTED_EDGE('',*,*,#1429,.T.);
#1767 = ORIENTED_EDGE('',*,*,#1716,.T.);
#1768 = ORIENTED_EDGE('',*,*,#373,.F.);
#1769 = ORIENTED_EDGE('',*,*,#1770,.F.);
#1770 = EDGE_CURVE('',#1407,#346,#1771,.T.);
#1771 = SURFACE_CURVE('',#1772,(#1776,#1783),.PCURVE_S1.);
#1772 = LINE('',#1773,#1774);
#1773 = CARTESIAN_POINT('',(45.,26.,0.));
#1774 = VECTOR('',#1775,1.);
#1775 = DIRECTION('',(0.,0.,1.));
#1776 = PCURVE('',#390,#1777);
#1777 = DEFINITIONAL_REPRESENTATION('',(#1778),#1782);
#1778 = LINE('',#1779,#1780);
#1779 = CARTESIAN_POINT('',(0.,0.));
#1780 = VECTOR('',#1781,1.);
#1781 = DIRECTION('',(0.,1.));
#1782 = ( GEOMETRIC_REPRESENTATION_CONTEXT(2) 
PARAMETRIC_REPRESENTATION_CONTEXT() REPRESENTATION_CONTEXT('2D SPACE',''
  ) );
#1783 = PCURVE('',#361,#1784);
#1784 = DEFINITIONAL_REPRESENTATION('',(#1785),#1789);
#1785 = LINE('',#1786,#1787);
#1786 = CARTESIAN_POINT('',(0.,-56.));
#1787 = VECTOR('',#1788,1.);
#1788 = DIRECTION('',(1.,0.));
#1789 = ( GEOMETRIC_REPRESENTATION_CONTEXT(2) 
PARAMETRIC_REPRESENTATION_CONTEXT() REPRESENTATION_CONTEXT('2D SPACE',''
  ) );
#1790 = ADVANCED_FACE('',(#1791),#361,.T.);
#1791 = FACE_BOUND('',#1792,.T.);
#1792 = EDGE_LOOP('',(#1793,#1794,#1795,#1796));
#1793 = ORIENTED_EDGE('',*,*,#345,.F.);
#1794 = ORIENTED_EDGE('',*,*,#1743,.F.);
#1795 = ORIENTED_EDGE('',*,*,#1406,.T.);
#1796 = ORIENTED_EDGE('',*,*,#1770,.T.);
#1797 = ADVANCED_FACE('',(#1798),#476,.F.);
#1798 = FACE_BOUND('',#1799,.F.);
#1799 = EDGE_LOOP('',(#1800,#1801,#1822,#1823));
#1800 = ORIENTED_EDGE('',*,*,#1507,.F.);
#1801 = ORIENTED_EDGE('',*,*,#1802,.T.);
#1802 = EDGE_CURVE('',#1480,#461,#1803,.T.);
#1803 = SURFACE_CURVE('',#1804,(#1808,#1815),.PCURVE_S1.);
#1804 = LINE('',#1805,#1806);
#1805 = CARTESIAN_POINT('',(-36.75,-8.25,0.));
#1806 = VECTOR('',#1807,1.);
#1807 = DIRECTION('',(0.,0.,1.));
#1808 = PCURVE('',#476,#1809);
#1809 = DEFINITIONAL_REPRESENTATION('',(#1810),#1814);
#1810 = LINE('',#1811,#1812);
#1811 = CARTESIAN_POINT('',(0.,0.));
#1812 = VECTOR('',#1813,1.);
#1813 = DIRECTION('',(0.,-1.));
#1814 = ( GEOMETRIC_REPRESENTATION_CONTEXT(2) 
PARAMETRIC_REPRESENTATION_CONTEXT() REPRESENTATION_CONTEXT('2D SPACE',''
  ) );
#1815 = PCURVE('',#568,#1816);
#1816 = DEFINITIONAL_REPRESENTATION('',(#1817),#1821);
#1817 = LINE('',#1818,#1819);
#1818 = CARTESIAN_POINT('',(3.14159265359,0.));
#1819 = VECTOR('',#1820,1.);
#1820 = DIRECTION('',(0.,-1.));
#1821 = ( GEOMETRIC_REPRESENTATION_CONTEXT(2) 
PARAMETRIC_REPRESENTATION_CONTEXT() REPRESENTATION_CONTEXT('2D SPACE',''
  ) );
#1822 = ORIENTED_EDGE('',*,*,#458,.F.);
#1823 = ORIENTED_EDGE('',*,*,#1824,.F.);
#1824 = EDGE_CURVE('',#1508,#459,#1825,.T.);
#1825 = SURFACE_CURVE('',#1826,(#1830,#1837),.PCURVE_S1.);
#1826 = LINE('',#1827,#1828);
#1827 = CARTESIAN_POINT('',(-36.75,8.25,0.));
#1828 = VECTOR('',#1829,1.);
#1829 = DIRECTION('',(0.,0.,1.));
#1830 = PCURVE('',#476,#1831);
#1831 = DEFINITIONAL_REPRESENTATION('',(#1832),#1836);
#1832 = LINE('',#1833,#1834);
#1833 = CARTESIAN_POINT('',(16.5,0.));
#1834 = VECTOR('',#1835,1.);
#1835 = DIRECTION('',(0.,-1.));
#1836 = ( GEOMETRIC_REPRESENTATION_CONTEXT(2) 
PARAMETRIC_REPRESENTATION_CONTEXT() REPRESENTATION_CONTEXT('2D SPACE',''
  ) );
#1837 = PCURVE('',#509,#1838);
#1838 = DEFINITIONAL_REPRESENTATION('',(#1839),#1843);
#1839 = LINE('',#1840,#1841);
#1840 = CARTESIAN_POINT('',(0.,0.));
#1841 = VECTOR('',#1842,1.);
#1842 = DIRECTION('',(0.,-1.));
#1843 = ( GEOMETRIC_REPRESENTATION_CONTEXT(2) 
PARAMETRIC_REPRESENTATION_CONTEXT() REPRESENTATION_CONTEXT('2D SPACE',''
  ) );
#1844 = ADVANCED_FACE('',(#1845),#509,.F.);
#1845 = FACE_BOUND('',#1846,.F.);
#1846 = EDGE_LOOP('',(#1847,#1848,#1849,#1850));
#1847 = ORIENTED_EDGE('',*,*,#1530,.F.);
#1848 = ORIENTED_EDGE('',*,*,#1824,.T.);
#1849 = ORIENTED_EDGE('',*,*,#488,.T.);
#1850 = ORIENTED_EDGE('',*,*,#1851,.F.);
#1851 = EDGE_CURVE('',#1531,#489,#1852,.T.);
#1852 = SURFACE_CURVE('',#1853,(#1857,#1864),.PCURVE_S1.);
#1853 = LINE('',#1854,#1855);
#1854 = CARTESIAN_POINT('',(-31.25,8.25,0.));
#1855 = VECTOR('',#1856,1.);
#1856 = DIRECTION('',(0.,0.,1.));
#1857 = PCURVE('',#509,#1858);
#1858 = DEFINITIONAL_REPRESENTATION('',(#1859),#1863);
#1859 = LINE('',#1860,#1861);
#1860 = CARTESIAN_POINT('',(3.14159265359,0.));
#1861 = VECTOR('',#1862,1.);
#1862 = DIRECTION('',(0.,-1.));
#1863 = ( GEOMETRIC_REPRESENTATION_CONTEXT(2) 
PARAMETRIC_REPRESENTATION_CONTEXT() REPRESENTATION_CONTEXT('2D SPACE',''
  ) );
#1864 = PCURVE('',#537,#1865);
#1865 = DEFINITIONAL_REPRESENTATION('',(#1866),#1870);
#1866 = LINE('',#1867,#1868);
#1867 = CARTESIAN_POINT('',(0.,0.));
#1868 = VECTOR('',#1869,1.);
#1869 = DIRECTION('',(0.,-1.));
#1870 = ( GEOMETRIC_REPRESENTATION_CONTEXT(2) 
PARAMETRIC_REPRESENTATION_CONTEXT() REPRESENTATION_CONTEXT('2D SPACE',''
  ) );
#1871 = ADVANCED_FACE('',(#1872),#568,.F.);
#1872 = FACE_BOUND('',#1873,.F.);
#1873 = EDGE_LOOP('',(#1874,#1875,#1896,#1897));
#1874 = ORIENTED_EDGE('',*,*,#1477,.F.);
#1875 = ORIENTED_EDGE('',*,*,#1876,.T.);
#1876 = EDGE_CURVE('',#1478,#522,#1877,.T.);
#1877 = SURFACE_CURVE('',#1878,(#1882,#1889),.PCURVE_S1.);
#1878 = LINE('',#1879,#1880);
#1879 = CARTESIAN_POINT('',(-31.25,-8.25,0.));
#1880 = VECTOR('',#1881,1.);
#1881 = DIRECTION('',(0.,0.,1.));
#1882 = PCURVE('',#568,#1883);
#1883 = DEFINITIONAL_REPRESENTATION('',(#1884),#1888);
#1884 = LINE('',#1885,#1886);
#1885 = CARTESIAN_POINT('',(0.,0.));
#1886 = VECTOR('',#1887,1.);
#1887 = DIRECTION('',(0.,-1.));
#1888 = ( GEOMETRIC_REPRESENTATION_CONTEXT(2) 
PARAMETRIC_REPRESENTATION_CONTEXT() REPRESENTATION_CONTEXT('2D SPACE',''
  ) );
#1889 = PCURVE('',#537,#1890);
#1890 = DEFINITIONAL_REPRESENTATION('',(#1891),#1895);
#1891 = LINE('',#1892,#1893);
#1892 = CARTESIAN_POINT('',(16.5,0.));
#1893 = VECTOR('',#1894,1.);
#1894 = DIRECTION('',(0.,-1.));
#1895 = ( GEOMETRIC_REPRESENTATION_CONTEXT(2) 
PARAMETRIC_REPRESENTATION_CONTEXT() REPRESENTATION_CONTEXT('2D SPACE',''
  ) );
#1896 = ORIENTED_EDGE('',*,*,#549,.T.);
#1897 = ORIENTED_EDGE('',*,*,#1802,.F.);
#1898 = ADVANCED_FACE('',(#1899),#537,.F.);
#1899 = FACE_BOUND('',#1900,.F.);
#1900 = EDGE_LOOP('',(#1901,#1902,#1903,#1904));
#1901 = ORIENTED_EDGE('',*,*,#1558,.F.);
#1902 = ORIENTED_EDGE('',*,*,#1851,.T.);
#1903 = ORIENTED_EDGE('',*,*,#521,.F.);
#1904 = ORIENTED_EDGE('',*,*,#1876,.F.);
#1905 = ADVANCED_FACE('',(#1906),#600,.T.);
#1906 = FACE_BOUND('',#1907,.T.);
#1907 = EDGE_LOOP('',(#1908,#1931,#1932,#1955));
#1908 = ORIENTED_EDGE('',*,*,#1909,.F.);
#1909 = EDGE_CURVE('',#583,#1910,#1912,.T.);
#1910 = VERTEX_POINT('',#1911);
#1911 = CARTESIAN_POINT('',(24.,-6.,100.));
#1912 = SURFACE_CURVE('',#1913,(#1917,#1924),.PCURVE_S1.);
#1913 = LINE('',#1914,#1915);
#1914 = CARTESIAN_POINT('',(24.,-6.,0.));
#1915 = VECTOR('',#1916,1.);
#1916 = DIRECTION('',(0.,0.,1.));
#1917 = PCURVE('',#600,#1918);
#1918 = DEFINITIONAL_REPRESENTATION('',(#1919),#1923);
#1919 = LINE('',#1920,#1921);
#1920 = CARTESIAN_POINT('',(0.,0.));
#1921 = VECTOR('',#1922,1.);
#1922 = DIRECTION('',(1.,0.));
#1923 = ( GEOMETRIC_REPRESENTATION_CONTEXT(2) 
PARAMETRIC_REPRESENTATION_CONTEXT() REPRESENTATION_CONTEXT('2D SPACE',''
  ) );
#1924 = PCURVE('',#628,#1925);
#1925 = DEFINITIONAL_REPRESENTATION('',(#1926),#1930);
#1926 = LINE('',#1927,#1928);
#1927 = CARTESIAN_POINT('',(0.,48.));
#1928 = VECTOR('',#1929,1.);
#1929 = DIRECTION('',(1.,0.));
#1930 = ( GEOMETRIC_REPRESENTATION_CONTEXT(2) 
PARAMETRIC_REPRESENTATION_CONTEXT() REPRESENTATION_CONTEXT('2D SPACE',''
  ) );
#1931 = ORIENTED_EDGE('',*,*,#582,.T.);
#1932 = ORIENTED_EDGE('',*,*,#1933,.T.);
#1933 = EDGE_CURVE('',#585,#1934,#1936,.T.);
#1934 = VERTEX_POINT('',#1935);
#1935 = CARTESIAN_POINT('',(24.,6.,100.));
#1936 = SURFACE_CURVE('',#1937,(#1941,#1948),.PCURVE_S1.);
#1937 = LINE('',#1938,#1939);
#1938 = CARTESIAN_POINT('',(24.,6.,0.));
#1939 = VECTOR('',#1940,1.);
#1940 = DIRECTION('',(0.,0.,1.));
#1941 = PCURVE('',#600,#1942);
#1942 = DEFINITIONAL_REPRESENTATION('',(#1943),#1947);
#1943 = LINE('',#1944,#1945);
#1944 = CARTESIAN_POINT('',(0.,-12.));
#1945 = VECTOR('',#1946,1.);
#1946 = DIRECTION('',(1.,0.));
#1947 = ( GEOMETRIC_REPRESENTATION_CONTEXT(2) 
PARAMETRIC_REPRESENTATION_CONTEXT() REPRESENTATION_CONTEXT('2D SPACE',''
  ) );
#1948 = PCURVE('',#898,#1949);
#1949 = DEFINITIONAL_REPRESENTATION('',(#1950),#1954);
#1950 = LINE('',#1951,#1952);
#1951 = CARTESIAN_POINT('',(0.,48.));
#1952 = VECTOR('',#1953,1.);
#1953 = DIRECTION('',(1.,0.));
#1954 = ( GEOMETRIC_REPRESENTATION_CONTEXT(2) 
PARAMETRIC_REPRESENTATION_CONTEXT() REPRESENTATION_CONTEXT('2D SPACE',''
  ) );
#1955 = ORIENTED_EDGE('',*,*,#1956,.F.);
#1956 = EDGE_CURVE('',#1910,#1934,#1957,.T.);
#1957 = SURFACE_CURVE('',#1958,(#1962,#1969),.PCURVE_S1.);
#1958 = LINE('',#1959,#1960);
#1959 = CARTESIAN_POINT('',(24.,-6.,100.));
#1960 = VECTOR('',#1961,1.);
#1961 = DIRECTION('',(0.,1.,0.));
#1962 = PCURVE('',#600,#1963);
#1963 = DEFINITIONAL_REPRESENTATION('',(#1964),#1968);
#1964 = LINE('',#1965,#1966);
#1965 = CARTESIAN_POINT('',(100.,0.));
#1966 = VECTOR('',#1967,1.);
#1967 = DIRECTION('',(0.,-1.));
#1968 = ( GEOMETRIC_REPRESENTATION_CONTEXT(2) 
PARAMETRIC_REPRESENTATION_CONTEXT() REPRESENTATION_CONTEXT('2D SPACE',''
  ) );
#1969 = PCURVE('',#1970,#1975);
#1970 = PLANE('',#1971);
#1971 = AXIS2_PLACEMENT_3D('',#1972,#1973,#1974);
#1972 = CARTESIAN_POINT('',(-24.,-6.,100.));
#1973 = DIRECTION('',(0.,0.,1.));
#1974 = DIRECTION('',(1.,0.,0.));
#1975 = DEFINITIONAL_REPRESENTATION('',(#1976),#1980);
#1976 = LINE('',#1977,#1978);
#1977 = CARTESIAN_POINT('',(48.,0.));
#1978 = VECTOR('',#1979,1.);
#1979 = DIRECTION('',(0.,1.));
#1980 = ( GEOMETRIC_REPRESENTATION_CONTEXT(2) 
PARAMETRIC_REPRESENTATION_CONTEXT() REPRESENTATION_CONTEXT('2D SPACE',''
  ) );
#1981 = ADVANCED_FACE('',(#1982,#2223,#2337),#628,.F.);
#1982 = FACE_BOUND('',#1983,.F.);
#1983 = EDGE_LOOP('',(#1984,#1985,#1986,#2009,#2032,#2053,#2054,#2077,
    #2100,#2121,#2122,#2145,#2173,#2202));
#1984 = ORIENTED_EDGE('',*,*,#1909,.F.);
#1985 = ORIENTED_EDGE('',*,*,#612,.T.);
#1986 = ORIENTED_EDGE('',*,*,#1987,.F.);
#1987 = EDGE_CURVE('',#1988,#613,#1990,.T.);
#1988 = VERTEX_POINT('',#1989);
#1989 = CARTESIAN_POINT('',(21.,-6.,75.));
#1990 = SURFACE_CURVE('',#1991,(#1995,#2002),.PCURVE_S1.);
#1991 = LINE('',#1992,#1993);
#1992 = CARTESIAN_POINT('',(21.,-6.,75.));
#1993 = VECTOR('',#1994,1.);
#1994 = DIRECTION('',(0.,0.,-1.));
#1995 = PCURVE('',#628,#1996);
#1996 = DEFINITIONAL_REPRESENTATION('',(#1997),#2001);
#1997 = LINE('',#1998,#1999);
#1998 = CARTESIAN_POINT('',(75.,45.));
#1999 = VECTOR('',#2000,1.);
#2000 = DIRECTION('',(-1.,0.));
#2001 = ( GEOMETRIC_REPRESENTATION_CONTEXT(2) 
PARAMETRIC_REPRESENTATION_CONTEXT() REPRESENTATION_CONTEXT('2D SPACE',''
  ) );
#2002 = PCURVE('',#656,#2003);
#2003 = DEFINITIONAL_REPRESENTATION('',(#2004),#2008);
#2004 = LINE('',#2005,#2006);
#2005 = CARTESIAN_POINT('',(-38.12012478773,-6.379875212264));
#2006 = VECTOR('',#2007,1.);
#2007 = DIRECTION('',(1.,0.));
#2008 = ( GEOMETRIC_REPRESENTATION_CONTEXT(2) 
PARAMETRIC_REPRESENTATION_CONTEXT() REPRESENTATION_CONTEXT('2D SPACE',''
  ) );
#2009 = ORIENTED_EDGE('',*,*,#2010,.F.);
#2010 = EDGE_CURVE('',#2011,#1988,#2013,.T.);
#2011 = VERTEX_POINT('',#2012);
#2012 = CARTESIAN_POINT('',(15.,-6.,75.));
#2013 = SURFACE_CURVE('',#2014,(#2018,#2025),.PCURVE_S1.);
#2014 = LINE('',#2015,#2016);
#2015 = CARTESIAN_POINT('',(15.,-6.,75.));
#2016 = VECTOR('',#2017,1.);
#2017 = DIRECTION('',(1.,0.,0.));
#2018 = PCURVE('',#628,#2019);
#2019 = DEFINITIONAL_REPRESENTATION('',(#2020),#2024);
#2020 = LINE('',#2021,#2022);
#2021 = CARTESIAN_POINT('',(75.,39.));
#2022 = VECTOR('',#2023,1.);
#2023 = DIRECTION('',(0.,1.));
#2024 = ( GEOMETRIC_REPRESENTATION_CONTEXT(2) 
PARAMETRIC_REPRESENTATION_CONTEXT() REPRESENTATION_CONTEXT('2D SPACE',''
  ) );
#2025 = PCURVE('',#684,#2026);
#2026 = DEFINITIONAL_REPRESENTATION('',(#2027),#2031);
#2027 = LINE('',#2028,#2029);
#2028 = CARTESIAN_POINT('',(70.519500849056,0.));
#2029 = VECTOR('',#2030,1.);
#2030 = DIRECTION('',(0.,-1.));
#2031 = ( GEOMETRIC_REPRESENTATION_CONTEXT(2) 
PARAMETRIC_REPRESENTATION_CONTEXT() REPRESENTATION_CONTEXT('2D SPACE',''
  ) );
#2032 = ORIENTED_EDGE('',*,*,#2033,.T.);
#2033 = EDGE_CURVE('',#2011,#697,#2034,.T.);
#2034 = SURFACE_CURVE('',#2035,(#2039,#2046),.PCURVE_S1.);
#2035 = LINE('',#2036,#2037);
#2036 = CARTESIAN_POINT('',(15.,-6.,75.));
#2037 = VECTOR('',#2038,1.);
#2038 = DIRECTION('',(0.,0.,-1.));
#2039 = PCURVE('',#628,#2040);
#2040 = DEFINITIONAL_REPRESENTATION('',(#2041),#2045);
#2041 = LINE('',#2042,#2043);
#2042 = CARTESIAN_POINT('',(75.,39.));
#2043 = VECTOR('',#2044,1.);
#2044 = DIRECTION('',(-1.,0.));
#2045 = ( GEOMETRIC_REPRESENTATION_CONTEXT(2) 
PARAMETRIC_REPRESENTATION_CONTEXT() REPRESENTATION_CONTEXT('2D SPACE',''
  ) );
#2046 = PCURVE('',#712,#2047);
#2047 = DEFINITIONAL_REPRESENTATION('',(#2048),#2052);
#2048 = LINE('',#2049,#2050);
#2049 = CARTESIAN_POINT('',(-38.12012478773,-6.379875212264));
#2050 = VECTOR('',#2051,1.);
#2051 = DIRECTION('',(1.,0.));
#2052 = ( GEOMETRIC_REPRESENTATION_CONTEXT(2) 
PARAMETRIC_REPRESENTATION_CONTEXT() REPRESENTATION_CONTEXT('2D SPACE',''
  ) );
#2053 = ORIENTED_EDGE('',*,*,#724,.T.);
#2054 = ORIENTED_EDGE('',*,*,#2055,.F.);
#2055 = EDGE_CURVE('',#2056,#725,#2058,.T.);
#2056 = VERTEX_POINT('',#2057);
#2057 = CARTESIAN_POINT('',(-15.,-6.,75.));
#2058 = SURFACE_CURVE('',#2059,(#2063,#2070),.PCURVE_S1.);
#2059 = LINE('',#2060,#2061);
#2060 = CARTESIAN_POINT('',(-15.,-6.,75.));
#2061 = VECTOR('',#2062,1.);
#2062 = DIRECTION('',(0.,0.,-1.));
#2063 = PCURVE('',#628,#2064);
#2064 = DEFINITIONAL_REPRESENTATION('',(#2065),#2069);
#2065 = LINE('',#2066,#2067);
#2066 = CARTESIAN_POINT('',(75.,9.));
#2067 = VECTOR('',#2068,1.);
#2068 = DIRECTION('',(-1.,0.));
#2069 = ( GEOMETRIC_REPRESENTATION_CONTEXT(2) 
PARAMETRIC_REPRESENTATION_CONTEXT() REPRESENTATION_CONTEXT('2D SPACE',''
  ) );
#2070 = PCURVE('',#763,#2071);
#2071 = DEFINITIONAL_REPRESENTATION('',(#2072),#2076);
#2072 = LINE('',#2073,#2074);
#2073 = CARTESIAN_POINT('',(-38.12012478773,-6.379875212264));
#2074 = VECTOR('',#2075,1.);
#2075 = DIRECTION('',(1.,0.));
#2076 = ( GEOMETRIC_REPRESENTATION_CONTEXT(2) 
PARAMETRIC_REPRESENTATION_CONTEXT() REPRESENTATION_CONTEXT('2D SPACE',''
  ) );
#2077 = ORIENTED_EDGE('',*,*,#2078,.F.);
#2078 = EDGE_CURVE('',#2079,#2056,#2081,.T.);
#2079 = VERTEX_POINT('',#2080);
#2080 = CARTESIAN_POINT('',(-21.,-6.,75.));
#2081 = SURFACE_CURVE('',#2082,(#2086,#2093),.PCURVE_S1.);
#2082 = LINE('',#2083,#2084);
#2083 = CARTESIAN_POINT('',(-21.,-6.,75.));
#2084 = VECTOR('',#2085,1.);
#2085 = DIRECTION('',(1.,0.,0.));
#2086 = PCURVE('',#628,#2087);
#2087 = DEFINITIONAL_REPRESENTATION('',(#2088),#2092);
#2088 = LINE('',#2089,#2090);
#2089 = CARTESIAN_POINT('',(75.,3.));
#2090 = VECTOR('',#2091,1.);
#2091 = DIRECTION('',(0.,1.));
#2092 = ( GEOMETRIC_REPRESENTATION_CONTEXT(2) 
PARAMETRIC_REPRESENTATION_CONTEXT() REPRESENTATION_CONTEXT('2D SPACE',''
  ) );
#2093 = PCURVE('',#791,#2094);
#2094 = DEFINITIONAL_REPRESENTATION('',(#2095),#2099);
#2095 = LINE('',#2096,#2097);
#2096 = CARTESIAN_POINT('',(70.519500849056,0.));
#2097 = VECTOR('',#2098,1.);
#2098 = DIRECTION('',(0.,-1.));
#2099 = ( GEOMETRIC_REPRESENTATION_CONTEXT(2) 
PARAMETRIC_REPRESENTATION_CONTEXT() REPRESENTATION_CONTEXT('2D SPACE',''
  ) );
#2100 = ORIENTED_EDGE('',*,*,#2101,.T.);
#2101 = EDGE_CURVE('',#2079,#804,#2102,.T.);
#2102 = SURFACE_CURVE('',#2103,(#2107,#2114),.PCURVE_S1.);
#2103 = LINE('',#2104,#2105);
#2104 = CARTESIAN_POINT('',(-21.,-6.,75.));
#2105 = VECTOR('',#2106,1.);
#2106 = DIRECTION('',(0.,0.,-1.));
#2107 = PCURVE('',#628,#2108);
#2108 = DEFINITIONAL_REPRESENTATION('',(#2109),#2113);
#2109 = LINE('',#2110,#2111);
#2110 = CARTESIAN_POINT('',(75.,3.));
#2111 = VECTOR('',#2112,1.);
#2112 = DIRECTION('',(-1.,0.));
#2113 = ( GEOMETRIC_REPRESENTATION_CONTEXT(2) 
PARAMETRIC_REPRESENTATION_CONTEXT() REPRESENTATION_CONTEXT('2D SPACE',''
  ) );
#2114 = PCURVE('',#819,#2115);
#2115 = DEFINITIONAL_REPRESENTATION('',(#2116),#2120);
#2116 = LINE('',#2117,#2118);
#2117 = CARTESIAN_POINT('',(-38.12012478773,-6.379875212264));
#2118 = VECTOR('',#2119,1.);
#2119 = DIRECTION('',(1.,0.));
#2120 = ( GEOMETRIC_REPRESENTATION_CONTEXT(2) 
PARAMETRIC_REPRESENTATION_CONTEXT() REPRESENTATION_CONTEXT('2D SPACE',''
  ) );
#2121 = ORIENTED_EDGE('',*,*,#831,.T.);
#2122 = ORIENTED_EDGE('',*,*,#2123,.T.);
#2123 = EDGE_CURVE('',#832,#2124,#2126,.T.);
#2124 = VERTEX_POINT('',#2125);
#2125 = CARTESIAN_POINT('',(-24.,-6.,100.));
#2126 = SURFACE_CURVE('',#2127,(#2131,#2138),.PCURVE_S1.);
#2127 = LINE('',#2128,#2129);
#2128 = CARTESIAN_POINT('',(-24.,-6.,0.));
#2129 = VECTOR('',#2130,1.);
#2130 = DIRECTION('',(0.,0.,1.));
#2131 = PCURVE('',#628,#2132);
#2132 = DEFINITIONAL_REPRESENTATION('',(#2133),#2137);
#2133 = LINE('',#2134,#2135);
#2134 = CARTESIAN_POINT('',(0.,0.));
#2135 = VECTOR('',#2136,1.);
#2136 = DIRECTION('',(1.,0.));
#2137 = ( GEOMETRIC_REPRESENTATION_CONTEXT(2) 
PARAMETRIC_REPRESENTATION_CONTEXT() REPRESENTATION_CONTEXT('2D SPACE',''
  ) );
#2138 = PCURVE('',#870,#2139);
#2139 = DEFINITIONAL_REPRESENTATION('',(#2140),#2144);
#2140 = LINE('',#2141,#2142);
#2141 = CARTESIAN_POINT('',(0.,0.));
#2142 = VECTOR('',#2143,1.);
#2143 = DIRECTION('',(1.,0.));
#2144 = ( GEOMETRIC_REPRESENTATION_CONTEXT(2) 
PARAMETRIC_REPRESENTATION_CONTEXT() REPRESENTATION_CONTEXT('2D SPACE',''
  ) );
#2145 = ORIENTED_EDGE('',*,*,#2146,.T.);
#2146 = EDGE_CURVE('',#2124,#2147,#2149,.T.);
#2147 = VERTEX_POINT('',#2148);
#2148 = CARTESIAN_POINT('',(-8.,-6.,100.));
#2149 = SURFACE_CURVE('',#2150,(#2154,#2161),.PCURVE_S1.);
#2150 = LINE('',#2151,#2152);
#2151 = CARTESIAN_POINT('',(-24.,-6.,100.));
#2152 = VECTOR('',#2153,1.);
#2153 = DIRECTION('',(1.,0.,0.));
#2154 = PCURVE('',#628,#2155);
#2155 = DEFINITIONAL_REPRESENTATION('',(#2156),#2160);
#2156 = LINE('',#2157,#2158);
#2157 = CARTESIAN_POINT('',(100.,0.));
#2158 = VECTOR('',#2159,1.);
#2159 = DIRECTION('',(0.,1.));
#2160 = ( GEOMETRIC_REPRESENTATION_CONTEXT(2) 
PARAMETRIC_REPRESENTATION_CONTEXT() REPRESENTATION_CONTEXT('2D SPACE',''
  ) );
#2161 = PCURVE('',#2162,#2167);
#2162 = PLANE('',#2163);
#2163 = AXIS2_PLACEMENT_3D('',#2164,#2165,#2166);
#2164 = CARTESIAN_POINT('',(-24.,-6.,100.));
#2165 = DIRECTION('',(0.,0.,1.));
#2166 = DIRECTION('',(1.,0.,0.));
#2167 = DEFINITIONAL_REPRESENTATION('',(#2168),#2172);
#2168 = LINE('',#2169,#2170);
#2169 = CARTESIAN_POINT('',(0.,0.));
#2170 = VECTOR('',#2171,1.);
#2171 = DIRECTION('',(1.,0.));
#2172 = ( GEOMETRIC_REPRESENTATION_CONTEXT(2) 
PARAMETRIC_REPRESENTATION_CONTEXT() REPRESENTATION_CONTEXT('2D SPACE',''
  ) );
#2173 = ORIENTED_EDGE('',*,*,#2174,.F.);
#2174 = EDGE_CURVE('',#2175,#2147,#2177,.T.);
#2175 = VERTEX_POINT('',#2176);
#2176 = CARTESIAN_POINT('',(8.,-6.,100.));
#2177 = SURFACE_CURVE('',#2178,(#2183,#2190),.PCURVE_S1.);
#2178 = CIRCLE('',#2179,8.);
#2179 = AXIS2_PLACEMENT_3D('',#2180,#2181,#2182);
#2180 = CARTESIAN_POINT('',(0.,-6.,100.));
#2181 = DIRECTION('',(0.,1.,0.));
#2182 = DIRECTION('',(0.,-0.,1.));
#2183 = PCURVE('',#628,#2184);
#2184 = DEFINITIONAL_REPRESENTATION('',(#2185),#2189);
#2185 = CIRCLE('',#2186,8.);
#2186 = AXIS2_PLACEMENT_2D('',#2187,#2188);
#2187 = CARTESIAN_POINT('',(100.,24.));
#2188 = DIRECTION('',(1.,0.));
#2189 = ( GEOMETRIC_REPRESENTATION_CONTEXT(2) 
PARAMETRIC_REPRESENTATION_CONTEXT() REPRESENTATION_CONTEXT('2D SPACE',''
  ) );
#2190 = PCURVE('',#2191,#2196);
#2191 = CYLINDRICAL_SURFACE('',#2192,8.);
#2192 = AXIS2_PLACEMENT_3D('',#2193,#2194,#2195);
#2193 = CARTESIAN_POINT('',(0.,-7.,100.));
#2194 = DIRECTION('',(0.,1.,0.));
#2195 = DIRECTION('',(0.,-0.,1.));
#2196 = DEFINITIONAL_REPRESENTATION('',(#2197),#2201);
#2197 = LINE('',#2198,#2199);
#2198 = CARTESIAN_POINT('',(0.,1.));
#2199 = VECTOR('',#2200,1.);
#2200 = DIRECTION('',(1.,0.));
#2201 = ( GEOMETRIC_REPRESENTATION_CONTEXT(2) 
PARAMETRIC_REPRESENTATION_CONTEXT() REPRESENTATION_CONTEXT('2D SPACE',''
  ) );
#2202 = ORIENTED_EDGE('',*,*,#2203,.T.);
#2203 = EDGE_CURVE('',#2175,#1910,#2204,.T.);
#2204 = SURFACE_CURVE('',#2205,(#2209,#2216),.PCURVE_S1.);
#2205 = LINE('',#2206,#2207);
#2206 = CARTESIAN_POINT('',(-24.,-6.,100.));
#2207 = VECTOR('',#2208,1.);
#2208 = DIRECTION('',(1.,0.,0.));
#2209 = PCURVE('',#628,#2210);
#2210 = DEFINITIONAL_REPRESENTATION('',(#2211),#2215);
#2211 = LINE('',#2212,#2213);
#2212 = CARTESIAN_POINT('',(100.,0.));
#2213 = VECTOR('',#2214,1.);
#2214 = DIRECTION('',(0.,1.));
#2215 = ( GEOMETRIC_REPRESENTATION_CONTEXT(2) 
PARAMETRIC_REPRESENTATION_CONTEXT() REPRESENTATION_CONTEXT('2D SPACE',''
  ) );
#2216 = PCURVE('',#1970,#2217);
#2217 = DEFINITIONAL_REPRESENTATION('',(#2218),#2222);
#2218 = LINE('',#2219,#2220);
#2219 = CARTESIAN_POINT('',(0.,0.));
#2220 = VECTOR('',#2221,1.);
#2221 = DIRECTION('',(1.,0.));
#2222 = ( GEOMETRIC_REPRESENTATION_CONTEXT(2) 
PARAMETRIC_REPRESENTATION_CONTEXT() REPRESENTATION_CONTEXT('2D SPACE',''
  ) );
#2223 = FACE_BOUND('',#2224,.F.);
#2224 = EDGE_LOOP('',(#2225,#2255,#2283,#2311));
#2225 = ORIENTED_EDGE('',*,*,#2226,.F.);
#2226 = EDGE_CURVE('',#2227,#2229,#2231,.T.);
#2227 = VERTEX_POINT('',#2228);
#2228 = CARTESIAN_POINT('',(-20.9,-6.,85.3));
#2229 = VERTEX_POINT('',#2230);
#2230 = CARTESIAN_POINT('',(-15.1,-6.,85.3));
#2231 = SURFACE_CURVE('',#2232,(#2236,#2243),.PCURVE_S1.);
#2232 = LINE('',#2233,#2234);
#2233 = CARTESIAN_POINT('',(-20.9,-6.,85.3));
#2234 = VECTOR('',#2235,1.);
#2235 = DIRECTION('',(1.,0.,0.));
#2236 = PCURVE('',#628,#2237);
#2237 = DEFINITIONAL_REPRESENTATION('',(#2238),#2242);
#2238 = LINE('',#2239,#2240);
#2239 = CARTESIAN_POINT('',(85.3,3.1));
#2240 = VECTOR('',#2241,1.);
#2241 = DIRECTION('',(0.,1.));
#2242 = ( GEOMETRIC_REPRESENTATION_CONTEXT(2) 
PARAMETRIC_REPRESENTATION_CONTEXT() REPRESENTATION_CONTEXT('2D SPACE',''
  ) );
#2243 = PCURVE('',#2244,#2249);
#2244 = PLANE('',#2245);
#2245 = AXIS2_PLACEMENT_3D('',#2246,#2247,#2248);
#2246 = CARTESIAN_POINT('',(-20.9,-6.,85.3));
#2247 = DIRECTION('',(0.,0.,1.));
#2248 = DIRECTION('',(1.,0.,0.));
#2249 = DEFINITIONAL_REPRESENTATION('',(#2250),#2254);
#2250 = LINE('',#2251,#2252);
#2251 = CARTESIAN_POINT('',(0.,0.));
#2252 = VECTOR('',#2253,1.);
#2253 = DIRECTION('',(1.,0.));
#2254 = ( GEOMETRIC_REPRESENTATION_CONTEXT(2) 
PARAMETRIC_REPRESENTATION_CONTEXT() REPRESENTATION_CONTEXT('2D SPACE',''
  ) );
#2255 = ORIENTED_EDGE('',*,*,#2256,.F.);
#2256 = EDGE_CURVE('',#2257,#2227,#2259,.T.);
#2257 = VERTEX_POINT('',#2258);
#2258 = CARTESIAN_POINT('',(-20.9,-6.,82.));
#2259 = SURFACE_CURVE('',#2260,(#2264,#2271),.PCURVE_S1.);
#2260 = LINE('',#2261,#2262);
#2261 = CARTESIAN_POINT('',(-20.9,-6.,82.));
#2262 = VECTOR('',#2263,1.);
#2263 = DIRECTION('',(0.,0.,1.));
#2264 = PCURVE('',#628,#2265);
#2265 = DEFINITIONAL_REPRESENTATION('',(#2266),#2270);
#2266 = LINE('',#2267,#2268);
#2267 = CARTESIAN_POINT('',(82.,3.1));
#2268 = VECTOR('',#2269,1.);
#2269 = DIRECTION('',(1.,0.));
#2270 = ( GEOMETRIC_REPRESENTATION_CONTEXT(2) 
PARAMETRIC_REPRESENTATION_CONTEXT() REPRESENTATION_CONTEXT('2D SPACE',''
  ) );
#2271 = PCURVE('',#2272,#2277);
#2272 = PLANE('',#2273);
#2273 = AXIS2_PLACEMENT_3D('',#2274,#2275,#2276);
#2274 = CARTESIAN_POINT('',(-20.9,-6.,82.));
#2275 = DIRECTION('',(1.,0.,0.));
#2276 = DIRECTION('',(0.,0.,1.));
#2277 = DEFINITIONAL_REPRESENTATION('',(#2278),#2282);
#2278 = LINE('',#2279,#2280);
#2279 = CARTESIAN_POINT('',(0.,0.));
#2280 = VECTOR('',#2281,1.);
#2281 = DIRECTION('',(1.,0.));
#2282 = ( GEOMETRIC_REPRESENTATION_CONTEXT(2) 
PARAMETRIC_REPRESENTATION_CONTEXT() REPRESENTATION_CONTEXT('2D SPACE',''
  ) );
#2283 = ORIENTED_EDGE('',*,*,#2284,.T.);
#2284 = EDGE_CURVE('',#2257,#2285,#2287,.T.);
#2285 = VERTEX_POINT('',#2286);
#2286 = CARTESIAN_POINT('',(-15.1,-6.,82.));
#2287 = SURFACE_CURVE('',#2288,(#2292,#2299),.PCURVE_S1.);
#2288 = LINE('',#2289,#2290);
#2289 = CARTESIAN_POINT('',(-20.9,-6.,82.));
#2290 = VECTOR('',#2291,1.);
#2291 = DIRECTION('',(1.,0.,0.));
#2292 = PCURVE('',#628,#2293);
#2293 = DEFINITIONAL_REPRESENTATION('',(#2294),#2298);
#2294 = LINE('',#2295,#2296);
#2295 = CARTESIAN_POINT('',(82.,3.1));
#2296 = VECTOR('',#2297,1.);
#2297 = DIRECTION('',(0.,1.));
#2298 = ( GEOMETRIC_REPRESENTATION_CONTEXT(2) 
PARAMETRIC_REPRESENTATION_CONTEXT() REPRESENTATION_CONTEXT('2D SPACE',''
  ) );
#2299 = PCURVE('',#2300,#2305);
#2300 = PLANE('',#2301);
#2301 = AXIS2_PLACEMENT_3D('',#2302,#2303,#2304);
#2302 = CARTESIAN_POINT('',(-20.9,-6.,82.));
#2303 = DIRECTION('',(0.,0.,1.));
#2304 = DIRECTION('',(1.,0.,0.));
#2305 = DEFINITIONAL_REPRESENTATION('',(#2306),#2310);
#2306 = LINE('',#2307,#2308);
#2307 = CARTESIAN_POINT('',(0.,0.));
#2308 = VECTOR('',#2309,1.);
#2309 = DIRECTION('',(1.,0.));
#2310 = ( GEOMETRIC_REPRESENTATION_CONTEXT(2) 
PARAMETRIC_REPRESENTATION_CONTEXT() REPRESENTATION_CONTEXT('2D SPACE',''
  ) );
#2311 = ORIENTED_EDGE('',*,*,#2312,.T.);
#2312 = EDGE_CURVE('',#2285,#2229,#2313,.T.);
#2313 = SURFACE_CURVE('',#2314,(#2318,#2325),.PCURVE_S1.);
#2314 = LINE('',#2315,#2316);
#2315 = CARTESIAN_POINT('',(-15.1,-6.,82.));
#2316 = VECTOR('',#2317,1.);
#2317 = DIRECTION('',(0.,0.,1.));
#2318 = PCURVE('',#628,#2319);
#2319 = DEFINITIONAL_REPRESENTATION('',(#2320),#2324);
#2320 = LINE('',#2321,#2322);
#2321 = CARTESIAN_POINT('',(82.,8.9));
#2322 = VECTOR('',#2323,1.);
#2323 = DIRECTION('',(1.,0.));
#2324 = ( GEOMETRIC_REPRESENTATION_CONTEXT(2) 
PARAMETRIC_REPRESENTATION_CONTEXT() REPRESENTATION_CONTEXT('2D SPACE',''
  ) );
#2325 = PCURVE('',#2326,#2331);
#2326 = PLANE('',#2327);
#2327 = AXIS2_PLACEMENT_3D('',#2328,#2329,#2330);
#2328 = CARTESIAN_POINT('',(-15.1,-6.,82.));
#2329 = DIRECTION('',(1.,0.,0.));
#2330 = DIRECTION('',(0.,0.,1.));
#2331 = DEFINITIONAL_REPRESENTATION('',(#2332),#2336);
#2332 = LINE('',#2333,#2334);
#2333 = CARTESIAN_POINT('',(0.,0.));
#2334 = VECTOR('',#2335,1.);
#2335 = DIRECTION('',(1.,0.));
#2336 = ( GEOMETRIC_REPRESENTATION_CONTEXT(2) 
PARAMETRIC_REPRESENTATION_CONTEXT() REPRESENTATION_CONTEXT('2D SPACE',''
  ) );
#2337 = FACE_BOUND('',#2338,.F.);
#2338 = EDGE_LOOP('',(#2339,#2369,#2397,#2425));
#2339 = ORIENTED_EDGE('',*,*,#2340,.F.);
#2340 = EDGE_CURVE('',#2341,#2343,#2345,.T.);
#2341 = VERTEX_POINT('',#2342);
#2342 = CARTESIAN_POINT('',(15.1,-6.,85.3));
#2343 = VERTEX_POINT('',#2344);
#2344 = CARTESIAN_POINT('',(20.9,-6.,85.3));
#2345 = SURFACE_CURVE('',#2346,(#2350,#2357),.PCURVE_S1.);
#2346 = LINE('',#2347,#2348);
#2347 = CARTESIAN_POINT('',(15.1,-6.,85.3));
#2348 = VECTOR('',#2349,1.);
#2349 = DIRECTION('',(1.,0.,0.));
#2350 = PCURVE('',#628,#2351);
#2351 = DEFINITIONAL_REPRESENTATION('',(#2352),#2356);
#2352 = LINE('',#2353,#2354);
#2353 = CARTESIAN_POINT('',(85.3,39.1));
#2354 = VECTOR('',#2355,1.);
#2355 = DIRECTION('',(0.,1.));
#2356 = ( GEOMETRIC_REPRESENTATION_CONTEXT(2) 
PARAMETRIC_REPRESENTATION_CONTEXT() REPRESENTATION_CONTEXT('2D SPACE',''
  ) );
#2357 = PCURVE('',#2358,#2363);
#2358 = PLANE('',#2359);
#2359 = AXIS2_PLACEMENT_3D('',#2360,#2361,#2362);
#2360 = CARTESIAN_POINT('',(15.1,-6.,85.3));
#2361 = DIRECTION('',(0.,0.,1.));
#2362 = DIRECTION('',(1.,0.,0.));
#2363 = DEFINITIONAL_REPRESENTATION('',(#2364),#2368);
#2364 = LINE('',#2365,#2366);
#2365 = CARTESIAN_POINT('',(0.,0.));
#2366 = VECTOR('',#2367,1.);
#2367 = DIRECTION('',(1.,0.));
#2368 = ( GEOMETRIC_REPRESENTATION_CONTEXT(2) 
PARAMETRIC_REPRESENTATION_CONTEXT() REPRESENTATION_CONTEXT('2D SPACE',''
  ) );
#2369 = ORIENTED_EDGE('',*,*,#2370,.F.);
#2370 = EDGE_CURVE('',#2371,#2341,#2373,.T.);
#2371 = VERTEX_POINT('',#2372);
#2372 = CARTESIAN_POINT('',(15.1,-6.,82.));
#2373 = SURFACE_CURVE('',#2374,(#2378,#2385),.PCURVE_S1.);
#2374 = LINE('',#2375,#2376);
#2375 = CARTESIAN_POINT('',(15.1,-6.,82.));
#2376 = VECTOR('',#2377,1.);
#2377 = DIRECTION('',(0.,0.,1.));
#2378 = PCURVE('',#628,#2379);
#2379 = DEFINITIONAL_REPRESENTATION('',(#2380),#2384);
#2380 = LINE('',#2381,#2382);
#2381 = CARTESIAN_POINT('',(82.,39.1));
#2382 = VECTOR('',#2383,1.);
#2383 = DIRECTION('',(1.,0.));
#2384 = ( GEOMETRIC_REPRESENTATION_CONTEXT(2) 
PARAMETRIC_REPRESENTATION_CONTEXT() REPRESENTATION_CONTEXT('2D SPACE',''
  ) );
#2385 = PCURVE('',#2386,#2391);
#2386 = PLANE('',#2387);
#2387 = AXIS2_PLACEMENT_3D('',#2388,#2389,#2390);
#2388 = CARTESIAN_POINT('',(15.1,-6.,82.));
#2389 = DIRECTION('',(1.,0.,0.));
#2390 = DIRECTION('',(0.,0.,1.));
#2391 = DEFINITIONAL_REPRESENTATION('',(#2392),#2396);
#2392 = LINE('',#2393,#2394);
#2393 = CARTESIAN_POINT('',(0.,0.));
#2394 = VECTOR('',#2395,1.);
#2395 = DIRECTION('',(1.,0.));
#2396 = ( GEOMETRIC_REPRESENTATION_CONTEXT(2) 
PARAMETRIC_REPRESENTATION_CONTEXT() REPRESENTATION_CONTEXT('2D SPACE',''
  ) );
#2397 = ORIENTED_EDGE('',*,*,#2398,.T.);
#2398 = EDGE_CURVE('',#2371,#2399,#2401,.T.);
#2399 = VERTEX_POINT('',#2400);
#2400 = CARTESIAN_POINT('',(20.9,-6.,82.));
#2401 = SURFACE_CURVE('',#2402,(#2406,#2413),.PCURVE_S1.);
#2402 = LINE('',#2403,#2404);
#2403 = CARTESIAN_POINT('',(15.1,-6.,82.));
#2404 = VECTOR('',#2405,1.);
#2405 = DIRECTION('',(1.,0.,0.));
#2406 = PCURVE('',#628,#2407);
#2407 = DEFINITIONAL_REPRESENTATION('',(#2408),#2412);
#2408 = LINE('',#2409,#2410);
#2409 = CARTESIAN_POINT('',(82.,39.1));
#2410 = VECTOR('',#2411,1.);
#2411 = DIRECTION('',(0.,1.));
#2412 = ( GEOMETRIC_REPRESENTATION_CONTEXT(2) 
PARAMETRIC_REPRESENTATION_CONTEXT() REPRESENTATION_CONTEXT('2D SPACE',''
  ) );
#2413 = PCURVE('',#2414,#2419);
#2414 = PLANE('',#2415);
#2415 = AXIS2_PLACEMENT_3D('',#2416,#2417,#2418);
#2416 = CARTESIAN_POINT('',(15.1,-6.,82.));
#2417 = DIRECTION('',(0.,0.,1.));
#2418 = DIRECTION('',(1.,0.,0.));
#2419 = DEFINITIONAL_REPRESENTATION('',(#2420),#2424);
#2420 = LINE('',#2421,#2422);
#2421 = CARTESIAN_POINT('',(0.,0.));
#2422 = VECTOR('',#2423,1.);
#2423 = DIRECTION('',(1.,0.));
#2424 = ( GEOMETRIC_REPRESENTATION_CONTEXT(2) 
PARAMETRIC_REPRESENTATION_CONTEXT() REPRESENTATION_CONTEXT('2D SPACE',''
  ) );
#2425 = ORIENTED_EDGE('',*,*,#2426,.T.);
#2426 = EDGE_CURVE('',#2399,#2343,#2427,.T.);
#2427 = SURFACE_CURVE('',#2428,(#2432,#2439),.PCURVE_S1.);
#2428 = LINE('',#2429,#2430);
#2429 = CARTESIAN_POINT('',(20.9,-6.,82.));
#2430 = VECTOR('',#2431,1.);
#2431 = DIRECTION('',(0.,0.,1.));
#2432 = PCURVE('',#628,#2433);
#2433 = DEFINITIONAL_REPRESENTATION('',(#2434),#2438);
#2434 = LINE('',#2435,#2436);
#2435 = CARTESIAN_POINT('',(82.,44.9));
#2436 = VECTOR('',#2437,1.);
#2437 = DIRECTION('',(1.,0.));
#2438 = ( GEOMETRIC_REPRESENTATION_CONTEXT(2) 
PARAMETRIC_REPRESENTATION_CONTEXT() REPRESENTATION_CONTEXT('2D SPACE',''
  ) );
#2439 = PCURVE('',#2440,#2445);
#2440 = PLANE('',#2441);
#2441 = AXIS2_PLACEMENT_3D('',#2442,#2443,#2444);
#2442 = CARTESIAN_POINT('',(20.9,-6.,82.));
#2443 = DIRECTION('',(1.,0.,0.));
#2444 = DIRECTION('',(0.,0.,1.));
#2445 = DEFINITIONAL_REPRESENTATION('',(#2446),#2450);
#2446 = LINE('',#2447,#2448);
#2447 = CARTESIAN_POINT('',(0.,0.));
#2448 = VECTOR('',#2449,1.);
#2449 = DIRECTION('',(1.,0.));
#2450 = ( GEOMETRIC_REPRESENTATION_CONTEXT(2) 
PARAMETRIC_REPRESENTATION_CONTEXT() REPRESENTATION_CONTEXT('2D SPACE',''
  ) );
#2451 = ADVANCED_FACE('',(#2452),#898,.T.);
#2452 = FACE_BOUND('',#2453,.T.);
#2453 = EDGE_LOOP('',(#2454,#2455,#2456,#2479,#2502,#2523,#2524,#2547,
    #2570,#2591,#2592,#2615,#2638,#2667));
#2454 = ORIENTED_EDGE('',*,*,#1933,.F.);
#2455 = ORIENTED_EDGE('',*,*,#1101,.T.);
#2456 = ORIENTED_EDGE('',*,*,#2457,.F.);
#2457 = EDGE_CURVE('',#2458,#1074,#2460,.T.);
#2458 = VERTEX_POINT('',#2459);
#2459 = CARTESIAN_POINT('',(21.,6.,75.));
#2460 = SURFACE_CURVE('',#2461,(#2465,#2472),.PCURVE_S1.);
#2461 = LINE('',#2462,#2463);
#2462 = CARTESIAN_POINT('',(21.,6.,75.));
#2463 = VECTOR('',#2464,1.);
#2464 = DIRECTION('',(0.,0.,-1.));
#2465 = PCURVE('',#898,#2466);
#2466 = DEFINITIONAL_REPRESENTATION('',(#2467),#2471);
#2467 = LINE('',#2468,#2469);
#2468 = CARTESIAN_POINT('',(75.,45.));
#2469 = VECTOR('',#2470,1.);
#2470 = DIRECTION('',(-1.,0.));
#2471 = ( GEOMETRIC_REPRESENTATION_CONTEXT(2) 
PARAMETRIC_REPRESENTATION_CONTEXT() REPRESENTATION_CONTEXT('2D SPACE',''
  ) );
#2472 = PCURVE('',#1089,#2473);
#2473 = DEFINITIONAL_REPRESENTATION('',(#2474),#2478);
#2474 = LINE('',#2475,#2476);
#2475 = CARTESIAN_POINT('',(38.120124787736,6.379875212264));
#2476 = VECTOR('',#2477,1.);
#2477 = DIRECTION('',(-1.,0.));
#2478 = ( GEOMETRIC_REPRESENTATION_CONTEXT(2) 
PARAMETRIC_REPRESENTATION_CONTEXT() REPRESENTATION_CONTEXT('2D SPACE',''
  ) );
#2479 = ORIENTED_EDGE('',*,*,#2480,.F.);
#2480 = EDGE_CURVE('',#2481,#2458,#2483,.T.);
#2481 = VERTEX_POINT('',#2482);
#2482 = CARTESIAN_POINT('',(15.,6.,75.));
#2483 = SURFACE_CURVE('',#2484,(#2488,#2495),.PCURVE_S1.);
#2484 = LINE('',#2485,#2486);
#2485 = CARTESIAN_POINT('',(15.,6.,75.));
#2486 = VECTOR('',#2487,1.);
#2487 = DIRECTION('',(1.,0.,0.));
#2488 = PCURVE('',#898,#2489);
#2489 = DEFINITIONAL_REPRESENTATION('',(#2490),#2494);
#2490 = LINE('',#2491,#2492);
#2491 = CARTESIAN_POINT('',(75.,39.));
#2492 = VECTOR('',#2493,1.);
#2493 = DIRECTION('',(0.,1.));
#2494 = ( GEOMETRIC_REPRESENTATION_CONTEXT(2) 
PARAMETRIC_REPRESENTATION_CONTEXT() REPRESENTATION_CONTEXT('2D SPACE',''
  ) );
#2495 = PCURVE('',#1061,#2496);
#2496 = DEFINITIONAL_REPRESENTATION('',(#2497),#2501);
#2497 = LINE('',#2498,#2499);
#2498 = CARTESIAN_POINT('',(70.519500849056,0.));
#2499 = VECTOR('',#2500,1.);
#2500 = DIRECTION('',(0.,-1.));
#2501 = ( GEOMETRIC_REPRESENTATION_CONTEXT(2) 
PARAMETRIC_REPRESENTATION_CONTEXT() REPRESENTATION_CONTEXT('2D SPACE',''
  ) );
#2502 = ORIENTED_EDGE('',*,*,#2503,.T.);
#2503 = EDGE_CURVE('',#2481,#995,#2504,.T.);
#2504 = SURFACE_CURVE('',#2505,(#2509,#2516),.PCURVE_S1.);
#2505 = LINE('',#2506,#2507);
#2506 = CARTESIAN_POINT('',(15.,6.,75.));
#2507 = VECTOR('',#2508,1.);
#2508 = DIRECTION('',(0.,0.,-1.));
#2509 = PCURVE('',#898,#2510);
#2510 = DEFINITIONAL_REPRESENTATION('',(#2511),#2515);
#2511 = LINE('',#2512,#2513);
#2512 = CARTESIAN_POINT('',(75.,39.));
#2513 = VECTOR('',#2514,1.);
#2514 = DIRECTION('',(-1.,0.));
#2515 = ( GEOMETRIC_REPRESENTATION_CONTEXT(2) 
PARAMETRIC_REPRESENTATION_CONTEXT() REPRESENTATION_CONTEXT('2D SPACE',''
  ) );
#2516 = PCURVE('',#1033,#2517);
#2517 = DEFINITIONAL_REPRESENTATION('',(#2518),#2522);
#2518 = LINE('',#2519,#2520);
#2519 = CARTESIAN_POINT('',(38.120124787736,6.379875212264));
#2520 = VECTOR('',#2521,1.);
#2521 = DIRECTION('',(-1.,0.));
#2522 = ( GEOMETRIC_REPRESENTATION_CONTEXT(2) 
PARAMETRIC_REPRESENTATION_CONTEXT() REPRESENTATION_CONTEXT('2D SPACE',''
  ) );
#2523 = ORIENTED_EDGE('',*,*,#994,.T.);
#2524 = ORIENTED_EDGE('',*,*,#2525,.F.);
#2525 = EDGE_CURVE('',#2526,#967,#2528,.T.);
#2526 = VERTEX_POINT('',#2527);
#2527 = CARTESIAN_POINT('',(-15.,6.,75.));
#2528 = SURFACE_CURVE('',#2529,(#2533,#2540),.PCURVE_S1.);
#2529 = LINE('',#2530,#2531);
#2530 = CARTESIAN_POINT('',(-15.,6.,75.));
#2531 = VECTOR('',#2532,1.);
#2532 = DIRECTION('',(0.,0.,-1.));
#2533 = PCURVE('',#898,#2534);
#2534 = DEFINITIONAL_REPRESENTATION('',(#2535),#2539);
#2535 = LINE('',#2536,#2537);
#2536 = CARTESIAN_POINT('',(75.,9.));
#2537 = VECTOR('',#2538,1.);
#2538 = DIRECTION('',(-1.,0.));
#2539 = ( GEOMETRIC_REPRESENTATION_CONTEXT(2) 
PARAMETRIC_REPRESENTATION_CONTEXT() REPRESENTATION_CONTEXT('2D SPACE',''
  ) );
#2540 = PCURVE('',#982,#2541);
#2541 = DEFINITIONAL_REPRESENTATION('',(#2542),#2546);
#2542 = LINE('',#2543,#2544);
#2543 = CARTESIAN_POINT('',(38.120124787736,6.379875212264));
#2544 = VECTOR('',#2545,1.);
#2545 = DIRECTION('',(-1.,0.));
#2546 = ( GEOMETRIC_REPRESENTATION_CONTEXT(2) 
PARAMETRIC_REPRESENTATION_CONTEXT() REPRESENTATION_CONTEXT('2D SPACE',''
  ) );
#2547 = ORIENTED_EDGE('',*,*,#2548,.F.);
#2548 = EDGE_CURVE('',#2549,#2526,#2551,.T.);
#2549 = VERTEX_POINT('',#2550);
#2550 = CARTESIAN_POINT('',(-21.,6.,75.));
#2551 = SURFACE_CURVE('',#2552,(#2556,#2563),.PCURVE_S1.);
#2552 = LINE('',#2553,#2554);
#2553 = CARTESIAN_POINT('',(-21.,6.,75.));
#2554 = VECTOR('',#2555,1.);
#2555 = DIRECTION('',(1.,0.,0.));
#2556 = PCURVE('',#898,#2557);
#2557 = DEFINITIONAL_REPRESENTATION('',(#2558),#2562);
#2558 = LINE('',#2559,#2560);
#2559 = CARTESIAN_POINT('',(75.,3.));
#2560 = VECTOR('',#2561,1.);
#2561 = DIRECTION('',(0.,1.));
#2562 = ( GEOMETRIC_REPRESENTATION_CONTEXT(2) 
PARAMETRIC_REPRESENTATION_CONTEXT() REPRESENTATION_CONTEXT('2D SPACE',''
  ) );
#2563 = PCURVE('',#954,#2564);
#2564 = DEFINITIONAL_REPRESENTATION('',(#2565),#2569);
#2565 = LINE('',#2566,#2567);
#2566 = CARTESIAN_POINT('',(70.519500849056,0.));
#2567 = VECTOR('',#2568,1.);
#2568 = DIRECTION('',(0.,-1.));
#2569 = ( GEOMETRIC_REPRESENTATION_CONTEXT(2) 
PARAMETRIC_REPRESENTATION_CONTEXT() REPRESENTATION_CONTEXT('2D SPACE',''
  ) );
#2570 = ORIENTED_EDGE('',*,*,#2571,.T.);
#2571 = EDGE_CURVE('',#2549,#883,#2572,.T.);
#2572 = SURFACE_CURVE('',#2573,(#2577,#2584),.PCURVE_S1.);
#2573 = LINE('',#2574,#2575);
#2574 = CARTESIAN_POINT('',(-21.,6.,75.));
#2575 = VECTOR('',#2576,1.);
#2576 = DIRECTION('',(0.,0.,-1.));
#2577 = PCURVE('',#898,#2578);
#2578 = DEFINITIONAL_REPRESENTATION('',(#2579),#2583);
#2579 = LINE('',#2580,#2581);
#2580 = CARTESIAN_POINT('',(75.,3.));
#2581 = VECTOR('',#2582,1.);
#2582 = DIRECTION('',(-1.,0.));
#2583 = ( GEOMETRIC_REPRESENTATION_CONTEXT(2) 
PARAMETRIC_REPRESENTATION_CONTEXT() REPRESENTATION_CONTEXT('2D SPACE',''
  ) );
#2584 = PCURVE('',#926,#2585);
#2585 = DEFINITIONAL_REPRESENTATION('',(#2586),#2590);
#2586 = LINE('',#2587,#2588);
#2587 = CARTESIAN_POINT('',(38.120124787736,6.379875212264));
#2588 = VECTOR('',#2589,1.);
#2589 = DIRECTION('',(-1.,0.));
#2590 = ( GEOMETRIC_REPRESENTATION_CONTEXT(2) 
PARAMETRIC_REPRESENTATION_CONTEXT() REPRESENTATION_CONTEXT('2D SPACE',''
  ) );
#2591 = ORIENTED_EDGE('',*,*,#882,.T.);
#2592 = ORIENTED_EDGE('',*,*,#2593,.T.);
#2593 = EDGE_CURVE('',#855,#2594,#2596,.T.);
#2594 = VERTEX_POINT('',#2595);
#2595 = CARTESIAN_POINT('',(-24.,6.,100.));
#2596 = SURFACE_CURVE('',#2597,(#2601,#2608),.PCURVE_S1.);
#2597 = LINE('',#2598,#2599);
#2598 = CARTESIAN_POINT('',(-24.,6.,0.));
#2599 = VECTOR('',#2600,1.);
#2600 = DIRECTION('',(0.,0.,1.));
#2601 = PCURVE('',#898,#2602);
#2602 = DEFINITIONAL_REPRESENTATION('',(#2603),#2607);
#2603 = LINE('',#2604,#2605);
#2604 = CARTESIAN_POINT('',(0.,0.));
#2605 = VECTOR('',#2606,1.);
#2606 = DIRECTION('',(1.,0.));
#2607 = ( GEOMETRIC_REPRESENTATION_CONTEXT(2) 
PARAMETRIC_REPRESENTATION_CONTEXT() REPRESENTATION_CONTEXT('2D SPACE',''
  ) );
#2608 = PCURVE('',#870,#2609);
#2609 = DEFINITIONAL_REPRESENTATION('',(#2610),#2614);
#2610 = LINE('',#2611,#2612);
#2611 = CARTESIAN_POINT('',(0.,-12.));
#2612 = VECTOR('',#2613,1.);
#2613 = DIRECTION('',(1.,0.));
#2614 = ( GEOMETRIC_REPRESENTATION_CONTEXT(2) 
PARAMETRIC_REPRESENTATION_CONTEXT() REPRESENTATION_CONTEXT('2D SPACE',''
  ) );
#2615 = ORIENTED_EDGE('',*,*,#2616,.T.);
#2616 = EDGE_CURVE('',#2594,#2617,#2619,.T.);
#2617 = VERTEX_POINT('',#2618);
#2618 = CARTESIAN_POINT('',(-8.,6.,100.));
#2619 = SURFACE_CURVE('',#2620,(#2624,#2631),.PCURVE_S1.);
#2620 = LINE('',#2621,#2622);
#2621 = CARTESIAN_POINT('',(-24.,6.,100.));
#2622 = VECTOR('',#2623,1.);
#2623 = DIRECTION('',(1.,0.,0.));
#2624 = PCURVE('',#898,#2625);
#2625 = DEFINITIONAL_REPRESENTATION('',(#2626),#2630);
#2626 = LINE('',#2627,#2628);
#2627 = CARTESIAN_POINT('',(100.,0.));
#2628 = VECTOR('',#2629,1.);
#2629 = DIRECTION('',(0.,1.));
#2630 = ( GEOMETRIC_REPRESENTATION_CONTEXT(2) 
PARAMETRIC_REPRESENTATION_CONTEXT() REPRESENTATION_CONTEXT('2D SPACE',''
  ) );
#2631 = PCURVE('',#2162,#2632);
#2632 = DEFINITIONAL_REPRESENTATION('',(#2633),#2637);
#2633 = LINE('',#2634,#2635);
#2634 = CARTESIAN_POINT('',(0.,12.));
#2635 = VECTOR('',#2636,1.);
#2636 = DIRECTION('',(1.,0.));
#2637 = ( GEOMETRIC_REPRESENTATION_CONTEXT(2) 
PARAMETRIC_REPRESENTATION_CONTEXT() REPRESENTATION_CONTEXT('2D SPACE',''
  ) );
#2638 = ORIENTED_EDGE('',*,*,#2639,.F.);
#2639 = EDGE_CURVE('',#2640,#2617,#2642,.T.);
#2640 = VERTEX_POINT('',#2641);
#2641 = CARTESIAN_POINT('',(8.,6.,100.));
#2642 = SURFACE_CURVE('',#2643,(#2648,#2655),.PCURVE_S1.);
#2643 = CIRCLE('',#2644,8.);
#2644 = AXIS2_PLACEMENT_3D('',#2645,#2646,#2647);
#2645 = CARTESIAN_POINT('',(0.,6.,100.));
#2646 = DIRECTION('',(0.,1.,0.));
#2647 = DIRECTION('',(0.,-0.,1.));
#2648 = PCURVE('',#898,#2649);
#2649 = DEFINITIONAL_REPRESENTATION('',(#2650),#2654);
#2650 = CIRCLE('',#2651,8.);
#2651 = AXIS2_PLACEMENT_2D('',#2652,#2653);
#2652 = CARTESIAN_POINT('',(100.,24.));
#2653 = DIRECTION('',(1.,0.));
#2654 = ( GEOMETRIC_REPRESENTATION_CONTEXT(2) 
PARAMETRIC_REPRESENTATION_CONTEXT() REPRESENTATION_CONTEXT('2D SPACE',''
  ) );
#2655 = PCURVE('',#2656,#2661);
#2656 = CYLINDRICAL_SURFACE('',#2657,8.);
#2657 = AXIS2_PLACEMENT_3D('',#2658,#2659,#2660);
#2658 = CARTESIAN_POINT('',(0.,-7.,100.));
#2659 = DIRECTION('',(0.,1.,0.));
#2660 = DIRECTION('',(0.,-0.,1.));
#2661 = DEFINITIONAL_REPRESENTATION('',(#2662),#2666);
#2662 = LINE('',#2663,#2664);
#2663 = CARTESIAN_POINT('',(0.,13.));
#2664 = VECTOR('',#2665,1.);
#2665 = DIRECTION('',(1.,0.));
#2666 = ( GEOMETRIC_REPRESENTATION_CONTEXT(2) 
PARAMETRIC_REPRESENTATION_CONTEXT() REPRESENTATION_CONTEXT('2D SPACE',''
  ) );
#2667 = ORIENTED_EDGE('',*,*,#2668,.T.);
#2668 = EDGE_CURVE('',#2640,#1934,#2669,.T.);
#2669 = SURFACE_CURVE('',#2670,(#2674,#2681),.PCURVE_S1.);
#2670 = LINE('',#2671,#2672);
#2671 = CARTESIAN_POINT('',(-24.,6.,100.));
#2672 = VECTOR('',#2673,1.);
#2673 = DIRECTION('',(1.,0.,0.));
#2674 = PCURVE('',#898,#2675);
#2675 = DEFINITIONAL_REPRESENTATION('',(#2676),#2680);
#2676 = LINE('',#2677,#2678);
#2677 = CARTESIAN_POINT('',(100.,0.));
#2678 = VECTOR('',#2679,1.);
#2679 = DIRECTION('',(0.,1.));
#2680 = ( GEOMETRIC_REPRESENTATION_CONTEXT(2) 
PARAMETRIC_REPRESENTATION_CONTEXT() REPRESENTATION_CONTEXT('2D SPACE',''
  ) );
#2681 = PCURVE('',#1970,#2682);
#2682 = DEFINITIONAL_REPRESENTATION('',(#2683),#2687);
#2683 = LINE('',#2684,#2685);
#2684 = CARTESIAN_POINT('',(0.,12.));
#2685 = VECTOR('',#2686,1.);
#2686 = DIRECTION('',(1.,0.));
#2687 = ( GEOMETRIC_REPRESENTATION_CONTEXT(2) 
PARAMETRIC_REPRESENTATION_CONTEXT() REPRESENTATION_CONTEXT('2D SPACE',''
  ) );
#2688 = ADVANCED_FACE('',(#2689),#656,.F.);
#2689 = FACE_BOUND('',#2690,.F.);
#2690 = EDGE_LOOP('',(#2691,#2692,#2713));
#2691 = ORIENTED_EDGE('',*,*,#640,.T.);
#2692 = ORIENTED_EDGE('',*,*,#2693,.T.);
#2693 = EDGE_CURVE('',#641,#1988,#2694,.T.);
#2694 = SURFACE_CURVE('',#2695,(#2699,#2706),.PCURVE_S1.);
#2695 = LINE('',#2696,#2697);
#2696 = CARTESIAN_POINT('',(21.,-28.,8.));
#2697 = VECTOR('',#2698,1.);
#2698 = DIRECTION('',(0.,0.311970444134,0.950091807136));
#2699 = PCURVE('',#656,#2700);
#2700 = DEFINITIONAL_REPRESENTATION('',(#2701),#2705);
#2701 = LINE('',#2702,#2703);
#2702 = CARTESIAN_POINT('',(28.879875212264,15.620124787736));
#2703 = VECTOR('',#2704,1.);
#2704 = DIRECTION('',(-0.950091807136,-0.311970444134));
#2705 = ( GEOMETRIC_REPRESENTATION_CONTEXT(2) 
PARAMETRIC_REPRESENTATION_CONTEXT() REPRESENTATION_CONTEXT('2D SPACE',''
  ) );
#2706 = PCURVE('',#684,#2707);
#2707 = DEFINITIONAL_REPRESENTATION('',(#2708),#2712);
#2708 = LINE('',#2709,#2710);
#2709 = CARTESIAN_POINT('',(0.,-6.));
#2710 = VECTOR('',#2711,1.);
#2711 = DIRECTION('',(1.,0.));
#2712 = ( GEOMETRIC_REPRESENTATION_CONTEXT(2) 
PARAMETRIC_REPRESENTATION_CONTEXT() REPRESENTATION_CONTEXT('2D SPACE',''
  ) );
#2713 = ORIENTED_EDGE('',*,*,#1987,.T.);
#2714 = ADVANCED_FACE('',(#2715),#1089,.T.);
#2715 = FACE_BOUND('',#2716,.T.);
#2716 = EDGE_LOOP('',(#2717,#2718,#2739));
#2717 = ORIENTED_EDGE('',*,*,#1073,.T.);
#2718 = ORIENTED_EDGE('',*,*,#2719,.T.);
#2719 = EDGE_CURVE('',#1046,#2458,#2720,.T.);
#2720 = SURFACE_CURVE('',#2721,(#2725,#2732),.PCURVE_S1.);
#2721 = LINE('',#2722,#2723);
#2722 = CARTESIAN_POINT('',(21.,28.,8.));
#2723 = VECTOR('',#2724,1.);
#2724 = DIRECTION('',(0.,-0.311970444134,0.950091807136));
#2725 = PCURVE('',#1089,#2726);
#2726 = DEFINITIONAL_REPRESENTATION('',(#2727),#2731);
#2727 = LINE('',#2728,#2729);
#2728 = CARTESIAN_POINT('',(-28.87987521226,-15.62012478773));
#2729 = VECTOR('',#2730,1.);
#2730 = DIRECTION('',(0.950091807136,0.311970444134));
#2731 = ( GEOMETRIC_REPRESENTATION_CONTEXT(2) 
PARAMETRIC_REPRESENTATION_CONTEXT() REPRESENTATION_CONTEXT('2D SPACE',''
  ) );
#2732 = PCURVE('',#1061,#2733);
#2733 = DEFINITIONAL_REPRESENTATION('',(#2734),#2738);
#2734 = LINE('',#2735,#2736);
#2735 = CARTESIAN_POINT('',(0.,-6.));
#2736 = VECTOR('',#2737,1.);
#2737 = DIRECTION('',(1.,0.));
#2738 = ( GEOMETRIC_REPRESENTATION_CONTEXT(2) 
PARAMETRIC_REPRESENTATION_CONTEXT() REPRESENTATION_CONTEXT('2D SPACE',''
  ) );
#2739 = ORIENTED_EDGE('',*,*,#2457,.T.);
#2740 = ADVANCED_FACE('',(#2741),#684,.T.);
#2741 = FACE_BOUND('',#2742,.T.);
#2742 = EDGE_LOOP('',(#2743,#2744,#2745,#2746));
#2743 = ORIENTED_EDGE('',*,*,#668,.T.);
#2744 = ORIENTED_EDGE('',*,*,#2693,.T.);
#2745 = ORIENTED_EDGE('',*,*,#2010,.F.);
#2746 = ORIENTED_EDGE('',*,*,#2747,.F.);
#2747 = EDGE_CURVE('',#669,#2011,#2748,.T.);
#2748 = SURFACE_CURVE('',#2749,(#2753,#2760),.PCURVE_S1.);
#2749 = LINE('',#2750,#2751);
#2750 = CARTESIAN_POINT('',(15.,-28.,8.));
#2751 = VECTOR('',#2752,1.);
#2752 = DIRECTION('',(0.,0.311970444134,0.950091807136));
#2753 = PCURVE('',#684,#2754);
#2754 = DEFINITIONAL_REPRESENTATION('',(#2755),#2759);
#2755 = LINE('',#2756,#2757);
#2756 = CARTESIAN_POINT('',(0.,0.));
#2757 = VECTOR('',#2758,1.);
#2758 = DIRECTION('',(1.,0.));
#2759 = ( GEOMETRIC_REPRESENTATION_CONTEXT(2) 
PARAMETRIC_REPRESENTATION_CONTEXT() REPRESENTATION_CONTEXT('2D SPACE',''
  ) );
#2760 = PCURVE('',#712,#2761);
#2761 = DEFINITIONAL_REPRESENTATION('',(#2762),#2766);
#2762 = LINE('',#2763,#2764);
#2763 = CARTESIAN_POINT('',(28.879875212264,15.620124787736));
#2764 = VECTOR('',#2765,1.);
#2765 = DIRECTION('',(-0.950091807136,-0.311970444134));
#2766 = ( GEOMETRIC_REPRESENTATION_CONTEXT(2) 
PARAMETRIC_REPRESENTATION_CONTEXT() REPRESENTATION_CONTEXT('2D SPACE',''
  ) );
#2767 = ADVANCED_FACE('',(#2768),#1061,.F.);
#2768 = FACE_BOUND('',#2769,.F.);
#2769 = EDGE_LOOP('',(#2770,#2771,#2772,#2773));
#2770 = ORIENTED_EDGE('',*,*,#1045,.T.);
#2771 = ORIENTED_EDGE('',*,*,#2719,.T.);
#2772 = ORIENTED_EDGE('',*,*,#2480,.F.);
#2773 = ORIENTED_EDGE('',*,*,#2774,.F.);
#2774 = EDGE_CURVE('',#1018,#2481,#2775,.T.);
#2775 = SURFACE_CURVE('',#2776,(#2780,#2787),.PCURVE_S1.);
#2776 = LINE('',#2777,#2778);
#2777 = CARTESIAN_POINT('',(15.,28.,8.));
#2778 = VECTOR('',#2779,1.);
#2779 = DIRECTION('',(0.,-0.311970444134,0.950091807136));
#2780 = PCURVE('',#1061,#2781);
#2781 = DEFINITIONAL_REPRESENTATION('',(#2782),#2786);
#2782 = LINE('',#2783,#2784);
#2783 = CARTESIAN_POINT('',(0.,0.));
#2784 = VECTOR('',#2785,1.);
#2785 = DIRECTION('',(1.,0.));
#2786 = ( GEOMETRIC_REPRESENTATION_CONTEXT(2) 
PARAMETRIC_REPRESENTATION_CONTEXT() REPRESENTATION_CONTEXT('2D SPACE',''
  ) );
#2787 = PCURVE('',#1033,#2788);
#2788 = DEFINITIONAL_REPRESENTATION('',(#2789),#2793);
#2789 = LINE('',#2790,#2791);
#2790 = CARTESIAN_POINT('',(-28.87987521226,-15.62012478773));
#2791 = VECTOR('',#2792,1.);
#2792 = DIRECTION('',(0.950091807136,0.311970444134));
#2793 = ( GEOMETRIC_REPRESENTATION_CONTEXT(2) 
PARAMETRIC_REPRESENTATION_CONTEXT() REPRESENTATION_CONTEXT('2D SPACE',''
  ) );
#2794 = ADVANCED_FACE('',(#2795),#712,.T.);
#2795 = FACE_BOUND('',#2796,.T.);
#2796 = EDGE_LOOP('',(#2797,#2798,#2799));
#2797 = ORIENTED_EDGE('',*,*,#696,.T.);
#2798 = ORIENTED_EDGE('',*,*,#2747,.T.);
#2799 = ORIENTED_EDGE('',*,*,#2033,.T.);
#2800 = ADVANCED_FACE('',(#2801),#1033,.F.);
#2801 = FACE_BOUND('',#2802,.F.);
#2802 = EDGE_LOOP('',(#2803,#2804,#2805));
#2803 = ORIENTED_EDGE('',*,*,#1017,.T.);
#2804 = ORIENTED_EDGE('',*,*,#2774,.T.);
#2805 = ORIENTED_EDGE('',*,*,#2503,.T.);
#2806 = ADVANCED_FACE('',(#2807),#763,.F.);
#2807 = FACE_BOUND('',#2808,.F.);
#2808 = EDGE_LOOP('',(#2809,#2810,#2831));
#2809 = ORIENTED_EDGE('',*,*,#747,.T.);
#2810 = ORIENTED_EDGE('',*,*,#2811,.T.);
#2811 = EDGE_CURVE('',#748,#2056,#2812,.T.);
#2812 = SURFACE_CURVE('',#2813,(#2817,#2824),.PCURVE_S1.);
#2813 = LINE('',#2814,#2815);
#2814 = CARTESIAN_POINT('',(-15.,-28.,8.));
#2815 = VECTOR('',#2816,1.);
#2816 = DIRECTION('',(0.,0.311970444134,0.950091807136));
#2817 = PCURVE('',#763,#2818);
#2818 = DEFINITIONAL_REPRESENTATION('',(#2819),#2823);
#2819 = LINE('',#2820,#2821);
#2820 = CARTESIAN_POINT('',(28.879875212264,15.620124787736));
#2821 = VECTOR('',#2822,1.);
#2822 = DIRECTION('',(-0.950091807136,-0.311970444134));
#2823 = ( GEOMETRIC_REPRESENTATION_CONTEXT(2) 
PARAMETRIC_REPRESENTATION_CONTEXT() REPRESENTATION_CONTEXT('2D SPACE',''
  ) );
#2824 = PCURVE('',#791,#2825);
#2825 = DEFINITIONAL_REPRESENTATION('',(#2826),#2830);
#2826 = LINE('',#2827,#2828);
#2827 = CARTESIAN_POINT('',(0.,-6.));
#2828 = VECTOR('',#2829,1.);
#2829 = DIRECTION('',(1.,0.));
#2830 = ( GEOMETRIC_REPRESENTATION_CONTEXT(2) 
PARAMETRIC_REPRESENTATION_CONTEXT() REPRESENTATION_CONTEXT('2D SPACE',''
  ) );
#2831 = ORIENTED_EDGE('',*,*,#2055,.T.);
#2832 = ADVANCED_FACE('',(#2833),#982,.T.);
#2833 = FACE_BOUND('',#2834,.T.);
#2834 = EDGE_LOOP('',(#2835,#2836,#2857));
#2835 = ORIENTED_EDGE('',*,*,#966,.T.);
#2836 = ORIENTED_EDGE('',*,*,#2837,.T.);
#2837 = EDGE_CURVE('',#939,#2526,#2838,.T.);
#2838 = SURFACE_CURVE('',#2839,(#2843,#2850),.PCURVE_S1.);
#2839 = LINE('',#2840,#2841);
#2840 = CARTESIAN_POINT('',(-15.,28.,8.));
#2841 = VECTOR('',#2842,1.);
#2842 = DIRECTION('',(0.,-0.311970444134,0.950091807136));
#2843 = PCURVE('',#982,#2844);
#2844 = DEFINITIONAL_REPRESENTATION('',(#2845),#2849);
#2845 = LINE('',#2846,#2847);
#2846 = CARTESIAN_POINT('',(-28.87987521226,-15.62012478773));
#2847 = VECTOR('',#2848,1.);
#2848 = DIRECTION('',(0.950091807136,0.311970444134));
#2849 = ( GEOMETRIC_REPRESENTATION_CONTEXT(2) 
PARAMETRIC_REPRESENTATION_CONTEXT() REPRESENTATION_CONTEXT('2D SPACE',''
  ) );
#2850 = PCURVE('',#954,#2851);
#2851 = DEFINITIONAL_REPRESENTATION('',(#2852),#2856);
#2852 = LINE('',#2853,#2854);
#2853 = CARTESIAN_POINT('',(0.,-6.));
#2854 = VECTOR('',#2855,1.);
#2855 = DIRECTION('',(1.,0.));
#2856 = ( GEOMETRIC_REPRESENTATION_CONTEXT(2) 
PARAMETRIC_REPRESENTATION_CONTEXT() REPRESENTATION_CONTEXT('2D SPACE',''
  ) );
#2857 = ORIENTED_EDGE('',*,*,#2525,.T.);
#2858 = ADVANCED_FACE('',(#2859),#791,.T.);
#2859 = FACE_BOUND('',#2860,.T.);
#2860 = EDGE_LOOP('',(#2861,#2862,#2863,#2864));
#2861 = ORIENTED_EDGE('',*,*,#775,.T.);
#2862 = ORIENTED_EDGE('',*,*,#2811,.T.);
#2863 = ORIENTED_EDGE('',*,*,#2078,.F.);
#2864 = ORIENTED_EDGE('',*,*,#2865,.F.);
#2865 = EDGE_CURVE('',#776,#2079,#2866,.T.);
#2866 = SURFACE_CURVE('',#2867,(#2871,#2878),.PCURVE_S1.);
#2867 = LINE('',#2868,#2869);
#2868 = CARTESIAN_POINT('',(-21.,-28.,8.));
#2869 = VECTOR('',#2870,1.);
#2870 = DIRECTION('',(0.,0.311970444134,0.950091807136));
#2871 = PCURVE('',#791,#2872);
#2872 = DEFINITIONAL_REPRESENTATION('',(#2873),#2877);
#2873 = LINE('',#2874,#2875);
#2874 = CARTESIAN_POINT('',(0.,0.));
#2875 = VECTOR('',#2876,1.);
#2876 = DIRECTION('',(1.,0.));
#2877 = ( GEOMETRIC_REPRESENTATION_CONTEXT(2) 
PARAMETRIC_REPRESENTATION_CONTEXT() REPRESENTATION_CONTEXT('2D SPACE',''
  ) );
#2878 = PCURVE('',#819,#2879);
#2879 = DEFINITIONAL_REPRESENTATION('',(#2880),#2884);
#2880 = LINE('',#2881,#2882);
#2881 = CARTESIAN_POINT('',(28.879875212264,15.620124787736));
#2882 = VECTOR('',#2883,1.);
#2883 = DIRECTION('',(-0.950091807136,-0.311970444134));
#2884 = ( GEOMETRIC_REPRESENTATION_CONTEXT(2) 
PARAMETRIC_REPRESENTATION_CONTEXT() REPRESENTATION_CONTEXT('2D SPACE',''
  ) );
#2885 = ADVANCED_FACE('',(#2886),#954,.F.);
#2886 = FACE_BOUND('',#2887,.F.);
#2887 = EDGE_LOOP('',(#2888,#2889,#2890,#2891));
#2888 = ORIENTED_EDGE('',*,*,#938,.T.);
#2889 = ORIENTED_EDGE('',*,*,#2837,.T.);
#2890 = ORIENTED_EDGE('',*,*,#2548,.F.);
#2891 = ORIENTED_EDGE('',*,*,#2892,.F.);
#2892 = EDGE_CURVE('',#911,#2549,#2893,.T.);
#2893 = SURFACE_CURVE('',#2894,(#2898,#2905),.PCURVE_S1.);
#2894 = LINE('',#2895,#2896);
#2895 = CARTESIAN_POINT('',(-21.,28.,8.));
#2896 = VECTOR('',#2897,1.);
#2897 = DIRECTION('',(0.,-0.311970444134,0.950091807136));
#2898 = PCURVE('',#954,#2899);
#2899 = DEFINITIONAL_REPRESENTATION('',(#2900),#2904);
#2900 = LINE('',#2901,#2902);
#2901 = CARTESIAN_POINT('',(0.,0.));
#2902 = VECTOR('',#2903,1.);
#2903 = DIRECTION('',(1.,0.));
#2904 = ( GEOMETRIC_REPRESENTATION_CONTEXT(2) 
PARAMETRIC_REPRESENTATION_CONTEXT() REPRESENTATION_CONTEXT('2D SPACE',''
  ) );
#2905 = PCURVE('',#926,#2906);
#2906 = DEFINITIONAL_REPRESENTATION('',(#2907),#2911);
#2907 = LINE('',#2908,#2909);
#2908 = CARTESIAN_POINT('',(-28.87987521226,-15.62012478773));
#2909 = VECTOR('',#2910,1.);
#2910 = DIRECTION('',(0.950091807136,0.311970444134));
#2911 = ( GEOMETRIC_REPRESENTATION_CONTEXT(2) 
PARAMETRIC_REPRESENTATION_CONTEXT() REPRESENTATION_CONTEXT('2D SPACE',''
  ) );
#2912 = ADVANCED_FACE('',(#2913),#819,.T.);
#2913 = FACE_BOUND('',#2914,.T.);
#2914 = EDGE_LOOP('',(#2915,#2916,#2917));
#2915 = ORIENTED_EDGE('',*,*,#803,.T.);
#2916 = ORIENTED_EDGE('',*,*,#2865,.T.);
#2917 = ORIENTED_EDGE('',*,*,#2101,.T.);
#2918 = ADVANCED_FACE('',(#2919),#926,.F.);
#2919 = FACE_BOUND('',#2920,.F.);
#2920 = EDGE_LOOP('',(#2921,#2922,#2923));
#2921 = ORIENTED_EDGE('',*,*,#910,.T.);
#2922 = ORIENTED_EDGE('',*,*,#2892,.T.);
#2923 = ORIENTED_EDGE('',*,*,#2571,.T.);
#2924 = ADVANCED_FACE('',(#2925),#870,.F.);
#2925 = FACE_BOUND('',#2926,.F.);
#2926 = EDGE_LOOP('',(#2927,#2928,#2929,#2930));
#2927 = ORIENTED_EDGE('',*,*,#2123,.F.);
#2928 = ORIENTED_EDGE('',*,*,#854,.T.);
#2929 = ORIENTED_EDGE('',*,*,#2593,.T.);
#2930 = ORIENTED_EDGE('',*,*,#2931,.F.);
#2931 = EDGE_CURVE('',#2124,#2594,#2932,.T.);
#2932 = SURFACE_CURVE('',#2933,(#2937,#2944),.PCURVE_S1.);
#2933 = LINE('',#2934,#2935);
#2934 = CARTESIAN_POINT('',(-24.,-6.,100.));
#2935 = VECTOR('',#2936,1.);
#2936 = DIRECTION('',(0.,1.,0.));
#2937 = PCURVE('',#870,#2938);
#2938 = DEFINITIONAL_REPRESENTATION('',(#2939),#2943);
#2939 = LINE('',#2940,#2941);
#2940 = CARTESIAN_POINT('',(100.,0.));
#2941 = VECTOR('',#2942,1.);
#2942 = DIRECTION('',(0.,-1.));
#2943 = ( GEOMETRIC_REPRESENTATION_CONTEXT(2) 
PARAMETRIC_REPRESENTATION_CONTEXT() REPRESENTATION_CONTEXT('2D SPACE',''
  ) );
#2944 = PCURVE('',#2162,#2945);
#2945 = DEFINITIONAL_REPRESENTATION('',(#2946),#2950);
#2946 = LINE('',#2947,#2948);
#2947 = CARTESIAN_POINT('',(0.,0.));
#2948 = VECTOR('',#2949,1.);
#2949 = DIRECTION('',(0.,1.));
#2950 = ( GEOMETRIC_REPRESENTATION_CONTEXT(2) 
PARAMETRIC_REPRESENTATION_CONTEXT() REPRESENTATION_CONTEXT('2D SPACE',''
  ) );
#2951 = ADVANCED_FACE('',(#2952),#1142,.F.);
#2952 = FACE_BOUND('',#2953,.F.);
#2953 = EDGE_LOOP('',(#2954,#2955,#2976,#2977));
#2954 = ORIENTED_EDGE('',*,*,#1611,.F.);
#2955 = ORIENTED_EDGE('',*,*,#2956,.T.);
#2956 = EDGE_CURVE('',#1584,#1127,#2957,.T.);
#2957 = SURFACE_CURVE('',#2958,(#2962,#2969),.PCURVE_S1.);
#2958 = LINE('',#2959,#2960);
#2959 = CARTESIAN_POINT('',(31.25,-8.25,0.));
#2960 = VECTOR('',#2961,1.);
#2961 = DIRECTION('',(0.,0.,1.));
#2962 = PCURVE('',#1142,#2963);
#2963 = DEFINITIONAL_REPRESENTATION('',(#2964),#2968);
#2964 = LINE('',#2965,#2966);
#2965 = CARTESIAN_POINT('',(0.,0.));
#2966 = VECTOR('',#2967,1.);
#2967 = DIRECTION('',(0.,-1.));
#2968 = ( GEOMETRIC_REPRESENTATION_CONTEXT(2) 
PARAMETRIC_REPRESENTATION_CONTEXT() REPRESENTATION_CONTEXT('2D SPACE',''
  ) );
#2969 = PCURVE('',#1234,#2970);
#2970 = DEFINITIONAL_REPRESENTATION('',(#2971),#2975);
#2971 = LINE('',#2972,#2973);
#2972 = CARTESIAN_POINT('',(3.14159265359,0.));
#2973 = VECTOR('',#2974,1.);
#2974 = DIRECTION('',(0.,-1.));
#2975 = ( GEOMETRIC_REPRESENTATION_CONTEXT(2) 
PARAMETRIC_REPRESENTATION_CONTEXT() REPRESENTATION_CONTEXT('2D SPACE',''
  ) );
#2976 = ORIENTED_EDGE('',*,*,#1124,.F.);
#2977 = ORIENTED_EDGE('',*,*,#2978,.F.);
#2978 = EDGE_CURVE('',#1612,#1125,#2979,.T.);
#2979 = SURFACE_CURVE('',#2980,(#2984,#2991),.PCURVE_S1.);
#2980 = LINE('',#2981,#2982);
#2981 = CARTESIAN_POINT('',(31.25,8.25,0.));
#2982 = VECTOR('',#2983,1.);
#2983 = DIRECTION('',(0.,0.,1.));
#2984 = PCURVE('',#1142,#2985);
#2985 = DEFINITIONAL_REPRESENTATION('',(#2986),#2990);
#2986 = LINE('',#2987,#2988);
#2987 = CARTESIAN_POINT('',(16.5,0.));
#2988 = VECTOR('',#2989,1.);
#2989 = DIRECTION('',(0.,-1.));
#2990 = ( GEOMETRIC_REPRESENTATION_CONTEXT(2) 
PARAMETRIC_REPRESENTATION_CONTEXT() REPRESENTATION_CONTEXT('2D SPACE',''
  ) );
#2991 = PCURVE('',#1175,#2992);
#2992 = DEFINITIONAL_REPRESENTATION('',(#2993),#2997);
#2993 = LINE('',#2994,#2995);
#2994 = CARTESIAN_POINT('',(0.,0.));
#2995 = VECTOR('',#2996,1.);
#2996 = DIRECTION('',(0.,-1.));
#2997 = ( GEOMETRIC_REPRESENTATION_CONTEXT(2) 
PARAMETRIC_REPRESENTATION_CONTEXT() REPRESENTATION_CONTEXT('2D SPACE',''
  ) );
#2998 = ADVANCED_FACE('',(#2999),#1234,.F.);
#2999 = FACE_BOUND('',#3000,.F.);
#3000 = EDGE_LOOP('',(#3001,#3002,#3023,#3024));
#3001 = ORIENTED_EDGE('',*,*,#1581,.F.);
#3002 = ORIENTED_EDGE('',*,*,#3003,.T.);
#3003 = EDGE_CURVE('',#1582,#1188,#3004,.T.);
#3004 = SURFACE_CURVE('',#3005,(#3009,#3016),.PCURVE_S1.);
#3005 = LINE('',#3006,#3007);
#3006 = CARTESIAN_POINT('',(36.75,-8.25,0.));
#3007 = VECTOR('',#3008,1.);
#3008 = DIRECTION('',(0.,0.,1.));
#3009 = PCURVE('',#1234,#3010);
#3010 = DEFINITIONAL_REPRESENTATION('',(#3011),#3015);
#3011 = LINE('',#3012,#3013);
#3012 = CARTESIAN_POINT('',(0.,0.));
#3013 = VECTOR('',#3014,1.);
#3014 = DIRECTION('',(0.,-1.));
#3015 = ( GEOMETRIC_REPRESENTATION_CONTEXT(2) 
PARAMETRIC_REPRESENTATION_CONTEXT() REPRESENTATION_CONTEXT('2D SPACE',''
  ) );
#3016 = PCURVE('',#1203,#3017);
#3017 = DEFINITIONAL_REPRESENTATION('',(#3018),#3022);
#3018 = LINE('',#3019,#3020);
#3019 = CARTESIAN_POINT('',(16.5,0.));
#3020 = VECTOR('',#3021,1.);
#3021 = DIRECTION('',(0.,-1.));
#3022 = ( GEOMETRIC_REPRESENTATION_CONTEXT(2) 
PARAMETRIC_REPRESENTATION_CONTEXT() REPRESENTATION_CONTEXT('2D SPACE',''
  ) );
#3023 = ORIENTED_EDGE('',*,*,#1215,.T.);
#3024 = ORIENTED_EDGE('',*,*,#2956,.F.);
#3025 = ADVANCED_FACE('',(#3026),#1203,.F.);
#3026 = FACE_BOUND('',#3027,.F.);
#3027 = EDGE_LOOP('',(#3028,#3029,#3050,#3051));
#3028 = ORIENTED_EDGE('',*,*,#1662,.F.);
#3029 = ORIENTED_EDGE('',*,*,#3030,.T.);
#3030 = EDGE_CURVE('',#1635,#1155,#3031,.T.);
#3031 = SURFACE_CURVE('',#3032,(#3036,#3043),.PCURVE_S1.);
#3032 = LINE('',#3033,#3034);
#3033 = CARTESIAN_POINT('',(36.75,8.25,0.));
#3034 = VECTOR('',#3035,1.);
#3035 = DIRECTION('',(0.,0.,1.));
#3036 = PCURVE('',#1203,#3037);
#3037 = DEFINITIONAL_REPRESENTATION('',(#3038),#3042);
#3038 = LINE('',#3039,#3040);
#3039 = CARTESIAN_POINT('',(0.,0.));
#3040 = VECTOR('',#3041,1.);
#3041 = DIRECTION('',(0.,-1.));
#3042 = ( GEOMETRIC_REPRESENTATION_CONTEXT(2) 
PARAMETRIC_REPRESENTATION_CONTEXT() REPRESENTATION_CONTEXT('2D SPACE',''
  ) );
#3043 = PCURVE('',#1175,#3044);
#3044 = DEFINITIONAL_REPRESENTATION('',(#3045),#3049);
#3045 = LINE('',#3046,#3047);
#3046 = CARTESIAN_POINT('',(3.14159265359,0.));
#3047 = VECTOR('',#3048,1.);
#3048 = DIRECTION('',(0.,-1.));
#3049 = ( GEOMETRIC_REPRESENTATION_CONTEXT(2) 
PARAMETRIC_REPRESENTATION_CONTEXT() REPRESENTATION_CONTEXT('2D SPACE',''
  ) );
#3050 = ORIENTED_EDGE('',*,*,#1187,.F.);
#3051 = ORIENTED_EDGE('',*,*,#3003,.F.);
#3052 = ADVANCED_FACE('',(#3053),#1175,.F.);
#3053 = FACE_BOUND('',#3054,.F.);
#3054 = EDGE_LOOP('',(#3055,#3056,#3057,#3058));
#3055 = ORIENTED_EDGE('',*,*,#1634,.F.);
#3056 = ORIENTED_EDGE('',*,*,#2978,.T.);
#3057 = ORIENTED_EDGE('',*,*,#1154,.T.);
#3058 = ORIENTED_EDGE('',*,*,#3030,.F.);
#3059 = ADVANCED_FACE('',(#3060,#3193),#1970,.T.);
#3060 = FACE_BOUND('',#3061,.T.);
#3061 = EDGE_LOOP('',(#3062,#3063,#3086,#3114,#3142,#3170,#3191,#3192));
#3062 = ORIENTED_EDGE('',*,*,#2668,.F.);
#3063 = ORIENTED_EDGE('',*,*,#3064,.F.);
#3064 = EDGE_CURVE('',#3065,#2640,#3067,.T.);
#3065 = VERTEX_POINT('',#3066);
#3066 = CARTESIAN_POINT('',(8.,3.6,100.));
#3067 = SURFACE_CURVE('',#3068,(#3072,#3079),.PCURVE_S1.);
#3068 = LINE('',#3069,#3070);
#3069 = CARTESIAN_POINT('',(8.,-7.,100.));
#3070 = VECTOR('',#3071,1.);
#3071 = DIRECTION('',(0.,1.,0.));
#3072 = PCURVE('',#1970,#3073);
#3073 = DEFINITIONAL_REPRESENTATION('',(#3074),#3078);
#3074 = LINE('',#3075,#3076);
#3075 = CARTESIAN_POINT('',(32.,-1.));
#3076 = VECTOR('',#3077,1.);
#3077 = DIRECTION('',(0.,1.));
#3078 = ( GEOMETRIC_REPRESENTATION_CONTEXT(2) 
PARAMETRIC_REPRESENTATION_CONTEXT() REPRESENTATION_CONTEXT('2D SPACE',''
  ) );
#3079 = PCURVE('',#2656,#3080);
#3080 = DEFINITIONAL_REPRESENTATION('',(#3081),#3085);
#3081 = LINE('',#3082,#3083);
#3082 = CARTESIAN_POINT('',(1.570796326795,0.));
#3083 = VECTOR('',#3084,1.);
#3084 = DIRECTION('',(0.,1.));
#3085 = ( GEOMETRIC_REPRESENTATION_CONTEXT(2) 
PARAMETRIC_REPRESENTATION_CONTEXT() REPRESENTATION_CONTEXT('2D SPACE',''
  ) );
#3086 = ORIENTED_EDGE('',*,*,#3087,.F.);
#3087 = EDGE_CURVE('',#3088,#3065,#3090,.T.);
#3088 = VERTEX_POINT('',#3089);
#3089 = CARTESIAN_POINT('',(11.15,3.6,100.));
#3090 = SURFACE_CURVE('',#3091,(#3095,#3102),.PCURVE_S1.);
#3091 = LINE('',#3092,#3093);
#3092 = CARTESIAN_POINT('',(-12.,3.6,100.));
#3093 = VECTOR('',#3094,1.);
#3094 = DIRECTION('',(-1.,0.,0.));
#3095 = PCURVE('',#1970,#3096);
#3096 = DEFINITIONAL_REPRESENTATION('',(#3097),#3101);
#3097 = LINE('',#3098,#3099);
#3098 = CARTESIAN_POINT('',(12.,9.6));
#3099 = VECTOR('',#3100,1.);
#3100 = DIRECTION('',(-1.,0.));
#3101 = ( GEOMETRIC_REPRESENTATION_CONTEXT(2) 
PARAMETRIC_REPRESENTATION_CONTEXT() REPRESENTATION_CONTEXT('2D SPACE',''
  ) );
#3102 = PCURVE('',#3103,#3108);
#3103 = PLANE('',#3104);
#3104 = AXIS2_PLACEMENT_3D('',#3105,#3106,#3107);
#3105 = CARTESIAN_POINT('',(0.,3.6,100.));
#3106 = DIRECTION('',(0.,1.,0.));
#3107 = DIRECTION('',(0.,-0.,1.));
#3108 = DEFINITIONAL_REPRESENTATION('',(#3109),#3113);
#3109 = LINE('',#3110,#3111);
#3110 = CARTESIAN_POINT('',(0.,-12.));
#3111 = VECTOR('',#3112,1.);
#3112 = DIRECTION('',(0.,-1.));
#3113 = ( GEOMETRIC_REPRESENTATION_CONTEXT(2) 
PARAMETRIC_REPRESENTATION_CONTEXT() REPRESENTATION_CONTEXT('2D SPACE',''
  ) );
#3114 = ORIENTED_EDGE('',*,*,#3115,.F.);
#3115 = EDGE_CURVE('',#3116,#3088,#3118,.T.);
#3116 = VERTEX_POINT('',#3117);
#3117 = CARTESIAN_POINT('',(11.15,-3.6,100.));
#3118 = SURFACE_CURVE('',#3119,(#3123,#3130),.PCURVE_S1.);
#3119 = LINE('',#3120,#3121);
#3120 = CARTESIAN_POINT('',(11.15,-3.6,100.));
#3121 = VECTOR('',#3122,1.);
#3122 = DIRECTION('',(0.,1.,0.));
#3123 = PCURVE('',#1970,#3124);
#3124 = DEFINITIONAL_REPRESENTATION('',(#3125),#3129);
#3125 = LINE('',#3126,#3127);
#3126 = CARTESIAN_POINT('',(35.15,2.4));
#3127 = VECTOR('',#3128,1.);
#3128 = DIRECTION('',(0.,1.));
#3129 = ( GEOMETRIC_REPRESENTATION_CONTEXT(2) 
PARAMETRIC_REPRESENTATION_CONTEXT() REPRESENTATION_CONTEXT('2D SPACE',''
  ) );
#3130 = PCURVE('',#3131,#3136);
#3131 = CYLINDRICAL_SURFACE('',#3132,11.15);
#3132 = AXIS2_PLACEMENT_3D('',#3133,#3134,#3135);
#3133 = CARTESIAN_POINT('',(0.,-3.6,100.));
#3134 = DIRECTION('',(0.,1.,0.));
#3135 = DIRECTION('',(0.,-0.,1.));
#3136 = DEFINITIONAL_REPRESENTATION('',(#3137),#3141);
#3137 = LINE('',#3138,#3139);
#3138 = CARTESIAN_POINT('',(1.570796326795,0.));
#3139 = VECTOR('',#3140,1.);
#3140 = DIRECTION('',(0.,1.));
#3141 = ( GEOMETRIC_REPRESENTATION_CONTEXT(2) 
PARAMETRIC_REPRESENTATION_CONTEXT() REPRESENTATION_CONTEXT('2D SPACE',''
  ) );
#3142 = ORIENTED_EDGE('',*,*,#3143,.T.);
#3143 = EDGE_CURVE('',#3116,#3144,#3146,.T.);
#3144 = VERTEX_POINT('',#3145);
#3145 = CARTESIAN_POINT('',(8.,-3.6,100.));
#3146 = SURFACE_CURVE('',#3147,(#3151,#3158),.PCURVE_S1.);
#3147 = LINE('',#3148,#3149);
#3148 = CARTESIAN_POINT('',(-12.,-3.6,100.));
#3149 = VECTOR('',#3150,1.);
#3150 = DIRECTION('',(-1.,0.,0.));
#3151 = PCURVE('',#1970,#3152);
#3152 = DEFINITIONAL_REPRESENTATION('',(#3153),#3157);
#3153 = LINE('',#3154,#3155);
#3154 = CARTESIAN_POINT('',(12.,2.4));
#3155 = VECTOR('',#3156,1.);
#3156 = DIRECTION('',(-1.,0.));
#3157 = ( GEOMETRIC_REPRESENTATION_CONTEXT(2) 
PARAMETRIC_REPRESENTATION_CONTEXT() REPRESENTATION_CONTEXT('2D SPACE',''
  ) );
#3158 = PCURVE('',#3159,#3164);
#3159 = PLANE('',#3160);
#3160 = AXIS2_PLACEMENT_3D('',#3161,#3162,#3163);
#3161 = CARTESIAN_POINT('',(0.,-3.6,100.));
#3162 = DIRECTION('',(0.,1.,0.));
#3163 = DIRECTION('',(0.,-0.,1.));
#3164 = DEFINITIONAL_REPRESENTATION('',(#3165),#3169);
#3165 = LINE('',#3166,#3167);
#3166 = CARTESIAN_POINT('',(0.,-12.));
#3167 = VECTOR('',#3168,1.);
#3168 = DIRECTION('',(0.,-1.));
#3169 = ( GEOMETRIC_REPRESENTATION_CONTEXT(2) 
PARAMETRIC_REPRESENTATION_CONTEXT() REPRESENTATION_CONTEXT('2D SPACE',''
  ) );
#3170 = ORIENTED_EDGE('',*,*,#3171,.F.);
#3171 = EDGE_CURVE('',#2175,#3144,#3172,.T.);
#3172 = SURFACE_CURVE('',#3173,(#3177,#3184),.PCURVE_S1.);
#3173 = LINE('',#3174,#3175);
#3174 = CARTESIAN_POINT('',(8.,-7.,100.));
#3175 = VECTOR('',#3176,1.);
#3176 = DIRECTION('',(0.,1.,0.));
#3177 = PCURVE('',#1970,#3178);
#3178 = DEFINITIONAL_REPRESENTATION('',(#3179),#3183);
#3179 = LINE('',#3180,#3181);
#3180 = CARTESIAN_POINT('',(32.,-1.));
#3181 = VECTOR('',#3182,1.);
#3182 = DIRECTION('',(0.,1.));
#3183 = ( GEOMETRIC_REPRESENTATION_CONTEXT(2) 
PARAMETRIC_REPRESENTATION_CONTEXT() REPRESENTATION_CONTEXT('2D SPACE',''
  ) );
#3184 = PCURVE('',#2191,#3185);
#3185 = DEFINITIONAL_REPRESENTATION('',(#3186),#3190);
#3186 = LINE('',#3187,#3188);
#3187 = CARTESIAN_POINT('',(1.570796326795,0.));
#3188 = VECTOR('',#3189,1.);
#3189 = DIRECTION('',(0.,1.));
#3190 = ( GEOMETRIC_REPRESENTATION_CONTEXT(2) 
PARAMETRIC_REPRESENTATION_CONTEXT() REPRESENTATION_CONTEXT('2D SPACE',''
  ) );
#3191 = ORIENTED_EDGE('',*,*,#2203,.T.);
#3192 = ORIENTED_EDGE('',*,*,#1956,.T.);
#3193 = FACE_BOUND('',#3194,.T.);
#3194 = EDGE_LOOP('',(#3195));
#3195 = ORIENTED_EDGE('',*,*,#3196,.F.);
#3196 = EDGE_CURVE('',#3197,#3197,#3199,.T.);
#3197 = VERTEX_POINT('',#3198);
#3198 = CARTESIAN_POINT('',(19.7,-4.163799117101E-16,100.));
#3199 = SURFACE_CURVE('',#3200,(#3205,#3212),.PCURVE_S1.);
#3200 = CIRCLE('',#3201,1.7);
#3201 = AXIS2_PLACEMENT_3D('',#3202,#3203,#3204);
#3202 = CARTESIAN_POINT('',(18.,0.,100.));
#3203 = DIRECTION('',(0.,0.,1.));
#3204 = DIRECTION('',(1.,0.,-0.));
#3205 = PCURVE('',#1970,#3206);
#3206 = DEFINITIONAL_REPRESENTATION('',(#3207),#3211);
#3207 = CIRCLE('',#3208,1.7);
#3208 = AXIS2_PLACEMENT_2D('',#3209,#3210);
#3209 = CARTESIAN_POINT('',(42.,6.));
#3210 = DIRECTION('',(1.,0.));
#3211 = ( GEOMETRIC_REPRESENTATION_CONTEXT(2) 
PARAMETRIC_REPRESENTATION_CONTEXT() REPRESENTATION_CONTEXT('2D SPACE',''
  ) );
#3212 = PCURVE('',#3213,#3218);
#3213 = CYLINDRICAL_SURFACE('',#3214,1.7);
#3214 = AXIS2_PLACEMENT_3D('',#3215,#3216,#3217);
#3215 = CARTESIAN_POINT('',(18.,0.,80.));
#3216 = DIRECTION('',(0.,0.,1.));
#3217 = DIRECTION('',(1.,0.,-0.));
#3218 = DEFINITIONAL_REPRESENTATION('',(#3219),#3223);
#3219 = LINE('',#3220,#3221);
#3220 = CARTESIAN_POINT('',(0.,20.));
#3221 = VECTOR('',#3222,1.);
#3222 = DIRECTION('',(1.,0.));
#3223 = ( GEOMETRIC_REPRESENTATION_CONTEXT(2) 
PARAMETRIC_REPRESENTATION_CONTEXT() REPRESENTATION_CONTEXT('2D SPACE',''
  ) );
#3224 = ADVANCED_FACE('',(#3225),#2191,.F.);
#3225 = FACE_BOUND('',#3226,.F.);
#3226 = EDGE_LOOP('',(#3227,#3228,#3229,#3252));
#3227 = ORIENTED_EDGE('',*,*,#3171,.F.);
#3228 = ORIENTED_EDGE('',*,*,#2174,.T.);
#3229 = ORIENTED_EDGE('',*,*,#3230,.T.);
#3230 = EDGE_CURVE('',#2147,#3231,#3233,.T.);
#3231 = VERTEX_POINT('',#3232);
#3232 = CARTESIAN_POINT('',(-8.,-3.6,100.));
#3233 = SURFACE_CURVE('',#3234,(#3238,#3245),.PCURVE_S1.);
#3234 = LINE('',#3235,#3236);
#3235 = CARTESIAN_POINT('',(-8.,-7.,100.));
#3236 = VECTOR('',#3237,1.);
#3237 = DIRECTION('',(0.,1.,0.));
#3238 = PCURVE('',#2191,#3239);
#3239 = DEFINITIONAL_REPRESENTATION('',(#3240),#3244);
#3240 = LINE('',#3241,#3242);
#3241 = CARTESIAN_POINT('',(4.712388980385,0.));
#3242 = VECTOR('',#3243,1.);
#3243 = DIRECTION('',(0.,1.));
#3244 = ( GEOMETRIC_REPRESENTATION_CONTEXT(2) 
PARAMETRIC_REPRESENTATION_CONTEXT() REPRESENTATION_CONTEXT('2D SPACE',''
  ) );
#3245 = PCURVE('',#2162,#3246);
#3246 = DEFINITIONAL_REPRESENTATION('',(#3247),#3251);
#3247 = LINE('',#3248,#3249);
#3248 = CARTESIAN_POINT('',(16.,-1.));
#3249 = VECTOR('',#3250,1.);
#3250 = DIRECTION('',(0.,1.));
#3251 = ( GEOMETRIC_REPRESENTATION_CONTEXT(2) 
PARAMETRIC_REPRESENTATION_CONTEXT() REPRESENTATION_CONTEXT('2D SPACE',''
  ) );
#3252 = ORIENTED_EDGE('',*,*,#3253,.F.);
#3253 = EDGE_CURVE('',#3144,#3231,#3254,.T.);
#3254 = SURFACE_CURVE('',#3255,(#3260,#3267),.PCURVE_S1.);
#3255 = CIRCLE('',#3256,8.);
#3256 = AXIS2_PLACEMENT_3D('',#3257,#3258,#3259);
#3257 = CARTESIAN_POINT('',(0.,-3.6,100.));
#3258 = DIRECTION('',(0.,1.,0.));
#3259 = DIRECTION('',(0.,-0.,1.));
#3260 = PCURVE('',#2191,#3261);
#3261 = DEFINITIONAL_REPRESENTATION('',(#3262),#3266);
#3262 = LINE('',#3263,#3264);
#3263 = CARTESIAN_POINT('',(0.,3.4));
#3264 = VECTOR('',#3265,1.);
#3265 = DIRECTION('',(1.,0.));
#3266 = ( GEOMETRIC_REPRESENTATION_CONTEXT(2) 
PARAMETRIC_REPRESENTATION_CONTEXT() REPRESENTATION_CONTEXT('2D SPACE',''
  ) );
#3267 = PCURVE('',#3159,#3268);
#3268 = DEFINITIONAL_REPRESENTATION('',(#3269),#3273);
#3269 = CIRCLE('',#3270,8.);
#3270 = AXIS2_PLACEMENT_2D('',#3271,#3272);
#3271 = CARTESIAN_POINT('',(0.,0.));
#3272 = DIRECTION('',(1.,0.));
#3273 = ( GEOMETRIC_REPRESENTATION_CONTEXT(2) 
PARAMETRIC_REPRESENTATION_CONTEXT() REPRESENTATION_CONTEXT('2D SPACE',''
  ) );
#3274 = ADVANCED_FACE('',(#3275,#3371),#2162,.T.);
#3275 = FACE_BOUND('',#3276,.T.);
#3276 = EDGE_LOOP('',(#3277,#3278,#3279,#3280,#3281,#3304,#3327,#3350));
#3277 = ORIENTED_EDGE('',*,*,#2616,.F.);
#3278 = ORIENTED_EDGE('',*,*,#2931,.F.);
#3279 = ORIENTED_EDGE('',*,*,#2146,.T.);
#3280 = ORIENTED_EDGE('',*,*,#3230,.T.);
#3281 = ORIENTED_EDGE('',*,*,#3282,.T.);
#3282 = EDGE_CURVE('',#3231,#3283,#3285,.T.);
#3283 = VERTEX_POINT('',#3284);
#3284 = CARTESIAN_POINT('',(-11.15,-3.6,100.));
#3285 = SURFACE_CURVE('',#3286,(#3290,#3297),.PCURVE_S1.);
#3286 = LINE('',#3287,#3288);
#3287 = CARTESIAN_POINT('',(-12.,-3.6,100.));
#3288 = VECTOR('',#3289,1.);
#3289 = DIRECTION('',(-1.,0.,0.));
#3290 = PCURVE('',#2162,#3291);
#3291 = DEFINITIONAL_REPRESENTATION('',(#3292),#3296);
#3292 = LINE('',#3293,#3294);
#3293 = CARTESIAN_POINT('',(12.,2.4));
#3294 = VECTOR('',#3295,1.);
#3295 = DIRECTION('',(-1.,0.));
#3296 = ( GEOMETRIC_REPRESENTATION_CONTEXT(2) 
PARAMETRIC_REPRESENTATION_CONTEXT() REPRESENTATION_CONTEXT('2D SPACE',''
  ) );
#3297 = PCURVE('',#3159,#3298);
#3298 = DEFINITIONAL_REPRESENTATION('',(#3299),#3303);
#3299 = LINE('',#3300,#3301);
#3300 = CARTESIAN_POINT('',(0.,-12.));
#3301 = VECTOR('',#3302,1.);
#3302 = DIRECTION('',(0.,-1.));
#3303 = ( GEOMETRIC_REPRESENTATION_CONTEXT(2) 
PARAMETRIC_REPRESENTATION_CONTEXT() REPRESENTATION_CONTEXT('2D SPACE',''
  ) );
#3304 = ORIENTED_EDGE('',*,*,#3305,.T.);
#3305 = EDGE_CURVE('',#3283,#3306,#3308,.T.);
#3306 = VERTEX_POINT('',#3307);
#3307 = CARTESIAN_POINT('',(-11.15,3.6,100.));
#3308 = SURFACE_CURVE('',#3309,(#3313,#3320),.PCURVE_S1.);
#3309 = LINE('',#3310,#3311);
#3310 = CARTESIAN_POINT('',(-11.15,-3.6,100.));
#3311 = VECTOR('',#3312,1.);
#3312 = DIRECTION('',(0.,1.,0.));
#3313 = PCURVE('',#2162,#3314);
#3314 = DEFINITIONAL_REPRESENTATION('',(#3315),#3319);
#3315 = LINE('',#3316,#3317);
#3316 = CARTESIAN_POINT('',(12.85,2.4));
#3317 = VECTOR('',#3318,1.);
#3318 = DIRECTION('',(0.,1.));
#3319 = ( GEOMETRIC_REPRESENTATION_CONTEXT(2) 
PARAMETRIC_REPRESENTATION_CONTEXT() REPRESENTATION_CONTEXT('2D SPACE',''
  ) );
#3320 = PCURVE('',#3131,#3321);
#3321 = DEFINITIONAL_REPRESENTATION('',(#3322),#3326);
#3322 = LINE('',#3323,#3324);
#3323 = CARTESIAN_POINT('',(4.712388980385,0.));
#3324 = VECTOR('',#3325,1.);
#3325 = DIRECTION('',(0.,1.));
#3326 = ( GEOMETRIC_REPRESENTATION_CONTEXT(2) 
PARAMETRIC_REPRESENTATION_CONTEXT() REPRESENTATION_CONTEXT('2D SPACE',''
  ) );
#3327 = ORIENTED_EDGE('',*,*,#3328,.F.);
#3328 = EDGE_CURVE('',#3329,#3306,#3331,.T.);
#3329 = VERTEX_POINT('',#3330);
#3330 = CARTESIAN_POINT('',(-8.,3.6,100.));
#3331 = SURFACE_CURVE('',#3332,(#3336,#3343),.PCURVE_S1.);
#3332 = LINE('',#3333,#3334);
#3333 = CARTESIAN_POINT('',(-12.,3.6,100.));
#3334 = VECTOR('',#3335,1.);
#3335 = DIRECTION('',(-1.,0.,0.));
#3336 = PCURVE('',#2162,#3337);
#3337 = DEFINITIONAL_REPRESENTATION('',(#3338),#3342);
#3338 = LINE('',#3339,#3340);
#3339 = CARTESIAN_POINT('',(12.,9.6));
#3340 = VECTOR('',#3341,1.);
#3341 = DIRECTION('',(-1.,0.));
#3342 = ( GEOMETRIC_REPRESENTATION_CONTEXT(2) 
PARAMETRIC_REPRESENTATION_CONTEXT() REPRESENTATION_CONTEXT('2D SPACE',''
  ) );
#3343 = PCURVE('',#3103,#3344);
#3344 = DEFINITIONAL_REPRESENTATION('',(#3345),#3349);
#3345 = LINE('',#3346,#3347);
#3346 = CARTESIAN_POINT('',(0.,-12.));
#3347 = VECTOR('',#3348,1.);
#3348 = DIRECTION('',(0.,-1.));
#3349 = ( GEOMETRIC_REPRESENTATION_CONTEXT(2) 
PARAMETRIC_REPRESENTATION_CONTEXT() REPRESENTATION_CONTEXT('2D SPACE',''
  ) );
#3350 = ORIENTED_EDGE('',*,*,#3351,.T.);
#3351 = EDGE_CURVE('',#3329,#2617,#3352,.T.);
#3352 = SURFACE_CURVE('',#3353,(#3357,#3364),.PCURVE_S1.);
#3353 = LINE('',#3354,#3355);
#3354 = CARTESIAN_POINT('',(-8.,-7.,100.));
#3355 = VECTOR('',#3356,1.);
#3356 = DIRECTION('',(0.,1.,0.));
#3357 = PCURVE('',#2162,#3358);
#3358 = DEFINITIONAL_REPRESENTATION('',(#3359),#3363);
#3359 = LINE('',#3360,#3361);
#3360 = CARTESIAN_POINT('',(16.,-1.));
#3361 = VECTOR('',#3362,1.);
#3362 = DIRECTION('',(0.,1.));
#3363 = ( GEOMETRIC_REPRESENTATION_CONTEXT(2) 
PARAMETRIC_REPRESENTATION_CONTEXT() REPRESENTATION_CONTEXT('2D SPACE',''
  ) );
#3364 = PCURVE('',#2656,#3365);
#3365 = DEFINITIONAL_REPRESENTATION('',(#3366),#3370);
#3366 = LINE('',#3367,#3368);
#3367 = CARTESIAN_POINT('',(4.712388980385,0.));
#3368 = VECTOR('',#3369,1.);
#3369 = DIRECTION('',(0.,1.));
#3370 = ( GEOMETRIC_REPRESENTATION_CONTEXT(2) 
PARAMETRIC_REPRESENTATION_CONTEXT() REPRESENTATION_CONTEXT('2D SPACE',''
  ) );
#3371 = FACE_BOUND('',#3372,.T.);
#3372 = EDGE_LOOP('',(#3373));
#3373 = ORIENTED_EDGE('',*,*,#3374,.F.);
#3374 = EDGE_CURVE('',#3375,#3375,#3377,.T.);
#3375 = VERTEX_POINT('',#3376);
#3376 = CARTESIAN_POINT('',(-16.3,-4.163799117101E-16,100.));
#3377 = SURFACE_CURVE('',#3378,(#3383,#3390),.PCURVE_S1.);
#3378 = CIRCLE('',#3379,1.7);
#3379 = AXIS2_PLACEMENT_3D('',#3380,#3381,#3382);
#3380 = CARTESIAN_POINT('',(-18.,0.,100.));
#3381 = DIRECTION('',(0.,0.,1.));
#3382 = DIRECTION('',(1.,0.,-0.));
#3383 = PCURVE('',#2162,#3384);
#3384 = DEFINITIONAL_REPRESENTATION('',(#3385),#3389);
#3385 = CIRCLE('',#3386,1.7);
#3386 = AXIS2_PLACEMENT_2D('',#3387,#3388);
#3387 = CARTESIAN_POINT('',(6.,6.));
#3388 = DIRECTION('',(1.,0.));
#3389 = ( GEOMETRIC_REPRESENTATION_CONTEXT(2) 
PARAMETRIC_REPRESENTATION_CONTEXT() REPRESENTATION_CONTEXT('2D SPACE',''
  ) );
#3390 = PCURVE('',#3391,#3396);
#3391 = CYLINDRICAL_SURFACE('',#3392,1.7);
#3392 = AXIS2_PLACEMENT_3D('',#3393,#3394,#3395);
#3393 = CARTESIAN_POINT('',(-18.,0.,80.));
#3394 = DIRECTION('',(0.,0.,1.));
#3395 = DIRECTION('',(1.,0.,-0.));
#3396 = DEFINITIONAL_REPRESENTATION('',(#3397),#3401);
#3397 = LINE('',#3398,#3399);
#3398 = CARTESIAN_POINT('',(0.,20.));
#3399 = VECTOR('',#3400,1.);
#3400 = DIRECTION('',(1.,0.));
#3401 = ( GEOMETRIC_REPRESENTATION_CONTEXT(2) 
PARAMETRIC_REPRESENTATION_CONTEXT() REPRESENTATION_CONTEXT('2D SPACE',''
  ) );
#3402 = ADVANCED_FACE('',(#3403,#3478),#2244,.F.);
#3403 = FACE_BOUND('',#3404,.F.);
#3404 = EDGE_LOOP('',(#3405,#3428,#3429,#3452));
#3405 = ORIENTED_EDGE('',*,*,#3406,.F.);
#3406 = EDGE_CURVE('',#2227,#3407,#3409,.T.);
#3407 = VERTEX_POINT('',#3408);
#3408 = CARTESIAN_POINT('',(-20.9,3.5,85.3));
#3409 = SURFACE_CURVE('',#3410,(#3414,#3421),.PCURVE_S1.);
#3410 = LINE('',#3411,#3412);
#3411 = CARTESIAN_POINT('',(-20.9,-6.,85.3));
#3412 = VECTOR('',#3413,1.);
#3413 = DIRECTION('',(0.,1.,0.));
#3414 = PCURVE('',#2244,#3415);
#3415 = DEFINITIONAL_REPRESENTATION('',(#3416),#3420);
#3416 = LINE('',#3417,#3418);
#3417 = CARTESIAN_POINT('',(0.,0.));
#3418 = VECTOR('',#3419,1.);
#3419 = DIRECTION('',(0.,1.));
#3420 = ( GEOMETRIC_REPRESENTATION_CONTEXT(2) 
PARAMETRIC_REPRESENTATION_CONTEXT() REPRESENTATION_CONTEXT('2D SPACE',''
  ) );
#3421 = PCURVE('',#2272,#3422);
#3422 = DEFINITIONAL_REPRESENTATION('',(#3423),#3427);
#3423 = LINE('',#3424,#3425);
#3424 = CARTESIAN_POINT('',(3.3,0.));
#3425 = VECTOR('',#3426,1.);
#3426 = DIRECTION('',(0.,-1.));
#3427 = ( GEOMETRIC_REPRESENTATION_CONTEXT(2) 
PARAMETRIC_REPRESENTATION_CONTEXT() REPRESENTATION_CONTEXT('2D SPACE',''
  ) );
#3428 = ORIENTED_EDGE('',*,*,#2226,.T.);
#3429 = ORIENTED_EDGE('',*,*,#3430,.T.);
#3430 = EDGE_CURVE('',#2229,#3431,#3433,.T.);
#3431 = VERTEX_POINT('',#3432);
#3432 = CARTESIAN_POINT('',(-15.1,3.5,85.3));
#3433 = SURFACE_CURVE('',#3434,(#3438,#3445),.PCURVE_S1.);
#3434 = LINE('',#3435,#3436);
#3435 = CARTESIAN_POINT('',(-15.1,-6.,85.3));
#3436 = VECTOR('',#3437,1.);
#3437 = DIRECTION('',(0.,1.,0.));
#3438 = PCURVE('',#2244,#3439);
#3439 = DEFINITIONAL_REPRESENTATION('',(#3440),#3444);
#3440 = LINE('',#3441,#3442);
#3441 = CARTESIAN_POINT('',(5.8,0.));
#3442 = VECTOR('',#3443,1.);
#3443 = DIRECTION('',(0.,1.));
#3444 = ( GEOMETRIC_REPRESENTATION_CONTEXT(2) 
PARAMETRIC_REPRESENTATION_CONTEXT() REPRESENTATION_CONTEXT('2D SPACE',''
  ) );
#3445 = PCURVE('',#2326,#3446);
#3446 = DEFINITIONAL_REPRESENTATION('',(#3447),#3451);
#3447 = LINE('',#3448,#3449);
#3448 = CARTESIAN_POINT('',(3.3,0.));
#3449 = VECTOR('',#3450,1.);
#3450 = DIRECTION('',(0.,-1.));
#3451 = ( GEOMETRIC_REPRESENTATION_CONTEXT(2) 
PARAMETRIC_REPRESENTATION_CONTEXT() REPRESENTATION_CONTEXT('2D SPACE',''
  ) );
#3452 = ORIENTED_EDGE('',*,*,#3453,.F.);
#3453 = EDGE_CURVE('',#3407,#3431,#3454,.T.);
#3454 = SURFACE_CURVE('',#3455,(#3459,#3466),.PCURVE_S1.);
#3455 = LINE('',#3456,#3457);
#3456 = CARTESIAN_POINT('',(-20.9,3.5,85.3));
#3457 = VECTOR('',#3458,1.);
#3458 = DIRECTION('',(1.,0.,0.));
#3459 = PCURVE('',#2244,#3460);
#3460 = DEFINITIONAL_REPRESENTATION('',(#3461),#3465);
#3461 = LINE('',#3462,#3463);
#3462 = CARTESIAN_POINT('',(0.,9.5));
#3463 = VECTOR('',#3464,1.);
#3464 = DIRECTION('',(1.,0.));
#3465 = ( GEOMETRIC_REPRESENTATION_CONTEXT(2) 
PARAMETRIC_REPRESENTATION_CONTEXT() REPRESENTATION_CONTEXT('2D SPACE',''
  ) );
#3466 = PCURVE('',#3467,#3472);
#3467 = PLANE('',#3468);
#3468 = AXIS2_PLACEMENT_3D('',#3469,#3470,#3471);
#3469 = CARTESIAN_POINT('',(-20.9,3.5,82.));
#3470 = DIRECTION('',(0.,1.,0.));
#3471 = DIRECTION('',(0.,0.,1.));
#3472 = DEFINITIONAL_REPRESENTATION('',(#3473),#3477);
#3473 = LINE('',#3474,#3475);
#3474 = CARTESIAN_POINT('',(3.3,0.));
#3475 = VECTOR('',#3476,1.);
#3476 = DIRECTION('',(0.,1.));
#3477 = ( GEOMETRIC_REPRESENTATION_CONTEXT(2) 
PARAMETRIC_REPRESENTATION_CONTEXT() REPRESENTATION_CONTEXT('2D SPACE',''
  ) );
#3478 = FACE_BOUND('',#3479,.F.);
#3479 = EDGE_LOOP('',(#3480));
#3480 = ORIENTED_EDGE('',*,*,#3481,.F.);
#3481 = EDGE_CURVE('',#3482,#3482,#3484,.T.);
#3482 = VERTEX_POINT('',#3483);
#3483 = CARTESIAN_POINT('',(-16.3,-4.163799117101E-16,85.3));
#3484 = SURFACE_CURVE('',#3485,(#3490,#3497),.PCURVE_S1.);
#3485 = CIRCLE('',#3486,1.7);
#3486 = AXIS2_PLACEMENT_3D('',#3487,#3488,#3489);
#3487 = CARTESIAN_POINT('',(-18.,0.,85.3));
#3488 = DIRECTION('',(0.,0.,1.));
#3489 = DIRECTION('',(1.,0.,-0.));
#3490 = PCURVE('',#2244,#3491);
#3491 = DEFINITIONAL_REPRESENTATION('',(#3492),#3496);
#3492 = CIRCLE('',#3493,1.7);
#3493 = AXIS2_PLACEMENT_2D('',#3494,#3495);
#3494 = CARTESIAN_POINT('',(2.9,6.));
#3495 = DIRECTION('',(1.,0.));
#3496 = ( GEOMETRIC_REPRESENTATION_CONTEXT(2) 
PARAMETRIC_REPRESENTATION_CONTEXT() REPRESENTATION_CONTEXT('2D SPACE',''
  ) );
#3497 = PCURVE('',#3391,#3498);
#3498 = DEFINITIONAL_REPRESENTATION('',(#3499),#3503);
#3499 = LINE('',#3500,#3501);
#3500 = CARTESIAN_POINT('',(0.,5.3));
#3501 = VECTOR('',#3502,1.);
#3502 = DIRECTION('',(1.,0.));
#3503 = ( GEOMETRIC_REPRESENTATION_CONTEXT(2) 
PARAMETRIC_REPRESENTATION_CONTEXT() REPRESENTATION_CONTEXT('2D SPACE',''
  ) );
#3504 = ADVANCED_FACE('',(#3505),#2326,.F.);
#3505 = FACE_BOUND('',#3506,.F.);
#3506 = EDGE_LOOP('',(#3507,#3508,#3531,#3552));
#3507 = ORIENTED_EDGE('',*,*,#2312,.F.);
#3508 = ORIENTED_EDGE('',*,*,#3509,.T.);
#3509 = EDGE_CURVE('',#2285,#3510,#3512,.T.);
#3510 = VERTEX_POINT('',#3511);
#3511 = CARTESIAN_POINT('',(-15.1,3.5,82.));
#3512 = SURFACE_CURVE('',#3513,(#3517,#3524),.PCURVE_S1.);
#3513 = LINE('',#3514,#3515);
#3514 = CARTESIAN_POINT('',(-15.1,-6.,82.));
#3515 = VECTOR('',#3516,1.);
#3516 = DIRECTION('',(0.,1.,0.));
#3517 = PCURVE('',#2326,#3518);
#3518 = DEFINITIONAL_REPRESENTATION('',(#3519),#3523);
#3519 = LINE('',#3520,#3521);
#3520 = CARTESIAN_POINT('',(0.,0.));
#3521 = VECTOR('',#3522,1.);
#3522 = DIRECTION('',(0.,-1.));
#3523 = ( GEOMETRIC_REPRESENTATION_CONTEXT(2) 
PARAMETRIC_REPRESENTATION_CONTEXT() REPRESENTATION_CONTEXT('2D SPACE',''
  ) );
#3524 = PCURVE('',#2300,#3525);
#3525 = DEFINITIONAL_REPRESENTATION('',(#3526),#3530);
#3526 = LINE('',#3527,#3528);
#3527 = CARTESIAN_POINT('',(5.8,0.));
#3528 = VECTOR('',#3529,1.);
#3529 = DIRECTION('',(0.,1.));
#3530 = ( GEOMETRIC_REPRESENTATION_CONTEXT(2) 
PARAMETRIC_REPRESENTATION_CONTEXT() REPRESENTATION_CONTEXT('2D SPACE',''
  ) );
#3531 = ORIENTED_EDGE('',*,*,#3532,.T.);
#3532 = EDGE_CURVE('',#3510,#3431,#3533,.T.);
#3533 = SURFACE_CURVE('',#3534,(#3538,#3545),.PCURVE_S1.);
#3534 = LINE('',#3535,#3536);
#3535 = CARTESIAN_POINT('',(-15.1,3.5,82.));
#3536 = VECTOR('',#3537,1.);
#3537 = DIRECTION('',(0.,0.,1.));
#3538 = PCURVE('',#2326,#3539);
#3539 = DEFINITIONAL_REPRESENTATION('',(#3540),#3544);
#3540 = LINE('',#3541,#3542);
#3541 = CARTESIAN_POINT('',(0.,-9.5));
#3542 = VECTOR('',#3543,1.);
#3543 = DIRECTION('',(1.,0.));
#3544 = ( GEOMETRIC_REPRESENTATION_CONTEXT(2) 
PARAMETRIC_REPRESENTATION_CONTEXT() REPRESENTATION_CONTEXT('2D SPACE',''
  ) );
#3545 = PCURVE('',#3467,#3546);
#3546 = DEFINITIONAL_REPRESENTATION('',(#3547),#3551);
#3547 = LINE('',#3548,#3549);
#3548 = CARTESIAN_POINT('',(0.,5.8));
#3549 = VECTOR('',#3550,1.);
#3550 = DIRECTION('',(1.,0.));
#3551 = ( GEOMETRIC_REPRESENTATION_CONTEXT(2) 
PARAMETRIC_REPRESENTATION_CONTEXT() REPRESENTATION_CONTEXT('2D SPACE',''
  ) );
#3552 = ORIENTED_EDGE('',*,*,#3430,.F.);
#3553 = ADVANCED_FACE('',(#3554),#2272,.T.);
#3554 = FACE_BOUND('',#3555,.T.);
#3555 = EDGE_LOOP('',(#3556,#3557,#3580,#3601));
#3556 = ORIENTED_EDGE('',*,*,#2256,.F.);
#3557 = ORIENTED_EDGE('',*,*,#3558,.T.);
#3558 = EDGE_CURVE('',#2257,#3559,#3561,.T.);
#3559 = VERTEX_POINT('',#3560);
#3560 = CARTESIAN_POINT('',(-20.9,3.5,82.));
#3561 = SURFACE_CURVE('',#3562,(#3566,#3573),.PCURVE_S1.);
#3562 = LINE('',#3563,#3564);
#3563 = CARTESIAN_POINT('',(-20.9,-6.,82.));
#3564 = VECTOR('',#3565,1.);
#3565 = DIRECTION('',(0.,1.,0.));
#3566 = PCURVE('',#2272,#3567);
#3567 = DEFINITIONAL_REPRESENTATION('',(#3568),#3572);
#3568 = LINE('',#3569,#3570);
#3569 = CARTESIAN_POINT('',(0.,0.));
#3570 = VECTOR('',#3571,1.);
#3571 = DIRECTION('',(0.,-1.));
#3572 = ( GEOMETRIC_REPRESENTATION_CONTEXT(2) 
PARAMETRIC_REPRESENTATION_CONTEXT() REPRESENTATION_CONTEXT('2D SPACE',''
  ) );
#3573 = PCURVE('',#2300,#3574);
#3574 = DEFINITIONAL_REPRESENTATION('',(#3575),#3579);
#3575 = LINE('',#3576,#3577);
#3576 = CARTESIAN_POINT('',(0.,0.));
#3577 = VECTOR('',#3578,1.);
#3578 = DIRECTION('',(0.,1.));
#3579 = ( GEOMETRIC_REPRESENTATION_CONTEXT(2) 
PARAMETRIC_REPRESENTATION_CONTEXT() REPRESENTATION_CONTEXT('2D SPACE',''
  ) );
#3580 = ORIENTED_EDGE('',*,*,#3581,.T.);
#3581 = EDGE_CURVE('',#3559,#3407,#3582,.T.);
#3582 = SURFACE_CURVE('',#3583,(#3587,#3594),.PCURVE_S1.);
#3583 = LINE('',#3584,#3585);
#3584 = CARTESIAN_POINT('',(-20.9,3.5,82.));
#3585 = VECTOR('',#3586,1.);
#3586 = DIRECTION('',(0.,0.,1.));
#3587 = PCURVE('',#2272,#3588);
#3588 = DEFINITIONAL_REPRESENTATION('',(#3589),#3593);
#3589 = LINE('',#3590,#3591);
#3590 = CARTESIAN_POINT('',(0.,-9.5));
#3591 = VECTOR('',#3592,1.);
#3592 = DIRECTION('',(1.,0.));
#3593 = ( GEOMETRIC_REPRESENTATION_CONTEXT(2) 
PARAMETRIC_REPRESENTATION_CONTEXT() REPRESENTATION_CONTEXT('2D SPACE',''
  ) );
#3594 = PCURVE('',#3467,#3595);
#3595 = DEFINITIONAL_REPRESENTATION('',(#3596),#3600);
#3596 = LINE('',#3597,#3598);
#3597 = CARTESIAN_POINT('',(0.,0.));
#3598 = VECTOR('',#3599,1.);
#3599 = DIRECTION('',(1.,0.));
#3600 = ( GEOMETRIC_REPRESENTATION_CONTEXT(2) 
PARAMETRIC_REPRESENTATION_CONTEXT() REPRESENTATION_CONTEXT('2D SPACE',''
  ) );
#3601 = ORIENTED_EDGE('',*,*,#3406,.F.);
#3602 = ADVANCED_FACE('',(#3603,#3629),#2300,.T.);
#3603 = FACE_BOUND('',#3604,.T.);
#3604 = EDGE_LOOP('',(#3605,#3606,#3607,#3608));
#3605 = ORIENTED_EDGE('',*,*,#3558,.F.);
#3606 = ORIENTED_EDGE('',*,*,#2284,.T.);
#3607 = ORIENTED_EDGE('',*,*,#3509,.T.);
#3608 = ORIENTED_EDGE('',*,*,#3609,.F.);
#3609 = EDGE_CURVE('',#3559,#3510,#3610,.T.);
#3610 = SURFACE_CURVE('',#3611,(#3615,#3622),.PCURVE_S1.);
#3611 = LINE('',#3612,#3613);
#3612 = CARTESIAN_POINT('',(-20.9,3.5,82.));
#3613 = VECTOR('',#3614,1.);
#3614 = DIRECTION('',(1.,0.,0.));
#3615 = PCURVE('',#2300,#3616);
#3616 = DEFINITIONAL_REPRESENTATION('',(#3617),#3621);
#3617 = LINE('',#3618,#3619);
#3618 = CARTESIAN_POINT('',(0.,9.5));
#3619 = VECTOR('',#3620,1.);
#3620 = DIRECTION('',(1.,0.));
#3621 = ( GEOMETRIC_REPRESENTATION_CONTEXT(2) 
PARAMETRIC_REPRESENTATION_CONTEXT() REPRESENTATION_CONTEXT('2D SPACE',''
  ) );
#3622 = PCURVE('',#3467,#3623);
#3623 = DEFINITIONAL_REPRESENTATION('',(#3624),#3628);
#3624 = LINE('',#3625,#3626);
#3625 = CARTESIAN_POINT('',(0.,0.));
#3626 = VECTOR('',#3627,1.);
#3627 = DIRECTION('',(0.,1.));
#3628 = ( GEOMETRIC_REPRESENTATION_CONTEXT(2) 
PARAMETRIC_REPRESENTATION_CONTEXT() REPRESENTATION_CONTEXT('2D SPACE',''
  ) );
#3629 = FACE_BOUND('',#3630,.T.);
#3630 = EDGE_LOOP('',(#3631));
#3631 = ORIENTED_EDGE('',*,*,#3632,.F.);
#3632 = EDGE_CURVE('',#3633,#3633,#3635,.T.);
#3633 = VERTEX_POINT('',#3634);
#3634 = CARTESIAN_POINT('',(-16.3,-4.163799117101E-16,82.));
#3635 = SURFACE_CURVE('',#3636,(#3641,#3648),.PCURVE_S1.);
#3636 = CIRCLE('',#3637,1.7);
#3637 = AXIS2_PLACEMENT_3D('',#3638,#3639,#3640);
#3638 = CARTESIAN_POINT('',(-18.,0.,82.));
#3639 = DIRECTION('',(0.,0.,1.));
#3640 = DIRECTION('',(1.,0.,-0.));
#3641 = PCURVE('',#2300,#3642);
#3642 = DEFINITIONAL_REPRESENTATION('',(#3643),#3647);
#3643 = CIRCLE('',#3644,1.7);
#3644 = AXIS2_PLACEMENT_2D('',#3645,#3646);
#3645 = CARTESIAN_POINT('',(2.9,6.));
#3646 = DIRECTION('',(1.,0.));
#3647 = ( GEOMETRIC_REPRESENTATION_CONTEXT(2) 
PARAMETRIC_REPRESENTATION_CONTEXT() REPRESENTATION_CONTEXT('2D SPACE',''
  ) );
#3648 = PCURVE('',#3649,#3654);
#3649 = CYLINDRICAL_SURFACE('',#3650,1.7);
#3650 = AXIS2_PLACEMENT_3D('',#3651,#3652,#3653);
#3651 = CARTESIAN_POINT('',(-18.,0.,80.));
#3652 = DIRECTION('',(0.,0.,1.));
#3653 = DIRECTION('',(1.,0.,-0.));
#3654 = DEFINITIONAL_REPRESENTATION('',(#3655),#3659);
#3655 = LINE('',#3656,#3657);
#3656 = CARTESIAN_POINT('',(0.,2.));
#3657 = VECTOR('',#3658,1.);
#3658 = DIRECTION('',(1.,0.));
#3659 = ( GEOMETRIC_REPRESENTATION_CONTEXT(2) 
PARAMETRIC_REPRESENTATION_CONTEXT() REPRESENTATION_CONTEXT('2D SPACE',''
  ) );
#3660 = ADVANCED_FACE('',(#3661,#3736),#2358,.F.);
#3661 = FACE_BOUND('',#3662,.F.);
#3662 = EDGE_LOOP('',(#3663,#3686,#3687,#3710));
#3663 = ORIENTED_EDGE('',*,*,#3664,.F.);
#3664 = EDGE_CURVE('',#2341,#3665,#3667,.T.);
#3665 = VERTEX_POINT('',#3666);
#3666 = CARTESIAN_POINT('',(15.1,3.5,85.3));
#3667 = SURFACE_CURVE('',#3668,(#3672,#3679),.PCURVE_S1.);
#3668 = LINE('',#3669,#3670);
#3669 = CARTESIAN_POINT('',(15.1,-6.,85.3));
#3670 = VECTOR('',#3671,1.);
#3671 = DIRECTION('',(0.,1.,0.));
#3672 = PCURVE('',#2358,#3673);
#3673 = DEFINITIONAL_REPRESENTATION('',(#3674),#3678);
#3674 = LINE('',#3675,#3676);
#3675 = CARTESIAN_POINT('',(0.,0.));
#3676 = VECTOR('',#3677,1.);
#3677 = DIRECTION('',(0.,1.));
#3678 = ( GEOMETRIC_REPRESENTATION_CONTEXT(2) 
PARAMETRIC_REPRESENTATION_CONTEXT() REPRESENTATION_CONTEXT('2D SPACE',''
  ) );
#3679 = PCURVE('',#2386,#3680);
#3680 = DEFINITIONAL_REPRESENTATION('',(#3681),#3685);
#3681 = LINE('',#3682,#3683);
#3682 = CARTESIAN_POINT('',(3.3,0.));
#3683 = VECTOR('',#3684,1.);
#3684 = DIRECTION('',(0.,-1.));
#3685 = ( GEOMETRIC_REPRESENTATION_CONTEXT(2) 
PARAMETRIC_REPRESENTATION_CONTEXT() REPRESENTATION_CONTEXT('2D SPACE',''
  ) );
#3686 = ORIENTED_EDGE('',*,*,#2340,.T.);
#3687 = ORIENTED_EDGE('',*,*,#3688,.T.);
#3688 = EDGE_CURVE('',#2343,#3689,#3691,.T.);
#3689 = VERTEX_POINT('',#3690);
#3690 = CARTESIAN_POINT('',(20.9,3.5,85.3));
#3691 = SURFACE_CURVE('',#3692,(#3696,#3703),.PCURVE_S1.);
#3692 = LINE('',#3693,#3694);
#3693 = CARTESIAN_POINT('',(20.9,-6.,85.3));
#3694 = VECTOR('',#3695,1.);
#3695 = DIRECTION('',(0.,1.,0.));
#3696 = PCURVE('',#2358,#3697);
#3697 = DEFINITIONAL_REPRESENTATION('',(#3698),#3702);
#3698 = LINE('',#3699,#3700);
#3699 = CARTESIAN_POINT('',(5.8,0.));
#3700 = VECTOR('',#3701,1.);
#3701 = DIRECTION('',(0.,1.));
#3702 = ( GEOMETRIC_REPRESENTATION_CONTEXT(2) 
PARAMETRIC_REPRESENTATION_CONTEXT() REPRESENTATION_CONTEXT('2D SPACE',''
  ) );
#3703 = PCURVE('',#2440,#3704);
#3704 = DEFINITIONAL_REPRESENTATION('',(#3705),#3709);
#3705 = LINE('',#3706,#3707);
#3706 = CARTESIAN_POINT('',(3.3,0.));
#3707 = VECTOR('',#3708,1.);
#3708 = DIRECTION('',(0.,-1.));
#3709 = ( GEOMETRIC_REPRESENTATION_CONTEXT(2) 
PARAMETRIC_REPRESENTATION_CONTEXT() REPRESENTATION_CONTEXT('2D SPACE',''
  ) );
#3710 = ORIENTED_EDGE('',*,*,#3711,.F.);
#3711 = EDGE_CURVE('',#3665,#3689,#3712,.T.);
#3712 = SURFACE_CURVE('',#3713,(#3717,#3724),.PCURVE_S1.);
#3713 = LINE('',#3714,#3715);
#3714 = CARTESIAN_POINT('',(15.1,3.5,85.3));
#3715 = VECTOR('',#3716,1.);
#3716 = DIRECTION('',(1.,0.,0.));
#3717 = PCURVE('',#2358,#3718);
#3718 = DEFINITIONAL_REPRESENTATION('',(#3719),#3723);
#3719 = LINE('',#3720,#3721);
#3720 = CARTESIAN_POINT('',(0.,9.5));
#3721 = VECTOR('',#3722,1.);
#3722 = DIRECTION('',(1.,0.));
#3723 = ( GEOMETRIC_REPRESENTATION_CONTEXT(2) 
PARAMETRIC_REPRESENTATION_CONTEXT() REPRESENTATION_CONTEXT('2D SPACE',''
  ) );
#3724 = PCURVE('',#3725,#3730);
#3725 = PLANE('',#3726);
#3726 = AXIS2_PLACEMENT_3D('',#3727,#3728,#3729);
#3727 = CARTESIAN_POINT('',(15.1,3.5,82.));
#3728 = DIRECTION('',(0.,1.,0.));
#3729 = DIRECTION('',(0.,0.,1.));
#3730 = DEFINITIONAL_REPRESENTATION('',(#3731),#3735);
#3731 = LINE('',#3732,#3733);
#3732 = CARTESIAN_POINT('',(3.3,0.));
#3733 = VECTOR('',#3734,1.);
#3734 = DIRECTION('',(0.,1.));
#3735 = ( GEOMETRIC_REPRESENTATION_CONTEXT(2) 
PARAMETRIC_REPRESENTATION_CONTEXT() REPRESENTATION_CONTEXT('2D SPACE',''
  ) );
#3736 = FACE_BOUND('',#3737,.F.);
#3737 = EDGE_LOOP('',(#3738));
#3738 = ORIENTED_EDGE('',*,*,#3739,.F.);
#3739 = EDGE_CURVE('',#3740,#3740,#3742,.T.);
#3740 = VERTEX_POINT('',#3741);
#3741 = CARTESIAN_POINT('',(19.7,-4.163799117101E-16,85.3));
#3742 = SURFACE_CURVE('',#3743,(#3748,#3755),.PCURVE_S1.);
#3743 = CIRCLE('',#3744,1.7);
#3744 = AXIS2_PLACEMENT_3D('',#3745,#3746,#3747);
#3745 = CARTESIAN_POINT('',(18.,0.,85.3));
#3746 = DIRECTION('',(0.,0.,1.));
#3747 = DIRECTION('',(1.,0.,-0.));
#3748 = PCURVE('',#2358,#3749);
#3749 = DEFINITIONAL_REPRESENTATION('',(#3750),#3754);
#3750 = CIRCLE('',#3751,1.7);
#3751 = AXIS2_PLACEMENT_2D('',#3752,#3753);
#3752 = CARTESIAN_POINT('',(2.9,6.));
#3753 = DIRECTION('',(1.,0.));
#3754 = ( GEOMETRIC_REPRESENTATION_CONTEXT(2) 
PARAMETRIC_REPRESENTATION_CONTEXT() REPRESENTATION_CONTEXT('2D SPACE',''
  ) );
#3755 = PCURVE('',#3213,#3756);
#3756 = DEFINITIONAL_REPRESENTATION('',(#3757),#3761);
#3757 = LINE('',#3758,#3759);
#3758 = CARTESIAN_POINT('',(0.,5.3));
#3759 = VECTOR('',#3760,1.);
#3760 = DIRECTION('',(1.,0.));
#3761 = ( GEOMETRIC_REPRESENTATION_CONTEXT(2) 
PARAMETRIC_REPRESENTATION_CONTEXT() REPRESENTATION_CONTEXT('2D SPACE',''
  ) );
#3762 = ADVANCED_FACE('',(#3763),#2440,.F.);
#3763 = FACE_BOUND('',#3764,.F.);
#3764 = EDGE_LOOP('',(#3765,#3766,#3789,#3810));
#3765 = ORIENTED_EDGE('',*,*,#2426,.F.);
#3766 = ORIENTED_EDGE('',*,*,#3767,.T.);
#3767 = EDGE_CURVE('',#2399,#3768,#3770,.T.);
#3768 = VERTEX_POINT('',#3769);
#3769 = CARTESIAN_POINT('',(20.9,3.5,82.));
#3770 = SURFACE_CURVE('',#3771,(#3775,#3782),.PCURVE_S1.);
#3771 = LINE('',#3772,#3773);
#3772 = CARTESIAN_POINT('',(20.9,-6.,82.));
#3773 = VECTOR('',#3774,1.);
#3774 = DIRECTION('',(0.,1.,0.));
#3775 = PCURVE('',#2440,#3776);
#3776 = DEFINITIONAL_REPRESENTATION('',(#3777),#3781);
#3777 = LINE('',#3778,#3779);
#3778 = CARTESIAN_POINT('',(0.,0.));
#3779 = VECTOR('',#3780,1.);
#3780 = DIRECTION('',(0.,-1.));
#3781 = ( GEOMETRIC_REPRESENTATION_CONTEXT(2) 
PARAMETRIC_REPRESENTATION_CONTEXT() REPRESENTATION_CONTEXT('2D SPACE',''
  ) );
#3782 = PCURVE('',#2414,#3783);
#3783 = DEFINITIONAL_REPRESENTATION('',(#3784),#3788);
#3784 = LINE('',#3785,#3786);
#3785 = CARTESIAN_POINT('',(5.8,0.));
#3786 = VECTOR('',#3787,1.);
#3787 = DIRECTION('',(0.,1.));
#3788 = ( GEOMETRIC_REPRESENTATION_CONTEXT(2) 
PARAMETRIC_REPRESENTATION_CONTEXT() REPRESENTATION_CONTEXT('2D SPACE',''
  ) );
#3789 = ORIENTED_EDGE('',*,*,#3790,.T.);
#3790 = EDGE_CURVE('',#3768,#3689,#3791,.T.);
#3791 = SURFACE_CURVE('',#3792,(#3796,#3803),.PCURVE_S1.);
#3792 = LINE('',#3793,#3794);
#3793 = CARTESIAN_POINT('',(20.9,3.5,82.));
#3794 = VECTOR('',#3795,1.);
#3795 = DIRECTION('',(0.,0.,1.));
#3796 = PCURVE('',#2440,#3797);
#3797 = DEFINITIONAL_REPRESENTATION('',(#3798),#3802);
#3798 = LINE('',#3799,#3800);
#3799 = CARTESIAN_POINT('',(0.,-9.5));
#3800 = VECTOR('',#3801,1.);
#3801 = DIRECTION('',(1.,0.));
#3802 = ( GEOMETRIC_REPRESENTATION_CONTEXT(2) 
PARAMETRIC_REPRESENTATION_CONTEXT() REPRESENTATION_CONTEXT('2D SPACE',''
  ) );
#3803 = PCURVE('',#3725,#3804);
#3804 = DEFINITIONAL_REPRESENTATION('',(#3805),#3809);
#3805 = LINE('',#3806,#3807);
#3806 = CARTESIAN_POINT('',(0.,5.8));
#3807 = VECTOR('',#3808,1.);
#3808 = DIRECTION('',(1.,0.));
#3809 = ( GEOMETRIC_REPRESENTATION_CONTEXT(2) 
PARAMETRIC_REPRESENTATION_CONTEXT() REPRESENTATION_CONTEXT('2D SPACE',''
  ) );
#3810 = ORIENTED_EDGE('',*,*,#3688,.F.);
#3811 = ADVANCED_FACE('',(#3812,#3860),#2414,.T.);
#3812 = FACE_BOUND('',#3813,.T.);
#3813 = EDGE_LOOP('',(#3814,#3837,#3838,#3839));
#3814 = ORIENTED_EDGE('',*,*,#3815,.F.);
#3815 = EDGE_CURVE('',#2371,#3816,#3818,.T.);
#3816 = VERTEX_POINT('',#3817);
#3817 = CARTESIAN_POINT('',(15.1,3.5,82.));
#3818 = SURFACE_CURVE('',#3819,(#3823,#3830),.PCURVE_S1.);
#3819 = LINE('',#3820,#3821);
#3820 = CARTESIAN_POINT('',(15.1,-6.,82.));
#3821 = VECTOR('',#3822,1.);
#3822 = DIRECTION('',(0.,1.,0.));
#3823 = PCURVE('',#2414,#3824);
#3824 = DEFINITIONAL_REPRESENTATION('',(#3825),#3829);
#3825 = LINE('',#3826,#3827);
#3826 = CARTESIAN_POINT('',(0.,0.));
#3827 = VECTOR('',#3828,1.);
#3828 = DIRECTION('',(0.,1.));
#3829 = ( GEOMETRIC_REPRESENTATION_CONTEXT(2) 
PARAMETRIC_REPRESENTATION_CONTEXT() REPRESENTATION_CONTEXT('2D SPACE',''
  ) );
#3830 = PCURVE('',#2386,#3831);
#3831 = DEFINITIONAL_REPRESENTATION('',(#3832),#3836);
#3832 = LINE('',#3833,#3834);
#3833 = CARTESIAN_POINT('',(0.,0.));
#3834 = VECTOR('',#3835,1.);
#3835 = DIRECTION('',(0.,-1.));
#3836 = ( GEOMETRIC_REPRESENTATION_CONTEXT(2) 
PARAMETRIC_REPRESENTATION_CONTEXT() REPRESENTATION_CONTEXT('2D SPACE',''
  ) );
#3837 = ORIENTED_EDGE('',*,*,#2398,.T.);
#3838 = ORIENTED_EDGE('',*,*,#3767,.T.);
#3839 = ORIENTED_EDGE('',*,*,#3840,.F.);
#3840 = EDGE_CURVE('',#3816,#3768,#3841,.T.);
#3841 = SURFACE_CURVE('',#3842,(#3846,#3853),.PCURVE_S1.);
#3842 = LINE('',#3843,#3844);
#3843 = CARTESIAN_POINT('',(15.1,3.5,82.));
#3844 = VECTOR('',#3845,1.);
#3845 = DIRECTION('',(1.,0.,0.));
#3846 = PCURVE('',#2414,#3847);
#3847 = DEFINITIONAL_REPRESENTATION('',(#3848),#3852);
#3848 = LINE('',#3849,#3850);
#3849 = CARTESIAN_POINT('',(0.,9.5));
#3850 = VECTOR('',#3851,1.);
#3851 = DIRECTION('',(1.,0.));
#3852 = ( GEOMETRIC_REPRESENTATION_CONTEXT(2) 
PARAMETRIC_REPRESENTATION_CONTEXT() REPRESENTATION_CONTEXT('2D SPACE',''
  ) );
#3853 = PCURVE('',#3725,#3854);
#3854 = DEFINITIONAL_REPRESENTATION('',(#3855),#3859);
#3855 = LINE('',#3856,#3857);
#3856 = CARTESIAN_POINT('',(0.,0.));
#3857 = VECTOR('',#3858,1.);
#3858 = DIRECTION('',(0.,1.));
#3859 = ( GEOMETRIC_REPRESENTATION_CONTEXT(2) 
PARAMETRIC_REPRESENTATION_CONTEXT() REPRESENTATION_CONTEXT('2D SPACE',''
  ) );
#3860 = FACE_BOUND('',#3861,.T.);
#3861 = EDGE_LOOP('',(#3862));
#3862 = ORIENTED_EDGE('',*,*,#3863,.F.);
#3863 = EDGE_CURVE('',#3864,#3864,#3866,.T.);
#3864 = VERTEX_POINT('',#3865);
#3865 = CARTESIAN_POINT('',(19.7,-4.163799117101E-16,82.));
#3866 = SURFACE_CURVE('',#3867,(#3872,#3879),.PCURVE_S1.);
#3867 = CIRCLE('',#3868,1.7);
#3868 = AXIS2_PLACEMENT_3D('',#3869,#3870,#3871);
#3869 = CARTESIAN_POINT('',(18.,0.,82.));
#3870 = DIRECTION('',(0.,0.,1.));
#3871 = DIRECTION('',(1.,0.,-0.));
#3872 = PCURVE('',#2414,#3873);
#3873 = DEFINITIONAL_REPRESENTATION('',(#3874),#3878);
#3874 = CIRCLE('',#3875,1.7);
#3875 = AXIS2_PLACEMENT_2D('',#3876,#3877);
#3876 = CARTESIAN_POINT('',(2.9,6.));
#3877 = DIRECTION('',(1.,0.));
#3878 = ( GEOMETRIC_REPRESENTATION_CONTEXT(2) 
PARAMETRIC_REPRESENTATION_CONTEXT() REPRESENTATION_CONTEXT('2D SPACE',''
  ) );
#3879 = PCURVE('',#3880,#3885);
#3880 = CYLINDRICAL_SURFACE('',#3881,1.7);
#3881 = AXIS2_PLACEMENT_3D('',#3882,#3883,#3884);
#3882 = CARTESIAN_POINT('',(18.,0.,80.));
#3883 = DIRECTION('',(0.,0.,1.));
#3884 = DIRECTION('',(1.,0.,-0.));
#3885 = DEFINITIONAL_REPRESENTATION('',(#3886),#3890);
#3886 = LINE('',#3887,#3888);
#3887 = CARTESIAN_POINT('',(0.,2.));
#3888 = VECTOR('',#3889,1.);
#3889 = DIRECTION('',(1.,0.));
#3890 = ( GEOMETRIC_REPRESENTATION_CONTEXT(2) 
PARAMETRIC_REPRESENTATION_CONTEXT() REPRESENTATION_CONTEXT('2D SPACE',''
  ) );
#3891 = ADVANCED_FACE('',(#3892),#2386,.T.);
#3892 = FACE_BOUND('',#3893,.T.);
#3893 = EDGE_LOOP('',(#3894,#3895,#3896,#3917));
#3894 = ORIENTED_EDGE('',*,*,#2370,.F.);
#3895 = ORIENTED_EDGE('',*,*,#3815,.T.);
#3896 = ORIENTED_EDGE('',*,*,#3897,.T.);
#3897 = EDGE_CURVE('',#3816,#3665,#3898,.T.);
#3898 = SURFACE_CURVE('',#3899,(#3903,#3910),.PCURVE_S1.);
#3899 = LINE('',#3900,#3901);
#3900 = CARTESIAN_POINT('',(15.1,3.5,82.));
#3901 = VECTOR('',#3902,1.);
#3902 = DIRECTION('',(0.,0.,1.));
#3903 = PCURVE('',#2386,#3904);
#3904 = DEFINITIONAL_REPRESENTATION('',(#3905),#3909);
#3905 = LINE('',#3906,#3907);
#3906 = CARTESIAN_POINT('',(0.,-9.5));
#3907 = VECTOR('',#3908,1.);
#3908 = DIRECTION('',(1.,0.));
#3909 = ( GEOMETRIC_REPRESENTATION_CONTEXT(2) 
PARAMETRIC_REPRESENTATION_CONTEXT() REPRESENTATION_CONTEXT('2D SPACE',''
  ) );
#3910 = PCURVE('',#3725,#3911);
#3911 = DEFINITIONAL_REPRESENTATION('',(#3912),#3916);
#3912 = LINE('',#3913,#3914);
#3913 = CARTESIAN_POINT('',(0.,0.));
#3914 = VECTOR('',#3915,1.);
#3915 = DIRECTION('',(1.,0.));
#3916 = ( GEOMETRIC_REPRESENTATION_CONTEXT(2) 
PARAMETRIC_REPRESENTATION_CONTEXT() REPRESENTATION_CONTEXT('2D SPACE',''
  ) );
#3917 = ORIENTED_EDGE('',*,*,#3664,.F.);
#3918 = ADVANCED_FACE('',(#3919),#2656,.F.);
#3919 = FACE_BOUND('',#3920,.F.);
#3920 = EDGE_LOOP('',(#3921,#3922,#3923,#3945));
#3921 = ORIENTED_EDGE('',*,*,#2639,.F.);
#3922 = ORIENTED_EDGE('',*,*,#3064,.F.);
#3923 = ORIENTED_EDGE('',*,*,#3924,.T.);
#3924 = EDGE_CURVE('',#3065,#3329,#3925,.T.);
#3925 = SURFACE_CURVE('',#3926,(#3931,#3938),.PCURVE_S1.);
#3926 = CIRCLE('',#3927,8.);
#3927 = AXIS2_PLACEMENT_3D('',#3928,#3929,#3930);
#3928 = CARTESIAN_POINT('',(0.,3.6,100.));
#3929 = DIRECTION('',(0.,1.,0.));
#3930 = DIRECTION('',(0.,-0.,1.));
#3931 = PCURVE('',#2656,#3932);
#3932 = DEFINITIONAL_REPRESENTATION('',(#3933),#3937);
#3933 = LINE('',#3934,#3935);
#3934 = CARTESIAN_POINT('',(0.,10.6));
#3935 = VECTOR('',#3936,1.);
#3936 = DIRECTION('',(1.,0.));
#3937 = ( GEOMETRIC_REPRESENTATION_CONTEXT(2) 
PARAMETRIC_REPRESENTATION_CONTEXT() REPRESENTATION_CONTEXT('2D SPACE',''
  ) );
#3938 = PCURVE('',#3103,#3939);
#3939 = DEFINITIONAL_REPRESENTATION('',(#3940),#3944);
#3940 = CIRCLE('',#3941,8.);
#3941 = AXIS2_PLACEMENT_2D('',#3942,#3943);
#3942 = CARTESIAN_POINT('',(0.,0.));
#3943 = DIRECTION('',(1.,0.));
#3944 = ( GEOMETRIC_REPRESENTATION_CONTEXT(2) 
PARAMETRIC_REPRESENTATION_CONTEXT() REPRESENTATION_CONTEXT('2D SPACE',''
  ) );
#3945 = ORIENTED_EDGE('',*,*,#3351,.T.);
#3946 = ADVANCED_FACE('',(#3947),#3103,.F.);
#3947 = FACE_BOUND('',#3948,.F.);
#3948 = EDGE_LOOP('',(#3949,#3950,#3972,#3973));
#3949 = ORIENTED_EDGE('',*,*,#3087,.F.);
#3950 = ORIENTED_EDGE('',*,*,#3951,.T.);
#3951 = EDGE_CURVE('',#3088,#3306,#3952,.T.);
#3952 = SURFACE_CURVE('',#3953,(#3958,#3965),.PCURVE_S1.);
#3953 = CIRCLE('',#3954,11.15);
#3954 = AXIS2_PLACEMENT_3D('',#3955,#3956,#3957);
#3955 = CARTESIAN_POINT('',(0.,3.6,100.));
#3956 = DIRECTION('',(0.,1.,0.));
#3957 = DIRECTION('',(0.,-0.,1.));
#3958 = PCURVE('',#3103,#3959);
#3959 = DEFINITIONAL_REPRESENTATION('',(#3960),#3964);
#3960 = CIRCLE('',#3961,11.15);
#3961 = AXIS2_PLACEMENT_2D('',#3962,#3963);
#3962 = CARTESIAN_POINT('',(0.,0.));
#3963 = DIRECTION('',(1.,0.));
#3964 = ( GEOMETRIC_REPRESENTATION_CONTEXT(2) 
PARAMETRIC_REPRESENTATION_CONTEXT() REPRESENTATION_CONTEXT('2D SPACE',''
  ) );
#3965 = PCURVE('',#3131,#3966);
#3966 = DEFINITIONAL_REPRESENTATION('',(#3967),#3971);
#3967 = LINE('',#3968,#3969);
#3968 = CARTESIAN_POINT('',(0.,7.2));
#3969 = VECTOR('',#3970,1.);
#3970 = DIRECTION('',(1.,0.));
#3971 = ( GEOMETRIC_REPRESENTATION_CONTEXT(2) 
PARAMETRIC_REPRESENTATION_CONTEXT() REPRESENTATION_CONTEXT('2D SPACE',''
  ) );
#3972 = ORIENTED_EDGE('',*,*,#3328,.F.);
#3973 = ORIENTED_EDGE('',*,*,#3924,.F.);
#3974 = ADVANCED_FACE('',(#3975),#3131,.F.);
#3975 = FACE_BOUND('',#3976,.F.);
#3976 = EDGE_LOOP('',(#3977,#3978,#3979,#4001));
#3977 = ORIENTED_EDGE('',*,*,#3951,.F.);
#3978 = ORIENTED_EDGE('',*,*,#3115,.F.);
#3979 = ORIENTED_EDGE('',*,*,#3980,.T.);
#3980 = EDGE_CURVE('',#3116,#3283,#3981,.T.);
#3981 = SURFACE_CURVE('',#3982,(#3987,#3994),.PCURVE_S1.);
#3982 = CIRCLE('',#3983,11.15);
#3983 = AXIS2_PLACEMENT_3D('',#3984,#3985,#3986);
#3984 = CARTESIAN_POINT('',(0.,-3.6,100.));
#3985 = DIRECTION('',(0.,1.,0.));
#3986 = DIRECTION('',(0.,-0.,1.));
#3987 = PCURVE('',#3131,#3988);
#3988 = DEFINITIONAL_REPRESENTATION('',(#3989),#3993);
#3989 = LINE('',#3990,#3991);
#3990 = CARTESIAN_POINT('',(0.,0.));
#3991 = VECTOR('',#3992,1.);
#3992 = DIRECTION('',(1.,0.));
#3993 = ( GEOMETRIC_REPRESENTATION_CONTEXT(2) 
PARAMETRIC_REPRESENTATION_CONTEXT() REPRESENTATION_CONTEXT('2D SPACE',''
  ) );
#3994 = PCURVE('',#3159,#3995);
#3995 = DEFINITIONAL_REPRESENTATION('',(#3996),#4000);
#3996 = CIRCLE('',#3997,11.15);
#3997 = AXIS2_PLACEMENT_2D('',#3998,#3999);
#3998 = CARTESIAN_POINT('',(0.,0.));
#3999 = DIRECTION('',(1.,0.));
#4000 = ( GEOMETRIC_REPRESENTATION_CONTEXT(2) 
PARAMETRIC_REPRESENTATION_CONTEXT() REPRESENTATION_CONTEXT('2D SPACE',''
  ) );
#4001 = ORIENTED_EDGE('',*,*,#3305,.T.);
#4002 = ADVANCED_FACE('',(#4003),#3159,.T.);
#4003 = FACE_BOUND('',#4004,.T.);
#4004 = EDGE_LOOP('',(#4005,#4006,#4007,#4008));
#4005 = ORIENTED_EDGE('',*,*,#3143,.F.);
#4006 = ORIENTED_EDGE('',*,*,#3980,.T.);
#4007 = ORIENTED_EDGE('',*,*,#3282,.F.);
#4008 = ORIENTED_EDGE('',*,*,#3253,.F.);
#4009 = ADVANCED_FACE('',(#4010),#3213,.F.);
#4010 = FACE_BOUND('',#4011,.F.);
#4011 = EDGE_LOOP('',(#4012,#4033,#4034,#4035));
#4012 = ORIENTED_EDGE('',*,*,#4013,.T.);
#4013 = EDGE_CURVE('',#3740,#3197,#4014,.T.);
#4014 = SEAM_CURVE('',#4015,(#4019,#4026),.PCURVE_S1.);
#4015 = LINE('',#4016,#4017);
#4016 = CARTESIAN_POINT('',(19.7,-4.163799117101E-16,80.));
#4017 = VECTOR('',#4018,1.);
#4018 = DIRECTION('',(0.,0.,1.));
#4019 = PCURVE('',#3213,#4020);
#4020 = DEFINITIONAL_REPRESENTATION('',(#4021),#4025);
#4021 = LINE('',#4022,#4023);
#4022 = CARTESIAN_POINT('',(6.28318530718,-0.));
#4023 = VECTOR('',#4024,1.);
#4024 = DIRECTION('',(0.,1.));
#4025 = ( GEOMETRIC_REPRESENTATION_CONTEXT(2) 
PARAMETRIC_REPRESENTATION_CONTEXT() REPRESENTATION_CONTEXT('2D SPACE',''
  ) );
#4026 = PCURVE('',#3213,#4027);
#4027 = DEFINITIONAL_REPRESENTATION('',(#4028),#4032);
#4028 = LINE('',#4029,#4030);
#4029 = CARTESIAN_POINT('',(0.,-0.));
#4030 = VECTOR('',#4031,1.);
#4031 = DIRECTION('',(0.,1.));
#4032 = ( GEOMETRIC_REPRESENTATION_CONTEXT(2) 
PARAMETRIC_REPRESENTATION_CONTEXT() REPRESENTATION_CONTEXT('2D SPACE',''
  ) );
#4033 = ORIENTED_EDGE('',*,*,#3196,.F.);
#4034 = ORIENTED_EDGE('',*,*,#4013,.F.);
#4035 = ORIENTED_EDGE('',*,*,#3739,.T.);
#4036 = ADVANCED_FACE('',(#4037),#3391,.F.);
#4037 = FACE_BOUND('',#4038,.F.);
#4038 = EDGE_LOOP('',(#4039,#4060,#4061,#4062));
#4039 = ORIENTED_EDGE('',*,*,#4040,.T.);
#4040 = EDGE_CURVE('',#3482,#3375,#4041,.T.);
#4041 = SEAM_CURVE('',#4042,(#4046,#4053),.PCURVE_S1.);
#4042 = LINE('',#4043,#4044);
#4043 = CARTESIAN_POINT('',(-16.3,-4.163799117101E-16,80.));
#4044 = VECTOR('',#4045,1.);
#4045 = DIRECTION('',(0.,0.,1.));
#4046 = PCURVE('',#3391,#4047);
#4047 = DEFINITIONAL_REPRESENTATION('',(#4048),#4052);
#4048 = LINE('',#4049,#4050);
#4049 = CARTESIAN_POINT('',(6.28318530718,-0.));
#4050 = VECTOR('',#4051,1.);
#4051 = DIRECTION('',(0.,1.));
#4052 = ( GEOMETRIC_REPRESENTATION_CONTEXT(2) 
PARAMETRIC_REPRESENTATION_CONTEXT() REPRESENTATION_CONTEXT('2D SPACE',''
  ) );
#4053 = PCURVE('',#3391,#4054);
#4054 = DEFINITIONAL_REPRESENTATION('',(#4055),#4059);
#4055 = LINE('',#4056,#4057);
#4056 = CARTESIAN_POINT('',(0.,-0.));
#4057 = VECTOR('',#4058,1.);
#4058 = DIRECTION('',(0.,1.));
#4059 = ( GEOMETRIC_REPRESENTATION_CONTEXT(2) 
PARAMETRIC_REPRESENTATION_CONTEXT() REPRESENTATION_CONTEXT('2D SPACE',''
  ) );
#4060 = ORIENTED_EDGE('',*,*,#3374,.F.);
#4061 = ORIENTED_EDGE('',*,*,#4040,.F.);
#4062 = ORIENTED_EDGE('',*,*,#3481,.T.);
#4063 = ADVANCED_FACE('',(#4064),#3467,.F.);
#4064 = FACE_BOUND('',#4065,.F.);
#4065 = EDGE_LOOP('',(#4066,#4067,#4068,#4069));
#4066 = ORIENTED_EDGE('',*,*,#3609,.F.);
#4067 = ORIENTED_EDGE('',*,*,#3581,.T.);
#4068 = ORIENTED_EDGE('',*,*,#3453,.T.);
#4069 = ORIENTED_EDGE('',*,*,#3532,.F.);
#4070 = ADVANCED_FACE('',(#4071),#3649,.F.);
#4071 = FACE_BOUND('',#4072,.F.);
#4072 = EDGE_LOOP('',(#4073,#4074,#4097,#4124));
#4073 = ORIENTED_EDGE('',*,*,#3632,.F.);
#4074 = ORIENTED_EDGE('',*,*,#4075,.F.);
#4075 = EDGE_CURVE('',#4076,#3633,#4078,.T.);
#4076 = VERTEX_POINT('',#4077);
#4077 = CARTESIAN_POINT('',(-16.3,-4.163799117101E-16,80.));
#4078 = SEAM_CURVE('',#4079,(#4083,#4090),.PCURVE_S1.);
#4079 = LINE('',#4080,#4081);
#4080 = CARTESIAN_POINT('',(-16.3,-4.163799117101E-16,80.));
#4081 = VECTOR('',#4082,1.);
#4082 = DIRECTION('',(0.,0.,1.));
#4083 = PCURVE('',#3649,#4084);
#4084 = DEFINITIONAL_REPRESENTATION('',(#4085),#4089);
#4085 = LINE('',#4086,#4087);
#4086 = CARTESIAN_POINT('',(6.28318530718,-0.));
#4087 = VECTOR('',#4088,1.);
#4088 = DIRECTION('',(0.,1.));
#4089 = ( GEOMETRIC_REPRESENTATION_CONTEXT(2) 
PARAMETRIC_REPRESENTATION_CONTEXT() REPRESENTATION_CONTEXT('2D SPACE',''
  ) );
#4090 = PCURVE('',#3649,#4091);
#4091 = DEFINITIONAL_REPRESENTATION('',(#4092),#4096);
#4092 = LINE('',#4093,#4094);
#4093 = CARTESIAN_POINT('',(0.,-0.));
#4094 = VECTOR('',#4095,1.);
#4095 = DIRECTION('',(0.,1.));
#4096 = ( GEOMETRIC_REPRESENTATION_CONTEXT(2) 
PARAMETRIC_REPRESENTATION_CONTEXT() REPRESENTATION_CONTEXT('2D SPACE',''
  ) );
#4097 = ORIENTED_EDGE('',*,*,#4098,.T.);
#4098 = EDGE_CURVE('',#4076,#4076,#4099,.T.);
#4099 = SURFACE_CURVE('',#4100,(#4105,#4112),.PCURVE_S1.);
#4100 = CIRCLE('',#4101,1.7);
#4101 = AXIS2_PLACEMENT_3D('',#4102,#4103,#4104);
#4102 = CARTESIAN_POINT('',(-18.,0.,80.));
#4103 = DIRECTION('',(0.,0.,1.));
#4104 = DIRECTION('',(1.,0.,-0.));
#4105 = PCURVE('',#3649,#4106);
#4106 = DEFINITIONAL_REPRESENTATION('',(#4107),#4111);
#4107 = LINE('',#4108,#4109);
#4108 = CARTESIAN_POINT('',(0.,0.));
#4109 = VECTOR('',#4110,1.);
#4110 = DIRECTION('',(1.,0.));
#4111 = ( GEOMETRIC_REPRESENTATION_CONTEXT(2) 
PARAMETRIC_REPRESENTATION_CONTEXT() REPRESENTATION_CONTEXT('2D SPACE',''
  ) );
#4112 = PCURVE('',#4113,#4118);
#4113 = PLANE('',#4114);
#4114 = AXIS2_PLACEMENT_3D('',#4115,#4116,#4117);
#4115 = CARTESIAN_POINT('',(-18.,0.,80.));
#4116 = DIRECTION('',(0.,0.,1.));
#4117 = DIRECTION('',(1.,0.,-0.));
#4118 = DEFINITIONAL_REPRESENTATION('',(#4119),#4123);
#4119 = CIRCLE('',#4120,1.7);
#4120 = AXIS2_PLACEMENT_2D('',#4121,#4122);
#4121 = CARTESIAN_POINT('',(0.,0.));
#4122 = DIRECTION('',(1.,0.));
#4123 = ( GEOMETRIC_REPRESENTATION_CONTEXT(2) 
PARAMETRIC_REPRESENTATION_CONTEXT() REPRESENTATION_CONTEXT('2D SPACE',''
  ) );
#4124 = ORIENTED_EDGE('',*,*,#4075,.T.);
#4125 = ADVANCED_FACE('',(#4126),#3725,.F.);
#4126 = FACE_BOUND('',#4127,.F.);
#4127 = EDGE_LOOP('',(#4128,#4129,#4130,#4131));
#4128 = ORIENTED_EDGE('',*,*,#3840,.F.);
#4129 = ORIENTED_EDGE('',*,*,#3897,.T.);
#4130 = ORIENTED_EDGE('',*,*,#3711,.T.);
#4131 = ORIENTED_EDGE('',*,*,#3790,.F.);
#4132 = ADVANCED_FACE('',(#4133),#3880,.F.);
#4133 = FACE_BOUND('',#4134,.F.);
#4134 = EDGE_LOOP('',(#4135,#4136,#4159,#4186));
#4135 = ORIENTED_EDGE('',*,*,#3863,.F.);
#4136 = ORIENTED_EDGE('',*,*,#4137,.F.);
#4137 = EDGE_CURVE('',#4138,#3864,#4140,.T.);
#4138 = VERTEX_POINT('',#4139);
#4139 = CARTESIAN_POINT('',(19.7,-4.163799117101E-16,80.));
#4140 = SEAM_CURVE('',#4141,(#4145,#4152),.PCURVE_S1.);
#4141 = LINE('',#4142,#4143);
#4142 = CARTESIAN_POINT('',(19.7,-4.163799117101E-16,80.));
#4143 = VECTOR('',#4144,1.);
#4144 = DIRECTION('',(0.,0.,1.));
#4145 = PCURVE('',#3880,#4146);
#4146 = DEFINITIONAL_REPRESENTATION('',(#4147),#4151);
#4147 = LINE('',#4148,#4149);
#4148 = CARTESIAN_POINT('',(6.28318530718,-0.));
#4149 = VECTOR('',#4150,1.);
#4150 = DIRECTION('',(0.,1.));
#4151 = ( GEOMETRIC_REPRESENTATION_CONTEXT(2) 
PARAMETRIC_REPRESENTATION_CONTEXT() REPRESENTATION_CONTEXT('2D SPACE',''
  ) );
#4152 = PCURVE('',#3880,#4153);
#4153 = DEFINITIONAL_REPRESENTATION('',(#4154),#4158);
#4154 = LINE('',#4155,#4156);
#4155 = CARTESIAN_POINT('',(0.,-0.));
#4156 = VECTOR('',#4157,1.);
#4157 = DIRECTION('',(0.,1.));
#4158 = ( GEOMETRIC_REPRESENTATION_CONTEXT(2) 
PARAMETRIC_REPRESENTATION_CONTEXT() REPRESENTATION_CONTEXT('2D SPACE',''
  ) );
#4159 = ORIENTED_EDGE('',*,*,#4160,.T.);
#4160 = EDGE_CURVE('',#4138,#4138,#4161,.T.);
#4161 = SURFACE_CURVE('',#4162,(#4167,#4174),.PCURVE_S1.);
#4162 = CIRCLE('',#4163,1.7);
#4163 = AXIS2_PLACEMENT_3D('',#4164,#4165,#4166);
#4164 = CARTESIAN_POINT('',(18.,0.,80.));
#4165 = DIRECTION('',(0.,0.,1.));
#4166 = DIRECTION('',(1.,0.,-0.));
#4167 = PCURVE('',#3880,#4168);
#4168 = DEFINITIONAL_REPRESENTATION('',(#4169),#4173);
#4169 = LINE('',#4170,#4171);
#4170 = CARTESIAN_POINT('',(0.,0.));
#4171 = VECTOR('',#4172,1.);
#4172 = DIRECTION('',(1.,0.));
#4173 = ( GEOMETRIC_REPRESENTATION_CONTEXT(2) 
PARAMETRIC_REPRESENTATION_CONTEXT() REPRESENTATION_CONTEXT('2D SPACE',''
  ) );
#4174 = PCURVE('',#4175,#4180);
#4175 = PLANE('',#4176);
#4176 = AXIS2_PLACEMENT_3D('',#4177,#4178,#4179);
#4177 = CARTESIAN_POINT('',(18.,0.,80.));
#4178 = DIRECTION('',(0.,0.,1.));
#4179 = DIRECTION('',(1.,0.,-0.));
#4180 = DEFINITIONAL_REPRESENTATION('',(#4181),#4185);
#4181 = CIRCLE('',#4182,1.7);
#4182 = AXIS2_PLACEMENT_2D('',#4183,#4184);
#4183 = CARTESIAN_POINT('',(0.,0.));
#4184 = DIRECTION('',(1.,0.));
#4185 = ( GEOMETRIC_REPRESENTATION_CONTEXT(2) 
PARAMETRIC_REPRESENTATION_CONTEXT() REPRESENTATION_CONTEXT('2D SPACE',''
  ) );
#4186 = ORIENTED_EDGE('',*,*,#4137,.T.);
#4187 = ADVANCED_FACE('',(#4188),#4113,.T.);
#4188 = FACE_BOUND('',#4189,.F.);
#4189 = EDGE_LOOP('',(#4190));
#4190 = ORIENTED_EDGE('',*,*,#4098,.F.);
#4191 = ADVANCED_FACE('',(#4192),#4175,.T.);
#4192 = FACE_BOUND('',#4193,.F.);
#4193 = EDGE_LOOP('',(#4194));
#4194 = ORIENTED_EDGE('',*,*,#4160,.F.);
#4195 = ( GEOMETRIC_REPRESENTATION_CONTEXT(3) 
GLOBAL_UNCERTAINTY_ASSIGNED_CONTEXT((#4199)) 
GLOBAL_UNIT_ASSIGNED_CONTEXT((#4196,#4197,#4198)) REPRESENTATION_CONTEXT
('Context #1','3D Context with UNIT and UNCERTAINTY') );
#4196 = ( LENGTH_UNIT() NAMED_UNIT(*) SI_UNIT(.MILLI.,.METRE.) );
#4197 = ( NAMED_UNIT(*) PLANE_ANGLE_UNIT() SI_UNIT($,.RADIAN.) );
#4198 = ( NAMED_UNIT(*) SI_UNIT($,.STERADIAN.) SOLID_ANGLE_UNIT() );
#4199 = UNCERTAINTY_MEASURE_WITH_UNIT(LENGTH_MEASURE(1.E-07),#4196,
  'distance_accuracy_value','confusion accuracy');
#4200 = CONTEXT_DEPENDENT_SHAPE_REPRESENTATION(#4201,#4203);
#4201 = ( REPRESENTATION_RELATIONSHIP('','',#132,#10) 
REPRESENTATION_RELATIONSHIP_WITH_TRANSFORMATION(#4202) 
SHAPE_REPRESENTATION_RELATIONSHIP() );
#4202 = ITEM_DEFINED_TRANSFORMATION('','',#11,#15);
#4203 = PRODUCT_DEFINITION_SHAPE('Placement','Placement of an item',
  #4204);
#4204 = NEXT_ASSEMBLY_USAGE_OCCURRENCE('1','stand_1','',#5,#127,$);
#4205 = PRODUCT_RELATED_PRODUCT_CATEGORY('part',$,(#129));
#4206 = SHAPE_DEFINITION_REPRESENTATION(#4207,#4213);
#4207 = PRODUCT_DEFINITION_SHAPE('','',#4208);
#4208 = PRODUCT_DEFINITION('design','',#4209,#4212);
#4209 = PRODUCT_DEFINITION_FORMATION('','',#4210);
#4210 = PRODUCT('cap_1','cap_1','',(#4211));
#4211 = PRODUCT_CONTEXT('',#2,'mechanical');
#4212 = PRODUCT_DEFINITION_CONTEXT('part definition',#2,'design');
#4213 = ADVANCED_BREP_SHAPE_REPRESENTATION('',(#11,#4214),#5194);
#4214 = MANIFOLD_SOLID_BREP('',#4215);
#4215 = CLOSED_SHELL('',(#4216,#4336,#4469,#4580,#4685,#4845,#4872,#5017
    ,#5045,#5072,#5099,#5131,#5159,#5187));
#4216 = ADVANCED_FACE('',(#4217),#4231,.F.);
#4217 = FACE_BOUND('',#4218,.F.);
#4218 = EDGE_LOOP('',(#4219,#4254,#4282,#4310));
#4219 = ORIENTED_EDGE('',*,*,#4220,.F.);
#4220 = EDGE_CURVE('',#4221,#4223,#4225,.T.);
#4221 = VERTEX_POINT('',#4222);
#4222 = CARTESIAN_POINT('',(-24.,-6.,100.));
#4223 = VERTEX_POINT('',#4224);
#4224 = CARTESIAN_POINT('',(-24.,-6.,116.));
#4225 = SURFACE_CURVE('',#4226,(#4230,#4242),.PCURVE_S1.);
#4226 = LINE('',#4227,#4228);
#4227 = CARTESIAN_POINT('',(-24.,-6.,100.));
#4228 = VECTOR('',#4229,1.);
#4229 = DIRECTION('',(0.,0.,1.));
#4230 = PCURVE('',#4231,#4236);
#4231 = PLANE('',#4232);
#4232 = AXIS2_PLACEMENT_3D('',#4233,#4234,#4235);
#4233 = CARTESIAN_POINT('',(-24.,-6.,100.));
#4234 = DIRECTION('',(1.,0.,0.));
#4235 = DIRECTION('',(0.,0.,1.));
#4236 = DEFINITIONAL_REPRESENTATION('',(#4237),#4241);
#4237 = LINE('',#4238,#4239);
#4238 = CARTESIAN_POINT('',(0.,0.));
#4239 = VECTOR('',#4240,1.);
#4240 = DIRECTION('',(1.,0.));
#4241 = ( GEOMETRIC_REPRESENTATION_CONTEXT(2) 
PARAMETRIC_REPRESENTATION_CONTEXT() REPRESENTATION_CONTEXT('2D SPACE',''
  ) );
#4242 = PCURVE('',#4243,#4248);
#4243 = PLANE('',#4244);
#4244 = AXIS2_PLACEMENT_3D('',#4245,#4246,#4247);
#4245 = CARTESIAN_POINT('',(-24.,-6.,100.));
#4246 = DIRECTION('',(0.,1.,0.));
#4247 = DIRECTION('',(0.,0.,1.));
#4248 = DEFINITIONAL_REPRESENTATION('',(#4249),#4253);
#4249 = LINE('',#4250,#4251);
#4250 = CARTESIAN_POINT('',(0.,0.));
#4251 = VECTOR('',#4252,1.);
#4252 = DIRECTION('',(1.,0.));
#4253 = ( GEOMETRIC_REPRESENTATION_CONTEXT(2) 
PARAMETRIC_REPRESENTATION_CONTEXT() REPRESENTATION_CONTEXT('2D SPACE',''
  ) );
#4254 = ORIENTED_EDGE('',*,*,#4255,.T.);
#4255 = EDGE_CURVE('',#4221,#4256,#4258,.T.);
#4256 = VERTEX_POINT('',#4257);
#4257 = CARTESIAN_POINT('',(-24.,6.,100.));
#4258 = SURFACE_CURVE('',#4259,(#4263,#4270),.PCURVE_S1.);
#4259 = LINE('',#4260,#4261);
#4260 = CARTESIAN_POINT('',(-24.,-6.,100.));
#4261 = VECTOR('',#4262,1.);
#4262 = DIRECTION('',(0.,1.,0.));
#4263 = PCURVE('',#4231,#4264);
#4264 = DEFINITIONAL_REPRESENTATION('',(#4265),#4269);
#4265 = LINE('',#4266,#4267);
#4266 = CARTESIAN_POINT('',(0.,0.));
#4267 = VECTOR('',#4268,1.);
#4268 = DIRECTION('',(0.,-1.));
#4269 = ( GEOMETRIC_REPRESENTATION_CONTEXT(2) 
PARAMETRIC_REPRESENTATION_CONTEXT() REPRESENTATION_CONTEXT('2D SPACE',''
  ) );
#4270 = PCURVE('',#4271,#4276);
#4271 = PLANE('',#4272);
#4272 = AXIS2_PLACEMENT_3D('',#4273,#4274,#4275);
#4273 = CARTESIAN_POINT('',(-24.,-6.,100.));
#4274 = DIRECTION('',(0.,0.,1.));
#4275 = DIRECTION('',(1.,0.,0.));
#4276 = DEFINITIONAL_REPRESENTATION('',(#4277),#4281);
#4277 = LINE('',#4278,#4279);
#4278 = CARTESIAN_POINT('',(0.,0.));
#4279 = VECTOR('',#4280,1.);
#4280 = DIRECTION('',(0.,1.));
#4281 = ( GEOMETRIC_REPRESENTATION_CONTEXT(2) 
PARAMETRIC_REPRESENTATION_CONTEXT() REPRESENTATION_CONTEXT('2D SPACE',''
  ) );
#4282 = ORIENTED_EDGE('',*,*,#4283,.T.);
#4283 = EDGE_CURVE('',#4256,#4284,#4286,.T.);
#4284 = VERTEX_POINT('',#4285);
#4285 = CARTESIAN_POINT('',(-24.,6.,116.));
#4286 = SURFACE_CURVE('',#4287,(#4291,#4298),.PCURVE_S1.);
#4287 = LINE('',#4288,#4289);
#4288 = CARTESIAN_POINT('',(-24.,6.,100.));
#4289 = VECTOR('',#4290,1.);
#4290 = DIRECTION('',(0.,0.,1.));
#4291 = PCURVE('',#4231,#4292);
#4292 = DEFINITIONAL_REPRESENTATION('',(#4293),#4297);
#4293 = LINE('',#4294,#4295);
#4294 = CARTESIAN_POINT('',(0.,-12.));
#4295 = VECTOR('',#4296,1.);
#4296 = DIRECTION('',(1.,0.));
#4297 = ( GEOMETRIC_REPRESENTATION_CONTEXT(2) 
PARAMETRIC_REPRESENTATION_CONTEXT() REPRESENTATION_CONTEXT('2D SPACE',''
  ) );
#4298 = PCURVE('',#4299,#4304);
#4299 = PLANE('',#4300);
#4300 = AXIS2_PLACEMENT_3D('',#4301,#4302,#4303);
#4301 = CARTESIAN_POINT('',(-24.,6.,100.));
#4302 = DIRECTION('',(0.,1.,0.));
#4303 = DIRECTION('',(0.,0.,1.));
#4304 = DEFINITIONAL_REPRESENTATION('',(#4305),#4309);
#4305 = LINE('',#4306,#4307);
#4306 = CARTESIAN_POINT('',(0.,0.));
#4307 = VECTOR('',#4308,1.);
#4308 = DIRECTION('',(1.,0.));
#4309 = ( GEOMETRIC_REPRESENTATION_CONTEXT(2) 
PARAMETRIC_REPRESENTATION_CONTEXT() REPRESENTATION_CONTEXT('2D SPACE',''
  ) );
#4310 = ORIENTED_EDGE('',*,*,#4311,.F.);
#4311 = EDGE_CURVE('',#4223,#4284,#4312,.T.);
#4312 = SURFACE_CURVE('',#4313,(#4317,#4324),.PCURVE_S1.);
#4313 = LINE('',#4314,#4315);
#4314 = CARTESIAN_POINT('',(-24.,-6.,116.));
#4315 = VECTOR('',#4316,1.);
#4316 = DIRECTION('',(0.,1.,0.));
#4317 = PCURVE('',#4231,#4318);
#4318 = DEFINITIONAL_REPRESENTATION('',(#4319),#4323);
#4319 = LINE('',#4320,#4321);
#4320 = CARTESIAN_POINT('',(16.,0.));
#4321 = VECTOR('',#4322,1.);
#4322 = DIRECTION('',(0.,-1.));
#4323 = ( GEOMETRIC_REPRESENTATION_CONTEXT(2) 
PARAMETRIC_REPRESENTATION_CONTEXT() REPRESENTATION_CONTEXT('2D SPACE',''
  ) );
#4324 = PCURVE('',#4325,#4330);
#4325 = PLANE('',#4326);
#4326 = AXIS2_PLACEMENT_3D('',#4327,#4328,#4329);
#4327 = CARTESIAN_POINT('',(-24.,-6.,116.));
#4328 = DIRECTION('',(0.,0.,1.));
#4329 = DIRECTION('',(1.,0.,0.));
#4330 = DEFINITIONAL_REPRESENTATION('',(#4331),#4335);
#4331 = LINE('',#4332,#4333);
#4332 = CARTESIAN_POINT('',(0.,0.));
#4333 = VECTOR('',#4334,1.);
#4334 = DIRECTION('',(0.,1.));
#4335 = ( GEOMETRIC_REPRESENTATION_CONTEXT(2) 
PARAMETRIC_REPRESENTATION_CONTEXT() REPRESENTATION_CONTEXT('2D SPACE',''
  ) );
#4336 = ADVANCED_FACE('',(#4337),#4243,.F.);
#4337 = FACE_BOUND('',#4338,.F.);
#4338 = EDGE_LOOP('',(#4339,#4362,#4363,#4386,#4414,#4442));
#4339 = ORIENTED_EDGE('',*,*,#4340,.F.);
#4340 = EDGE_CURVE('',#4221,#4341,#4343,.T.);
#4341 = VERTEX_POINT('',#4342);
#4342 = CARTESIAN_POINT('',(-8.,-6.,100.));
#4343 = SURFACE_CURVE('',#4344,(#4348,#4355),.PCURVE_S1.);
#4344 = LINE('',#4345,#4346);
#4345 = CARTESIAN_POINT('',(-24.,-6.,100.));
#4346 = VECTOR('',#4347,1.);
#4347 = DIRECTION('',(1.,0.,0.));
#4348 = PCURVE('',#4243,#4349);
#4349 = DEFINITIONAL_REPRESENTATION('',(#4350),#4354);
#4350 = LINE('',#4351,#4352);
#4351 = CARTESIAN_POINT('',(0.,0.));
#4352 = VECTOR('',#4353,1.);
#4353 = DIRECTION('',(0.,1.));
#4354 = ( GEOMETRIC_REPRESENTATION_CONTEXT(2) 
PARAMETRIC_REPRESENTATION_CONTEXT() REPRESENTATION_CONTEXT('2D SPACE',''
  ) );
#4355 = PCURVE('',#4271,#4356);
#4356 = DEFINITIONAL_REPRESENTATION('',(#4357),#4361);
#4357 = LINE('',#4358,#4359);
#4358 = CARTESIAN_POINT('',(0.,0.));
#4359 = VECTOR('',#4360,1.);
#4360 = DIRECTION('',(1.,0.));
#4361 = ( GEOMETRIC_REPRESENTATION_CONTEXT(2) 
PARAMETRIC_REPRESENTATION_CONTEXT() REPRESENTATION_CONTEXT('2D SPACE',''
  ) );
#4362 = ORIENTED_EDGE('',*,*,#4220,.T.);
#4363 = ORIENTED_EDGE('',*,*,#4364,.T.);
#4364 = EDGE_CURVE('',#4223,#4365,#4367,.T.);
#4365 = VERTEX_POINT('',#4366);
#4366 = CARTESIAN_POINT('',(24.,-6.,116.));
#4367 = SURFACE_CURVE('',#4368,(#4372,#4379),.PCURVE_S1.);
#4368 = LINE('',#4369,#4370);
#4369 = CARTESIAN_POINT('',(-24.,-6.,116.));
#4370 = VECTOR('',#4371,1.);
#4371 = DIRECTION('',(1.,0.,0.));
#4372 = PCURVE('',#4243,#4373);
#4373 = DEFINITIONAL_REPRESENTATION('',(#4374),#4378);
#4374 = LINE('',#4375,#4376);
#4375 = CARTESIAN_POINT('',(16.,0.));
#4376 = VECTOR('',#4377,1.);
#4377 = DIRECTION('',(0.,1.));
#4378 = ( GEOMETRIC_REPRESENTATION_CONTEXT(2) 
PARAMETRIC_REPRESENTATION_CONTEXT() REPRESENTATION_CONTEXT('2D SPACE',''
  ) );
#4379 = PCURVE('',#4325,#4380);
#4380 = DEFINITIONAL_REPRESENTATION('',(#4381),#4385);
#4381 = LINE('',#4382,#4383);
#4382 = CARTESIAN_POINT('',(0.,0.));
#4383 = VECTOR('',#4384,1.);
#4384 = DIRECTION('',(1.,0.));
#4385 = ( GEOMETRIC_REPRESENTATION_CONTEXT(2) 
PARAMETRIC_REPRESENTATION_CONTEXT() REPRESENTATION_CONTEXT('2D SPACE',''
  ) );
#4386 = ORIENTED_EDGE('',*,*,#4387,.F.);
#4387 = EDGE_CURVE('',#4388,#4365,#4390,.T.);
#4388 = VERTEX_POINT('',#4389);
#4389 = CARTESIAN_POINT('',(24.,-6.,100.));
#4390 = SURFACE_CURVE('',#4391,(#4395,#4402),.PCURVE_S1.);
#4391 = LINE('',#4392,#4393);
#4392 = CARTESIAN_POINT('',(24.,-6.,100.));
#4393 = VECTOR('',#4394,1.);
#4394 = DIRECTION('',(0.,0.,1.));
#4395 = PCURVE('',#4243,#4396);
#4396 = DEFINITIONAL_REPRESENTATION('',(#4397),#4401);
#4397 = LINE('',#4398,#4399);
#4398 = CARTESIAN_POINT('',(0.,48.));
#4399 = VECTOR('',#4400,1.);
#4400 = DIRECTION('',(1.,0.));
#4401 = ( GEOMETRIC_REPRESENTATION_CONTEXT(2) 
PARAMETRIC_REPRESENTATION_CONTEXT() REPRESENTATION_CONTEXT('2D SPACE',''
  ) );
#4402 = PCURVE('',#4403,#4408);
#4403 = PLANE('',#4404);
#4404 = AXIS2_PLACEMENT_3D('',#4405,#4406,#4407);
#4405 = CARTESIAN_POINT('',(24.,-6.,100.));
#4406 = DIRECTION('',(1.,0.,0.));
#4407 = DIRECTION('',(0.,0.,1.));
#4408 = DEFINITIONAL_REPRESENTATION('',(#4409),#4413);
#4409 = LINE('',#4410,#4411);
#4410 = CARTESIAN_POINT('',(0.,0.));
#4411 = VECTOR('',#4412,1.);
#4412 = DIRECTION('',(1.,0.));
#4413 = ( GEOMETRIC_REPRESENTATION_CONTEXT(2) 
PARAMETRIC_REPRESENTATION_CONTEXT() REPRESENTATION_CONTEXT('2D SPACE',''
  ) );
#4414 = ORIENTED_EDGE('',*,*,#4415,.F.);
#4415 = EDGE_CURVE('',#4416,#4388,#4418,.T.);
#4416 = VERTEX_POINT('',#4417);
#4417 = CARTESIAN_POINT('',(8.,-6.,100.));
#4418 = SURFACE_CURVE('',#4419,(#4423,#4430),.PCURVE_S1.);
#4419 = LINE('',#4420,#4421);
#4420 = CARTESIAN_POINT('',(-24.,-6.,100.));
#4421 = VECTOR('',#4422,1.);
#4422 = DIRECTION('',(1.,0.,0.));
#4423 = PCURVE('',#4243,#4424);
#4424 = DEFINITIONAL_REPRESENTATION('',(#4425),#4429);
#4425 = LINE('',#4426,#4427);
#4426 = CARTESIAN_POINT('',(0.,0.));
#4427 = VECTOR('',#4428,1.);
#4428 = DIRECTION('',(0.,1.));
#4429 = ( GEOMETRIC_REPRESENTATION_CONTEXT(2) 
PARAMETRIC_REPRESENTATION_CONTEXT() REPRESENTATION_CONTEXT('2D SPACE',''
  ) );
#4430 = PCURVE('',#4431,#4436);
#4431 = PLANE('',#4432);
#4432 = AXIS2_PLACEMENT_3D('',#4433,#4434,#4435);
#4433 = CARTESIAN_POINT('',(-24.,-6.,100.));
#4434 = DIRECTION('',(0.,0.,1.));
#4435 = DIRECTION('',(1.,0.,0.));
#4436 = DEFINITIONAL_REPRESENTATION('',(#4437),#4441);
#4437 = LINE('',#4438,#4439);
#4438 = CARTESIAN_POINT('',(0.,0.));
#4439 = VECTOR('',#4440,1.);
#4440 = DIRECTION('',(1.,0.));
#4441 = ( GEOMETRIC_REPRESENTATION_CONTEXT(2) 
PARAMETRIC_REPRESENTATION_CONTEXT() REPRESENTATION_CONTEXT('2D SPACE',''
  ) );
#4442 = ORIENTED_EDGE('',*,*,#4443,.F.);
#4443 = EDGE_CURVE('',#4341,#4416,#4444,.T.);
#4444 = SURFACE_CURVE('',#4445,(#4450,#4457),.PCURVE_S1.);
#4445 = CIRCLE('',#4446,8.);
#4446 = AXIS2_PLACEMENT_3D('',#4447,#4448,#4449);
#4447 = CARTESIAN_POINT('',(0.,-6.,100.));
#4448 = DIRECTION('',(0.,1.,0.));
#4449 = DIRECTION('',(-1.,0.,0.));
#4450 = PCURVE('',#4243,#4451);
#4451 = DEFINITIONAL_REPRESENTATION('',(#4452),#4456);
#4452 = CIRCLE('',#4453,8.);
#4453 = AXIS2_PLACEMENT_2D('',#4454,#4455);
#4454 = CARTESIAN_POINT('',(0.,24.));
#4455 = DIRECTION('',(0.,-1.));
#4456 = ( GEOMETRIC_REPRESENTATION_CONTEXT(2) 
PARAMETRIC_REPRESENTATION_CONTEXT() REPRESENTATION_CONTEXT('2D SPACE',''
  ) );
#4457 = PCURVE('',#4458,#4463);
#4458 = CYLINDRICAL_SURFACE('',#4459,8.);
#4459 = AXIS2_PLACEMENT_3D('',#4460,#4461,#4462);
#4460 = CARTESIAN_POINT('',(0.,-7.,100.));
#4461 = DIRECTION('',(0.,1.,0.));
#4462 = DIRECTION('',(0.,-0.,1.));
#4463 = DEFINITIONAL_REPRESENTATION('',(#4464),#4468);
#4464 = LINE('',#4465,#4466);
#4465 = CARTESIAN_POINT('',(4.712388980385,1.));
#4466 = VECTOR('',#4467,1.);
#4467 = DIRECTION('',(1.,0.));
#4468 = ( GEOMETRIC_REPRESENTATION_CONTEXT(2) 
PARAMETRIC_REPRESENTATION_CONTEXT() REPRESENTATION_CONTEXT('2D SPACE',''
  ) );
#4469 = ADVANCED_FACE('',(#4470,#4518,#4549),#4325,.T.);
#4470 = FACE_BOUND('',#4471,.T.);
#4471 = EDGE_LOOP('',(#4472,#4473,#4474,#4497));
#4472 = ORIENTED_EDGE('',*,*,#4311,.F.);
#4473 = ORIENTED_EDGE('',*,*,#4364,.T.);
#4474 = ORIENTED_EDGE('',*,*,#4475,.T.);
#4475 = EDGE_CURVE('',#4365,#4476,#4478,.T.);
#4476 = VERTEX_POINT('',#4477);
#4477 = CARTESIAN_POINT('',(24.,6.,116.));
#4478 = SURFACE_CURVE('',#4479,(#4483,#4490),.PCURVE_S1.);
#4479 = LINE('',#4480,#4481);
#4480 = CARTESIAN_POINT('',(24.,-6.,116.));
#4481 = VECTOR('',#4482,1.);
#4482 = DIRECTION('',(0.,1.,0.));
#4483 = PCURVE('',#4325,#4484);
#4484 = DEFINITIONAL_REPRESENTATION('',(#4485),#4489);
#4485 = LINE('',#4486,#4487);
#4486 = CARTESIAN_POINT('',(48.,0.));
#4487 = VECTOR('',#4488,1.);
#4488 = DIRECTION('',(0.,1.));
#4489 = ( GEOMETRIC_REPRESENTATION_CONTEXT(2) 
PARAMETRIC_REPRESENTATION_CONTEXT() REPRESENTATION_CONTEXT('2D SPACE',''
  ) );
#4490 = PCURVE('',#4403,#4491);
#4491 = DEFINITIONAL_REPRESENTATION('',(#4492),#4496);
#4492 = LINE('',#4493,#4494);
#4493 = CARTESIAN_POINT('',(16.,0.));
#4494 = VECTOR('',#4495,1.);
#4495 = DIRECTION('',(0.,-1.));
#4496 = ( GEOMETRIC_REPRESENTATION_CONTEXT(2) 
PARAMETRIC_REPRESENTATION_CONTEXT() REPRESENTATION_CONTEXT('2D SPACE',''
  ) );
#4497 = ORIENTED_EDGE('',*,*,#4498,.F.);
#4498 = EDGE_CURVE('',#4284,#4476,#4499,.T.);
#4499 = SURFACE_CURVE('',#4500,(#4504,#4511),.PCURVE_S1.);
#4500 = LINE('',#4501,#4502);
#4501 = CARTESIAN_POINT('',(-24.,6.,116.));
#4502 = VECTOR('',#4503,1.);
#4503 = DIRECTION('',(1.,0.,0.));
#4504 = PCURVE('',#4325,#4505);
#4505 = DEFINITIONAL_REPRESENTATION('',(#4506),#4510);
#4506 = LINE('',#4507,#4508);
#4507 = CARTESIAN_POINT('',(0.,12.));
#4508 = VECTOR('',#4509,1.);
#4509 = DIRECTION('',(1.,0.));
#4510 = ( GEOMETRIC_REPRESENTATION_CONTEXT(2) 
PARAMETRIC_REPRESENTATION_CONTEXT() REPRESENTATION_CONTEXT('2D SPACE',''
  ) );
#4511 = PCURVE('',#4299,#4512);
#4512 = DEFINITIONAL_REPRESENTATION('',(#4513),#4517);
#4513 = LINE('',#4514,#4515);
#4514 = CARTESIAN_POINT('',(16.,0.));
#4515 = VECTOR('',#4516,1.);
#4516 = DIRECTION('',(0.,1.));
#4517 = ( GEOMETRIC_REPRESENTATION_CONTEXT(2) 
PARAMETRIC_REPRESENTATION_CONTEXT() REPRESENTATION_CONTEXT('2D SPACE',''
  ) );
#4518 = FACE_BOUND('',#4519,.T.);
#4519 = EDGE_LOOP('',(#4520));
#4520 = ORIENTED_EDGE('',*,*,#4521,.F.);
#4521 = EDGE_CURVE('',#4522,#4522,#4524,.T.);
#4522 = VERTEX_POINT('',#4523);
#4523 = CARTESIAN_POINT('',(-16.3,-4.163799117101E-16,116.));
#4524 = SURFACE_CURVE('',#4525,(#4530,#4537),.PCURVE_S1.);
#4525 = CIRCLE('',#4526,1.7);
#4526 = AXIS2_PLACEMENT_3D('',#4527,#4528,#4529);
#4527 = CARTESIAN_POINT('',(-18.,0.,116.));
#4528 = DIRECTION('',(0.,0.,1.));
#4529 = DIRECTION('',(1.,0.,-0.));
#4530 = PCURVE('',#4325,#4531);
#4531 = DEFINITIONAL_REPRESENTATION('',(#4532),#4536);
#4532 = CIRCLE('',#4533,1.7);
#4533 = AXIS2_PLACEMENT_2D('',#4534,#4535);
#4534 = CARTESIAN_POINT('',(6.,6.));
#4535 = DIRECTION('',(1.,0.));
#4536 = ( GEOMETRIC_REPRESENTATION_CONTEXT(2) 
PARAMETRIC_REPRESENTATION_CONTEXT() REPRESENTATION_CONTEXT('2D SPACE',''
  ) );
#4537 = PCURVE('',#4538,#4543);
#4538 = CYLINDRICAL_SURFACE('',#4539,1.7);
#4539 = AXIS2_PLACEMENT_3D('',#4540,#4541,#4542);
#4540 = CARTESIAN_POINT('',(-18.,0.,99.));
#4541 = DIRECTION('',(0.,0.,1.));
#4542 = DIRECTION('',(1.,0.,-0.));
#4543 = DEFINITIONAL_REPRESENTATION('',(#4544),#4548);
#4544 = LINE('',#4545,#4546);
#4545 = CARTESIAN_POINT('',(0.,17.));
#4546 = VECTOR('',#4547,1.);
#4547 = DIRECTION('',(1.,0.));
#4548 = ( GEOMETRIC_REPRESENTATION_CONTEXT(2) 
PARAMETRIC_REPRESENTATION_CONTEXT() REPRESENTATION_CONTEXT('2D SPACE',''
  ) );
#4549 = FACE_BOUND('',#4550,.T.);
#4550 = EDGE_LOOP('',(#4551));
#4551 = ORIENTED_EDGE('',*,*,#4552,.F.);
#4552 = EDGE_CURVE('',#4553,#4553,#4555,.T.);
#4553 = VERTEX_POINT('',#4554);
#4554 = CARTESIAN_POINT('',(19.7,-4.163799117101E-16,116.));
#4555 = SURFACE_CURVE('',#4556,(#4561,#4568),.PCURVE_S1.);
#4556 = CIRCLE('',#4557,1.7);
#4557 = AXIS2_PLACEMENT_3D('',#4558,#4559,#4560);
#4558 = CARTESIAN_POINT('',(18.,0.,116.));
#4559 = DIRECTION('',(0.,0.,1.));
#4560 = DIRECTION('',(1.,0.,-0.));
#4561 = PCURVE('',#4325,#4562);
#4562 = DEFINITIONAL_REPRESENTATION('',(#4563),#4567);
#4563 = CIRCLE('',#4564,1.7);
#4564 = AXIS2_PLACEMENT_2D('',#4565,#4566);
#4565 = CARTESIAN_POINT('',(42.,6.));
#4566 = DIRECTION('',(1.,0.));
#4567 = ( GEOMETRIC_REPRESENTATION_CONTEXT(2) 
PARAMETRIC_REPRESENTATION_CONTEXT() REPRESENTATION_CONTEXT('2D SPACE',''
  ) );
#4568 = PCURVE('',#4569,#4574);
#4569 = CYLINDRICAL_SURFACE('',#4570,1.7);
#4570 = AXIS2_PLACEMENT_3D('',#4571,#4572,#4573);
#4571 = CARTESIAN_POINT('',(18.,0.,99.));
#4572 = DIRECTION('',(0.,0.,1.));
#4573 = DIRECTION('',(1.,0.,-0.));
#4574 = DEFINITIONAL_REPRESENTATION('',(#4575),#4579);
#4575 = LINE('',#4576,#4577);
#4576 = CARTESIAN_POINT('',(0.,17.));
#4577 = VECTOR('',#4578,1.);
#4578 = DIRECTION('',(1.,0.));
#4579 = ( GEOMETRIC_REPRESENTATION_CONTEXT(2) 
PARAMETRIC_REPRESENTATION_CONTEXT() REPRESENTATION_CONTEXT('2D SPACE',''
  ) );
#4580 = ADVANCED_FACE('',(#4581),#4299,.T.);
#4581 = FACE_BOUND('',#4582,.T.);
#4582 = EDGE_LOOP('',(#4583,#4606,#4607,#4608,#4631,#4654));
#4583 = ORIENTED_EDGE('',*,*,#4584,.F.);
#4584 = EDGE_CURVE('',#4256,#4585,#4587,.T.);
#4585 = VERTEX_POINT('',#4586);
#4586 = CARTESIAN_POINT('',(-8.,6.,100.));
#4587 = SURFACE_CURVE('',#4588,(#4592,#4599),.PCURVE_S1.);
#4588 = LINE('',#4589,#4590);
#4589 = CARTESIAN_POINT('',(-24.,6.,100.));
#4590 = VECTOR('',#4591,1.);
#4591 = DIRECTION('',(1.,0.,0.));
#4592 = PCURVE('',#4299,#4593);
#4593 = DEFINITIONAL_REPRESENTATION('',(#4594),#4598);
#4594 = LINE('',#4595,#4596);
#4595 = CARTESIAN_POINT('',(0.,0.));
#4596 = VECTOR('',#4597,1.);
#4597 = DIRECTION('',(0.,1.));
#4598 = ( GEOMETRIC_REPRESENTATION_CONTEXT(2) 
PARAMETRIC_REPRESENTATION_CONTEXT() REPRESENTATION_CONTEXT('2D SPACE',''
  ) );
#4599 = PCURVE('',#4271,#4600);
#4600 = DEFINITIONAL_REPRESENTATION('',(#4601),#4605);
#4601 = LINE('',#4602,#4603);
#4602 = CARTESIAN_POINT('',(0.,12.));
#4603 = VECTOR('',#4604,1.);
#4604 = DIRECTION('',(1.,0.));
#4605 = ( GEOMETRIC_REPRESENTATION_CONTEXT(2) 
PARAMETRIC_REPRESENTATION_CONTEXT() REPRESENTATION_CONTEXT('2D SPACE',''
  ) );
#4606 = ORIENTED_EDGE('',*,*,#4283,.T.);
#4607 = ORIENTED_EDGE('',*,*,#4498,.T.);
#4608 = ORIENTED_EDGE('',*,*,#4609,.F.);
#4609 = EDGE_CURVE('',#4610,#4476,#4612,.T.);
#4610 = VERTEX_POINT('',#4611);
#4611 = CARTESIAN_POINT('',(24.,6.,100.));
#4612 = SURFACE_CURVE('',#4613,(#4617,#4624),.PCURVE_S1.);
#4613 = LINE('',#4614,#4615);
#4614 = CARTESIAN_POINT('',(24.,6.,100.));
#4615 = VECTOR('',#4616,1.);
#4616 = DIRECTION('',(0.,0.,1.));
#4617 = PCURVE('',#4299,#4618);
#4618 = DEFINITIONAL_REPRESENTATION('',(#4619),#4623);
#4619 = LINE('',#4620,#4621);
#4620 = CARTESIAN_POINT('',(0.,48.));
#4621 = VECTOR('',#4622,1.);
#4622 = DIRECTION('',(1.,0.));
#4623 = ( GEOMETRIC_REPRESENTATION_CONTEXT(2) 
PARAMETRIC_REPRESENTATION_CONTEXT() REPRESENTATION_CONTEXT('2D SPACE',''
  ) );
#4624 = PCURVE('',#4403,#4625);
#4625 = DEFINITIONAL_REPRESENTATION('',(#4626),#4630);
#4626 = LINE('',#4627,#4628);
#4627 = CARTESIAN_POINT('',(0.,-12.));
#4628 = VECTOR('',#4629,1.);
#4629 = DIRECTION('',(1.,0.));
#4630 = ( GEOMETRIC_REPRESENTATION_CONTEXT(2) 
PARAMETRIC_REPRESENTATION_CONTEXT() REPRESENTATION_CONTEXT('2D SPACE',''
  ) );
#4631 = ORIENTED_EDGE('',*,*,#4632,.F.);
#4632 = EDGE_CURVE('',#4633,#4610,#4635,.T.);
#4633 = VERTEX_POINT('',#4634);
#4634 = CARTESIAN_POINT('',(8.,6.,100.));
#4635 = SURFACE_CURVE('',#4636,(#4640,#4647),.PCURVE_S1.);
#4636 = LINE('',#4637,#4638);
#4637 = CARTESIAN_POINT('',(-24.,6.,100.));
#4638 = VECTOR('',#4639,1.);
#4639 = DIRECTION('',(1.,0.,0.));
#4640 = PCURVE('',#4299,#4641);
#4641 = DEFINITIONAL_REPRESENTATION('',(#4642),#4646);
#4642 = LINE('',#4643,#4644);
#4643 = CARTESIAN_POINT('',(0.,0.));
#4644 = VECTOR('',#4645,1.);
#4645 = DIRECTION('',(0.,1.));
#4646 = ( GEOMETRIC_REPRESENTATION_CONTEXT(2) 
PARAMETRIC_REPRESENTATION_CONTEXT() REPRESENTATION_CONTEXT('2D SPACE',''
  ) );
#4647 = PCURVE('',#4431,#4648);
#4648 = DEFINITIONAL_REPRESENTATION('',(#4649),#4653);
#4649 = LINE('',#4650,#4651);
#4650 = CARTESIAN_POINT('',(0.,12.));
#4651 = VECTOR('',#4652,1.);
#4652 = DIRECTION('',(1.,0.));
#4653 = ( GEOMETRIC_REPRESENTATION_CONTEXT(2) 
PARAMETRIC_REPRESENTATION_CONTEXT() REPRESENTATION_CONTEXT('2D SPACE',''
  ) );
#4654 = ORIENTED_EDGE('',*,*,#4655,.T.);
#4655 = EDGE_CURVE('',#4633,#4585,#4656,.T.);
#4656 = SURFACE_CURVE('',#4657,(#4662,#4673),.PCURVE_S1.);
#4657 = CIRCLE('',#4658,8.);
#4658 = AXIS2_PLACEMENT_3D('',#4659,#4660,#4661);
#4659 = CARTESIAN_POINT('',(0.,6.,100.));
#4660 = DIRECTION('',(0.,-1.,0.));
#4661 = DIRECTION('',(1.,0.,0.));
#4662 = PCURVE('',#4299,#4663);
#4663 = DEFINITIONAL_REPRESENTATION('',(#4664),#4672);
#4664 = ( BOUNDED_CURVE() B_SPLINE_CURVE(2,(#4665,#4666,#4667,#4668,
#4669,#4670,#4671),.UNSPECIFIED.,.T.,.F.) B_SPLINE_CURVE_WITH_KNOTS((1,2
    ,2,2,2,1),(-2.094395102393,0.,2.094395102393,4.188790204786,
6.28318530718,8.377580409573),.UNSPECIFIED.) CURVE() 
GEOMETRIC_REPRESENTATION_ITEM() RATIONAL_B_SPLINE_CURVE((1.,0.5,1.,0.5,
1.,0.5,1.)) REPRESENTATION_ITEM('') );
#4665 = CARTESIAN_POINT('',(0.,32.));
#4666 = CARTESIAN_POINT('',(13.856406460551,32.));
#4667 = CARTESIAN_POINT('',(6.928203230276,20.));
#4668 = CARTESIAN_POINT('',(1.959434878636E-15,8.));
#4669 = CARTESIAN_POINT('',(-6.928203230276,20.));
#4670 = CARTESIAN_POINT('',(-13.85640646055,32.));
#4671 = CARTESIAN_POINT('',(0.,32.));
#4672 = ( GEOMETRIC_REPRESENTATION_CONTEXT(2) 
PARAMETRIC_REPRESENTATION_CONTEXT() REPRESENTATION_CONTEXT('2D SPACE',''
  ) );
#4673 = PCURVE('',#4674,#4679);
#4674 = CYLINDRICAL_SURFACE('',#4675,8.);
#4675 = AXIS2_PLACEMENT_3D('',#4676,#4677,#4678);
#4676 = CARTESIAN_POINT('',(0.,-7.,100.));
#4677 = DIRECTION('',(0.,1.,0.));
#4678 = DIRECTION('',(0.,-0.,1.));
#4679 = DEFINITIONAL_REPRESENTATION('',(#4680),#4684);
#4680 = LINE('',#4681,#4682);
#4681 = CARTESIAN_POINT('',(7.853981633974,13.));
#4682 = VECTOR('',#4683,1.);
#4683 = DIRECTION('',(-1.,-0.));
#4684 = ( GEOMETRIC_REPRESENTATION_CONTEXT(2) 
PARAMETRIC_REPRESENTATION_CONTEXT() REPRESENTATION_CONTEXT('2D SPACE',''
  ) );
#4685 = ADVANCED_FACE('',(#4686,#4819),#4271,.F.);
#4686 = FACE_BOUND('',#4687,.F.);
#4687 = EDGE_LOOP('',(#4688,#4689,#4690,#4691,#4714,#4742,#4770,#4798));
#4688 = ORIENTED_EDGE('',*,*,#4584,.F.);
#4689 = ORIENTED_EDGE('',*,*,#4255,.F.);
#4690 = ORIENTED_EDGE('',*,*,#4340,.T.);
#4691 = ORIENTED_EDGE('',*,*,#4692,.T.);
#4692 = EDGE_CURVE('',#4341,#4693,#4695,.T.);
#4693 = VERTEX_POINT('',#4694);
#4694 = CARTESIAN_POINT('',(-8.,-3.6,100.));
#4695 = SURFACE_CURVE('',#4696,(#4700,#4707),.PCURVE_S1.);
#4696 = LINE('',#4697,#4698);
#4697 = CARTESIAN_POINT('',(-8.,-7.,100.));
#4698 = VECTOR('',#4699,1.);
#4699 = DIRECTION('',(0.,1.,0.));
#4700 = PCURVE('',#4271,#4701);
#4701 = DEFINITIONAL_REPRESENTATION('',(#4702),#4706);
#4702 = LINE('',#4703,#4704);
#4703 = CARTESIAN_POINT('',(16.,-1.));
#4704 = VECTOR('',#4705,1.);
#4705 = DIRECTION('',(0.,1.));
#4706 = ( GEOMETRIC_REPRESENTATION_CONTEXT(2) 
PARAMETRIC_REPRESENTATION_CONTEXT() REPRESENTATION_CONTEXT('2D SPACE',''
  ) );
#4707 = PCURVE('',#4458,#4708);
#4708 = DEFINITIONAL_REPRESENTATION('',(#4709),#4713);
#4709 = LINE('',#4710,#4711);
#4710 = CARTESIAN_POINT('',(4.712388980385,0.));
#4711 = VECTOR('',#4712,1.);
#4712 = DIRECTION('',(0.,1.));
#4713 = ( GEOMETRIC_REPRESENTATION_CONTEXT(2) 
PARAMETRIC_REPRESENTATION_CONTEXT() REPRESENTATION_CONTEXT('2D SPACE',''
  ) );
#4714 = ORIENTED_EDGE('',*,*,#4715,.T.);
#4715 = EDGE_CURVE('',#4693,#4716,#4718,.T.);
#4716 = VERTEX_POINT('',#4717);
#4717 = CARTESIAN_POINT('',(-11.15,-3.6,100.));
#4718 = SURFACE_CURVE('',#4719,(#4723,#4730),.PCURVE_S1.);
#4719 = LINE('',#4720,#4721);
#4720 = CARTESIAN_POINT('',(-12.,-3.6,100.));
#4721 = VECTOR('',#4722,1.);
#4722 = DIRECTION('',(-1.,0.,0.));
#4723 = PCURVE('',#4271,#4724);
#4724 = DEFINITIONAL_REPRESENTATION('',(#4725),#4729);
#4725 = LINE('',#4726,#4727);
#4726 = CARTESIAN_POINT('',(12.,2.4));
#4727 = VECTOR('',#4728,1.);
#4728 = DIRECTION('',(-1.,0.));
#4729 = ( GEOMETRIC_REPRESENTATION_CONTEXT(2) 
PARAMETRIC_REPRESENTATION_CONTEXT() REPRESENTATION_CONTEXT('2D SPACE',''
  ) );
#4730 = PCURVE('',#4731,#4736);
#4731 = PLANE('',#4732);
#4732 = AXIS2_PLACEMENT_3D('',#4733,#4734,#4735);
#4733 = CARTESIAN_POINT('',(0.,-3.6,100.));
#4734 = DIRECTION('',(0.,1.,0.));
#4735 = DIRECTION('',(0.,-0.,1.));
#4736 = DEFINITIONAL_REPRESENTATION('',(#4737),#4741);
#4737 = LINE('',#4738,#4739);
#4738 = CARTESIAN_POINT('',(0.,-12.));
#4739 = VECTOR('',#4740,1.);
#4740 = DIRECTION('',(0.,-1.));
#4741 = ( GEOMETRIC_REPRESENTATION_CONTEXT(2) 
PARAMETRIC_REPRESENTATION_CONTEXT() REPRESENTATION_CONTEXT('2D SPACE',''
  ) );
#4742 = ORIENTED_EDGE('',*,*,#4743,.T.);
#4743 = EDGE_CURVE('',#4716,#4744,#4746,.T.);
#4744 = VERTEX_POINT('',#4745);
#4745 = CARTESIAN_POINT('',(-11.15,3.6,100.));
#4746 = SURFACE_CURVE('',#4747,(#4751,#4758),.PCURVE_S1.);
#4747 = LINE('',#4748,#4749);
#4748 = CARTESIAN_POINT('',(-11.15,-3.6,100.));
#4749 = VECTOR('',#4750,1.);
#4750 = DIRECTION('',(0.,1.,0.));
#4751 = PCURVE('',#4271,#4752);
#4752 = DEFINITIONAL_REPRESENTATION('',(#4753),#4757);
#4753 = LINE('',#4754,#4755);
#4754 = CARTESIAN_POINT('',(12.85,2.4));
#4755 = VECTOR('',#4756,1.);
#4756 = DIRECTION('',(0.,1.));
#4757 = ( GEOMETRIC_REPRESENTATION_CONTEXT(2) 
PARAMETRIC_REPRESENTATION_CONTEXT() REPRESENTATION_CONTEXT('2D SPACE',''
  ) );
#4758 = PCURVE('',#4759,#4764);
#4759 = CYLINDRICAL_SURFACE('',#4760,11.15);
#4760 = AXIS2_PLACEMENT_3D('',#4761,#4762,#4763);
#4761 = CARTESIAN_POINT('',(0.,-3.6,100.));
#4762 = DIRECTION('',(0.,1.,0.));
#4763 = DIRECTION('',(0.,-0.,1.));
#4764 = DEFINITIONAL_REPRESENTATION('',(#4765),#4769);
#4765 = LINE('',#4766,#4767);
#4766 = CARTESIAN_POINT('',(4.712388980385,0.));
#4767 = VECTOR('',#4768,1.);
#4768 = DIRECTION('',(0.,1.));
#4769 = ( GEOMETRIC_REPRESENTATION_CONTEXT(2) 
PARAMETRIC_REPRESENTATION_CONTEXT() REPRESENTATION_CONTEXT('2D SPACE',''
  ) );
#4770 = ORIENTED_EDGE('',*,*,#4771,.F.);
#4771 = EDGE_CURVE('',#4772,#4744,#4774,.T.);
#4772 = VERTEX_POINT('',#4773);
#4773 = CARTESIAN_POINT('',(-8.,3.6,100.));
#4774 = SURFACE_CURVE('',#4775,(#4779,#4786),.PCURVE_S1.);
#4775 = LINE('',#4776,#4777);
#4776 = CARTESIAN_POINT('',(-12.,3.6,100.));
#4777 = VECTOR('',#4778,1.);
#4778 = DIRECTION('',(-1.,0.,0.));
#4779 = PCURVE('',#4271,#4780);
#4780 = DEFINITIONAL_REPRESENTATION('',(#4781),#4785);
#4781 = LINE('',#4782,#4783);
#4782 = CARTESIAN_POINT('',(12.,9.6));
#4783 = VECTOR('',#4784,1.);
#4784 = DIRECTION('',(-1.,0.));
#4785 = ( GEOMETRIC_REPRESENTATION_CONTEXT(2) 
PARAMETRIC_REPRESENTATION_CONTEXT() REPRESENTATION_CONTEXT('2D SPACE',''
  ) );
#4786 = PCURVE('',#4787,#4792);
#4787 = PLANE('',#4788);
#4788 = AXIS2_PLACEMENT_3D('',#4789,#4790,#4791);
#4789 = CARTESIAN_POINT('',(0.,3.6,100.));
#4790 = DIRECTION('',(0.,1.,0.));
#4791 = DIRECTION('',(0.,-0.,1.));
#4792 = DEFINITIONAL_REPRESENTATION('',(#4793),#4797);
#4793 = LINE('',#4794,#4795);
#4794 = CARTESIAN_POINT('',(0.,-12.));
#4795 = VECTOR('',#4796,1.);
#4796 = DIRECTION('',(0.,-1.));
#4797 = ( GEOMETRIC_REPRESENTATION_CONTEXT(2) 
PARAMETRIC_REPRESENTATION_CONTEXT() REPRESENTATION_CONTEXT('2D SPACE',''
  ) );
#4798 = ORIENTED_EDGE('',*,*,#4799,.T.);
#4799 = EDGE_CURVE('',#4772,#4585,#4800,.T.);
#4800 = SURFACE_CURVE('',#4801,(#4805,#4812),.PCURVE_S1.);
#4801 = LINE('',#4802,#4803);
#4802 = CARTESIAN_POINT('',(-8.,-7.,100.));
#4803 = VECTOR('',#4804,1.);
#4804 = DIRECTION('',(0.,1.,0.));
#4805 = PCURVE('',#4271,#4806);
#4806 = DEFINITIONAL_REPRESENTATION('',(#4807),#4811);
#4807 = LINE('',#4808,#4809);
#4808 = CARTESIAN_POINT('',(16.,-1.));
#4809 = VECTOR('',#4810,1.);
#4810 = DIRECTION('',(0.,1.));
#4811 = ( GEOMETRIC_REPRESENTATION_CONTEXT(2) 
PARAMETRIC_REPRESENTATION_CONTEXT() REPRESENTATION_CONTEXT('2D SPACE',''
  ) );
#4812 = PCURVE('',#4674,#4813);
#4813 = DEFINITIONAL_REPRESENTATION('',(#4814),#4818);
#4814 = LINE('',#4815,#4816);
#4815 = CARTESIAN_POINT('',(4.712388980385,0.));
#4816 = VECTOR('',#4817,1.);
#4817 = DIRECTION('',(0.,1.));
#4818 = ( GEOMETRIC_REPRESENTATION_CONTEXT(2) 
PARAMETRIC_REPRESENTATION_CONTEXT() REPRESENTATION_CONTEXT('2D SPACE',''
  ) );
#4819 = FACE_BOUND('',#4820,.F.);
#4820 = EDGE_LOOP('',(#4821));
#4821 = ORIENTED_EDGE('',*,*,#4822,.F.);
#4822 = EDGE_CURVE('',#4823,#4823,#4825,.T.);
#4823 = VERTEX_POINT('',#4824);
#4824 = CARTESIAN_POINT('',(-16.3,-4.163799117101E-16,100.));
#4825 = SURFACE_CURVE('',#4826,(#4831,#4838),.PCURVE_S1.);
#4826 = CIRCLE('',#4827,1.7);
#4827 = AXIS2_PLACEMENT_3D('',#4828,#4829,#4830);
#4828 = CARTESIAN_POINT('',(-18.,0.,100.));
#4829 = DIRECTION('',(0.,0.,1.));
#4830 = DIRECTION('',(1.,0.,-0.));
#4831 = PCURVE('',#4271,#4832);
#4832 = DEFINITIONAL_REPRESENTATION('',(#4833),#4837);
#4833 = CIRCLE('',#4834,1.7);
#4834 = AXIS2_PLACEMENT_2D('',#4835,#4836);
#4835 = CARTESIAN_POINT('',(6.,6.));
#4836 = DIRECTION('',(1.,0.));
#4837 = ( GEOMETRIC_REPRESENTATION_CONTEXT(2) 
PARAMETRIC_REPRESENTATION_CONTEXT() REPRESENTATION_CONTEXT('2D SPACE',''
  ) );
#4838 = PCURVE('',#4538,#4839);
#4839 = DEFINITIONAL_REPRESENTATION('',(#4840),#4844);
#4840 = LINE('',#4841,#4842);
#4841 = CARTESIAN_POINT('',(0.,1.));
#4842 = VECTOR('',#4843,1.);
#4843 = DIRECTION('',(1.,0.));
#4844 = ( GEOMETRIC_REPRESENTATION_CONTEXT(2) 
PARAMETRIC_REPRESENTATION_CONTEXT() REPRESENTATION_CONTEXT('2D SPACE',''
  ) );
#4845 = ADVANCED_FACE('',(#4846),#4403,.T.);
#4846 = FACE_BOUND('',#4847,.T.);
#4847 = EDGE_LOOP('',(#4848,#4849,#4870,#4871));
#4848 = ORIENTED_EDGE('',*,*,#4387,.F.);
#4849 = ORIENTED_EDGE('',*,*,#4850,.T.);
#4850 = EDGE_CURVE('',#4388,#4610,#4851,.T.);
#4851 = SURFACE_CURVE('',#4852,(#4856,#4863),.PCURVE_S1.);
#4852 = LINE('',#4853,#4854);
#4853 = CARTESIAN_POINT('',(24.,-6.,100.));
#4854 = VECTOR('',#4855,1.);
#4855 = DIRECTION('',(0.,1.,0.));
#4856 = PCURVE('',#4403,#4857);
#4857 = DEFINITIONAL_REPRESENTATION('',(#4858),#4862);
#4858 = LINE('',#4859,#4860);
#4859 = CARTESIAN_POINT('',(0.,0.));
#4860 = VECTOR('',#4861,1.);
#4861 = DIRECTION('',(0.,-1.));
#4862 = ( GEOMETRIC_REPRESENTATION_CONTEXT(2) 
PARAMETRIC_REPRESENTATION_CONTEXT() REPRESENTATION_CONTEXT('2D SPACE',''
  ) );
#4863 = PCURVE('',#4431,#4864);
#4864 = DEFINITIONAL_REPRESENTATION('',(#4865),#4869);
#4865 = LINE('',#4866,#4867);
#4866 = CARTESIAN_POINT('',(48.,0.));
#4867 = VECTOR('',#4868,1.);
#4868 = DIRECTION('',(0.,1.));
#4869 = ( GEOMETRIC_REPRESENTATION_CONTEXT(2) 
PARAMETRIC_REPRESENTATION_CONTEXT() REPRESENTATION_CONTEXT('2D SPACE',''
  ) );
#4870 = ORIENTED_EDGE('',*,*,#4609,.T.);
#4871 = ORIENTED_EDGE('',*,*,#4475,.F.);
#4872 = ADVANCED_FACE('',(#4873,#4991),#4431,.F.);
#4873 = FACE_BOUND('',#4874,.F.);
#4874 = EDGE_LOOP('',(#4875,#4876,#4899,#4922,#4945,#4968,#4989,#4990));
#4875 = ORIENTED_EDGE('',*,*,#4632,.F.);
#4876 = ORIENTED_EDGE('',*,*,#4877,.F.);
#4877 = EDGE_CURVE('',#4878,#4633,#4880,.T.);
#4878 = VERTEX_POINT('',#4879);
#4879 = CARTESIAN_POINT('',(8.,3.6,100.));
#4880 = SURFACE_CURVE('',#4881,(#4885,#4892),.PCURVE_S1.);
#4881 = LINE('',#4882,#4883);
#4882 = CARTESIAN_POINT('',(8.,-7.,100.));
#4883 = VECTOR('',#4884,1.);
#4884 = DIRECTION('',(0.,1.,0.));
#4885 = PCURVE('',#4431,#4886);
#4886 = DEFINITIONAL_REPRESENTATION('',(#4887),#4891);
#4887 = LINE('',#4888,#4889);
#4888 = CARTESIAN_POINT('',(32.,-1.));
#4889 = VECTOR('',#4890,1.);
#4890 = DIRECTION('',(0.,1.));
#4891 = ( GEOMETRIC_REPRESENTATION_CONTEXT(2) 
PARAMETRIC_REPRESENTATION_CONTEXT() REPRESENTATION_CONTEXT('2D SPACE',''
  ) );
#4892 = PCURVE('',#4674,#4893);
#4893 = DEFINITIONAL_REPRESENTATION('',(#4894),#4898);
#4894 = LINE('',#4895,#4896);
#4895 = CARTESIAN_POINT('',(7.853981633974,0.));
#4896 = VECTOR('',#4897,1.);
#4897 = DIRECTION('',(0.,1.));
#4898 = ( GEOMETRIC_REPRESENTATION_CONTEXT(2) 
PARAMETRIC_REPRESENTATION_CONTEXT() REPRESENTATION_CONTEXT('2D SPACE',''
  ) );
#4899 = ORIENTED_EDGE('',*,*,#4900,.F.);
#4900 = EDGE_CURVE('',#4901,#4878,#4903,.T.);
#4901 = VERTEX_POINT('',#4902);
#4902 = CARTESIAN_POINT('',(11.15,3.6,100.));
#4903 = SURFACE_CURVE('',#4904,(#4908,#4915),.PCURVE_S1.);
#4904 = LINE('',#4905,#4906);
#4905 = CARTESIAN_POINT('',(-12.,3.6,100.));
#4906 = VECTOR('',#4907,1.);
#4907 = DIRECTION('',(-1.,0.,0.));
#4908 = PCURVE('',#4431,#4909);
#4909 = DEFINITIONAL_REPRESENTATION('',(#4910),#4914);
#4910 = LINE('',#4911,#4912);
#4911 = CARTESIAN_POINT('',(12.,9.6));
#4912 = VECTOR('',#4913,1.);
#4913 = DIRECTION('',(-1.,0.));
#4914 = ( GEOMETRIC_REPRESENTATION_CONTEXT(2) 
PARAMETRIC_REPRESENTATION_CONTEXT() REPRESENTATION_CONTEXT('2D SPACE',''
  ) );
#4915 = PCURVE('',#4787,#4916);
#4916 = DEFINITIONAL_REPRESENTATION('',(#4917),#4921);
#4917 = LINE('',#4918,#4919);
#4918 = CARTESIAN_POINT('',(0.,-12.));
#4919 = VECTOR('',#4920,1.);
#4920 = DIRECTION('',(0.,-1.));
#4921 = ( GEOMETRIC_REPRESENTATION_CONTEXT(2) 
PARAMETRIC_REPRESENTATION_CONTEXT() REPRESENTATION_CONTEXT('2D SPACE',''
  ) );
#4922 = ORIENTED_EDGE('',*,*,#4923,.F.);
#4923 = EDGE_CURVE('',#4924,#4901,#4926,.T.);
#4924 = VERTEX_POINT('',#4925);
#4925 = CARTESIAN_POINT('',(11.15,-3.6,100.));
#4926 = SURFACE_CURVE('',#4927,(#4931,#4938),.PCURVE_S1.);
#4927 = LINE('',#4928,#4929);
#4928 = CARTESIAN_POINT('',(11.15,-3.6,100.));
#4929 = VECTOR('',#4930,1.);
#4930 = DIRECTION('',(0.,1.,0.));
#4931 = PCURVE('',#4431,#4932);
#4932 = DEFINITIONAL_REPRESENTATION('',(#4933),#4937);
#4933 = LINE('',#4934,#4935);
#4934 = CARTESIAN_POINT('',(35.15,2.4));
#4935 = VECTOR('',#4936,1.);
#4936 = DIRECTION('',(0.,1.));
#4937 = ( GEOMETRIC_REPRESENTATION_CONTEXT(2) 
PARAMETRIC_REPRESENTATION_CONTEXT() REPRESENTATION_CONTEXT('2D SPACE',''
  ) );
#4938 = PCURVE('',#4759,#4939);
#4939 = DEFINITIONAL_REPRESENTATION('',(#4940),#4944);
#4940 = LINE('',#4941,#4942);
#4941 = CARTESIAN_POINT('',(7.853981633974,0.));
#4942 = VECTOR('',#4943,1.);
#4943 = DIRECTION('',(0.,1.));
#4944 = ( GEOMETRIC_REPRESENTATION_CONTEXT(2) 
PARAMETRIC_REPRESENTATION_CONTEXT() REPRESENTATION_CONTEXT('2D SPACE',''
  ) );
#4945 = ORIENTED_EDGE('',*,*,#4946,.T.);
#4946 = EDGE_CURVE('',#4924,#4947,#4949,.T.);
#4947 = VERTEX_POINT('',#4948);
#4948 = CARTESIAN_POINT('',(8.,-3.6,100.));
#4949 = SURFACE_CURVE('',#4950,(#4954,#4961),.PCURVE_S1.);
#4950 = LINE('',#4951,#4952);
#4951 = CARTESIAN_POINT('',(-12.,-3.6,100.));
#4952 = VECTOR('',#4953,1.);
#4953 = DIRECTION('',(-1.,0.,0.));
#4954 = PCURVE('',#4431,#4955);
#4955 = DEFINITIONAL_REPRESENTATION('',(#4956),#4960);
#4956 = LINE('',#4957,#4958);
#4957 = CARTESIAN_POINT('',(12.,2.4));
#4958 = VECTOR('',#4959,1.);
#4959 = DIRECTION('',(-1.,0.));
#4960 = ( GEOMETRIC_REPRESENTATION_CONTEXT(2) 
PARAMETRIC_REPRESENTATION_CONTEXT() REPRESENTATION_CONTEXT('2D SPACE',''
  ) );
#4961 = PCURVE('',#4731,#4962);
#4962 = DEFINITIONAL_REPRESENTATION('',(#4963),#4967);
#4963 = LINE('',#4964,#4965);
#4964 = CARTESIAN_POINT('',(0.,-12.));
#4965 = VECTOR('',#4966,1.);
#4966 = DIRECTION('',(0.,-1.));
#4967 = ( GEOMETRIC_REPRESENTATION_CONTEXT(2) 
PARAMETRIC_REPRESENTATION_CONTEXT() REPRESENTATION_CONTEXT('2D SPACE',''
  ) );
#4968 = ORIENTED_EDGE('',*,*,#4969,.F.);
#4969 = EDGE_CURVE('',#4416,#4947,#4970,.T.);
#4970 = SURFACE_CURVE('',#4971,(#4975,#4982),.PCURVE_S1.);
#4971 = LINE('',#4972,#4973);
#4972 = CARTESIAN_POINT('',(8.,-7.,100.));
#4973 = VECTOR('',#4974,1.);
#4974 = DIRECTION('',(0.,1.,0.));
#4975 = PCURVE('',#4431,#4976);
#4976 = DEFINITIONAL_REPRESENTATION('',(#4977),#4981);
#4977 = LINE('',#4978,#4979);
#4978 = CARTESIAN_POINT('',(32.,-1.));
#4979 = VECTOR('',#4980,1.);
#4980 = DIRECTION('',(0.,1.));
#4981 = ( GEOMETRIC_REPRESENTATION_CONTEXT(2) 
PARAMETRIC_REPRESENTATION_CONTEXT() REPRESENTATION_CONTEXT('2D SPACE',''
  ) );
#4982 = PCURVE('',#4458,#4983);
#4983 = DEFINITIONAL_REPRESENTATION('',(#4984),#4988);
#4984 = LINE('',#4985,#4986);
#4985 = CARTESIAN_POINT('',(7.853981633974,0.));
#4986 = VECTOR('',#4987,1.);
#4987 = DIRECTION('',(0.,1.));
#4988 = ( GEOMETRIC_REPRESENTATION_CONTEXT(2) 
PARAMETRIC_REPRESENTATION_CONTEXT() REPRESENTATION_CONTEXT('2D SPACE',''
  ) );
#4989 = ORIENTED_EDGE('',*,*,#4415,.T.);
#4990 = ORIENTED_EDGE('',*,*,#4850,.T.);
#4991 = FACE_BOUND('',#4992,.F.);
#4992 = EDGE_LOOP('',(#4993));
#4993 = ORIENTED_EDGE('',*,*,#4994,.F.);
#4994 = EDGE_CURVE('',#4995,#4995,#4997,.T.);
#4995 = VERTEX_POINT('',#4996);
#4996 = CARTESIAN_POINT('',(19.7,-4.163799117101E-16,100.));
#4997 = SURFACE_CURVE('',#4998,(#5003,#5010),.PCURVE_S1.);
#4998 = CIRCLE('',#4999,1.7);
#4999 = AXIS2_PLACEMENT_3D('',#5000,#5001,#5002);
#5000 = CARTESIAN_POINT('',(18.,0.,100.));
#5001 = DIRECTION('',(0.,0.,1.));
#5002 = DIRECTION('',(1.,0.,-0.));
#5003 = PCURVE('',#4431,#5004);
#5004 = DEFINITIONAL_REPRESENTATION('',(#5005),#5009);
#5005 = CIRCLE('',#5006,1.7);
#5006 = AXIS2_PLACEMENT_2D('',#5007,#5008);
#5007 = CARTESIAN_POINT('',(42.,6.));
#5008 = DIRECTION('',(1.,0.));
#5009 = ( GEOMETRIC_REPRESENTATION_CONTEXT(2) 
PARAMETRIC_REPRESENTATION_CONTEXT() REPRESENTATION_CONTEXT('2D SPACE',''
  ) );
#5010 = PCURVE('',#4569,#5011);
#5011 = DEFINITIONAL_REPRESENTATION('',(#5012),#5016);
#5012 = LINE('',#5013,#5014);
#5013 = CARTESIAN_POINT('',(0.,1.));
#5014 = VECTOR('',#5015,1.);
#5015 = DIRECTION('',(1.,0.));
#5016 = ( GEOMETRIC_REPRESENTATION_CONTEXT(2) 
PARAMETRIC_REPRESENTATION_CONTEXT() REPRESENTATION_CONTEXT('2D SPACE',''
  ) );
#5017 = ADVANCED_FACE('',(#5018),#4458,.F.);
#5018 = FACE_BOUND('',#5019,.F.);
#5019 = EDGE_LOOP('',(#5020,#5021,#5022,#5044));
#5020 = ORIENTED_EDGE('',*,*,#4443,.T.);
#5021 = ORIENTED_EDGE('',*,*,#4969,.T.);
#5022 = ORIENTED_EDGE('',*,*,#5023,.F.);
#5023 = EDGE_CURVE('',#4693,#4947,#5024,.T.);
#5024 = SURFACE_CURVE('',#5025,(#5030,#5037),.PCURVE_S1.);
#5025 = CIRCLE('',#5026,8.);
#5026 = AXIS2_PLACEMENT_3D('',#5027,#5028,#5029);
#5027 = CARTESIAN_POINT('',(0.,-3.6,100.));
#5028 = DIRECTION('',(0.,1.,0.));
#5029 = DIRECTION('',(-1.,0.,0.));
#5030 = PCURVE('',#4458,#5031);
#5031 = DEFINITIONAL_REPRESENTATION('',(#5032),#5036);
#5032 = LINE('',#5033,#5034);
#5033 = CARTESIAN_POINT('',(4.712388980385,3.4));
#5034 = VECTOR('',#5035,1.);
#5035 = DIRECTION('',(1.,0.));
#5036 = ( GEOMETRIC_REPRESENTATION_CONTEXT(2) 
PARAMETRIC_REPRESENTATION_CONTEXT() REPRESENTATION_CONTEXT('2D SPACE',''
  ) );
#5037 = PCURVE('',#4731,#5038);
#5038 = DEFINITIONAL_REPRESENTATION('',(#5039),#5043);
#5039 = CIRCLE('',#5040,8.);
#5040 = AXIS2_PLACEMENT_2D('',#5041,#5042);
#5041 = CARTESIAN_POINT('',(0.,0.));
#5042 = DIRECTION('',(0.,-1.));
#5043 = ( GEOMETRIC_REPRESENTATION_CONTEXT(2) 
PARAMETRIC_REPRESENTATION_CONTEXT() REPRESENTATION_CONTEXT('2D SPACE',''
  ) );
#5044 = ORIENTED_EDGE('',*,*,#4692,.F.);
#5045 = ADVANCED_FACE('',(#5046),#4538,.F.);
#5046 = FACE_BOUND('',#5047,.F.);
#5047 = EDGE_LOOP('',(#5048,#5049,#5070,#5071));
#5048 = ORIENTED_EDGE('',*,*,#4521,.F.);
#5049 = ORIENTED_EDGE('',*,*,#5050,.F.);
#5050 = EDGE_CURVE('',#4823,#4522,#5051,.T.);
#5051 = SEAM_CURVE('',#5052,(#5056,#5063),.PCURVE_S1.);
#5052 = LINE('',#5053,#5054);
#5053 = CARTESIAN_POINT('',(-16.3,-4.163799117101E-16,99.));
#5054 = VECTOR('',#5055,1.);
#5055 = DIRECTION('',(0.,0.,1.));
#5056 = PCURVE('',#4538,#5057);
#5057 = DEFINITIONAL_REPRESENTATION('',(#5058),#5062);
#5058 = LINE('',#5059,#5060);
#5059 = CARTESIAN_POINT('',(6.28318530718,-0.));
#5060 = VECTOR('',#5061,1.);
#5061 = DIRECTION('',(0.,1.));
#5062 = ( GEOMETRIC_REPRESENTATION_CONTEXT(2) 
PARAMETRIC_REPRESENTATION_CONTEXT() REPRESENTATION_CONTEXT('2D SPACE',''
  ) );
#5063 = PCURVE('',#4538,#5064);
#5064 = DEFINITIONAL_REPRESENTATION('',(#5065),#5069);
#5065 = LINE('',#5066,#5067);
#5066 = CARTESIAN_POINT('',(0.,-0.));
#5067 = VECTOR('',#5068,1.);
#5068 = DIRECTION('',(0.,1.));
#5069 = ( GEOMETRIC_REPRESENTATION_CONTEXT(2) 
PARAMETRIC_REPRESENTATION_CONTEXT() REPRESENTATION_CONTEXT('2D SPACE',''
  ) );
#5070 = ORIENTED_EDGE('',*,*,#4822,.T.);
#5071 = ORIENTED_EDGE('',*,*,#5050,.T.);
#5072 = ADVANCED_FACE('',(#5073),#4569,.F.);
#5073 = FACE_BOUND('',#5074,.F.);
#5074 = EDGE_LOOP('',(#5075,#5076,#5097,#5098));
#5075 = ORIENTED_EDGE('',*,*,#4552,.F.);
#5076 = ORIENTED_EDGE('',*,*,#5077,.F.);
#5077 = EDGE_CURVE('',#4995,#4553,#5078,.T.);
#5078 = SEAM_CURVE('',#5079,(#5083,#5090),.PCURVE_S1.);
#5079 = LINE('',#5080,#5081);
#5080 = CARTESIAN_POINT('',(19.7,-4.163799117101E-16,99.));
#5081 = VECTOR('',#5082,1.);
#5082 = DIRECTION('',(0.,0.,1.));
#5083 = PCURVE('',#4569,#5084);
#5084 = DEFINITIONAL_REPRESENTATION('',(#5085),#5089);
#5085 = LINE('',#5086,#5087);
#5086 = CARTESIAN_POINT('',(6.28318530718,-0.));
#5087 = VECTOR('',#5088,1.);
#5088 = DIRECTION('',(0.,1.));
#5089 = ( GEOMETRIC_REPRESENTATION_CONTEXT(2) 
PARAMETRIC_REPRESENTATION_CONTEXT() REPRESENTATION_CONTEXT('2D SPACE',''
  ) );
#5090 = PCURVE('',#4569,#5091);
#5091 = DEFINITIONAL_REPRESENTATION('',(#5092),#5096);
#5092 = LINE('',#5093,#5094);
#5093 = CARTESIAN_POINT('',(0.,-0.));
#5094 = VECTOR('',#5095,1.);
#5095 = DIRECTION('',(0.,1.));
#5096 = ( GEOMETRIC_REPRESENTATION_CONTEXT(2) 
PARAMETRIC_REPRESENTATION_CONTEXT() REPRESENTATION_CONTEXT('2D SPACE',''
  ) );
#5097 = ORIENTED_EDGE('',*,*,#4994,.T.);
#5098 = ORIENTED_EDGE('',*,*,#5077,.T.);
#5099 = ADVANCED_FACE('',(#5100),#4674,.F.);
#5100 = FACE_BOUND('',#5101,.F.);
#5101 = EDGE_LOOP('',(#5102,#5128,#5129,#5130));
#5102 = ORIENTED_EDGE('',*,*,#5103,.F.);
#5103 = EDGE_CURVE('',#4878,#4772,#5104,.T.);
#5104 = SURFACE_CURVE('',#5105,(#5110,#5117),.PCURVE_S1.);
#5105 = CIRCLE('',#5106,8.);
#5106 = AXIS2_PLACEMENT_3D('',#5107,#5108,#5109);
#5107 = CARTESIAN_POINT('',(0.,3.6,100.));
#5108 = DIRECTION('',(0.,-1.,0.));
#5109 = DIRECTION('',(1.,0.,0.));
#5110 = PCURVE('',#4674,#5111);
#5111 = DEFINITIONAL_REPRESENTATION('',(#5112),#5116);
#5112 = LINE('',#5113,#5114);
#5113 = CARTESIAN_POINT('',(7.853981633974,10.6));
#5114 = VECTOR('',#5115,1.);
#5115 = DIRECTION('',(-1.,-0.));
#5116 = ( GEOMETRIC_REPRESENTATION_CONTEXT(2) 
PARAMETRIC_REPRESENTATION_CONTEXT() REPRESENTATION_CONTEXT('2D SPACE',''
  ) );
#5117 = PCURVE('',#4787,#5118);
#5118 = DEFINITIONAL_REPRESENTATION('',(#5119),#5127);
#5119 = ( BOUNDED_CURVE() B_SPLINE_CURVE(2,(#5120,#5121,#5122,#5123,
#5124,#5125,#5126),.UNSPECIFIED.,.T.,.F.) B_SPLINE_CURVE_WITH_KNOTS((1,2
    ,2,2,2,1),(-2.094395102393,0.,2.094395102393,4.188790204786,
6.28318530718,8.377580409573),.UNSPECIFIED.) CURVE() 
GEOMETRIC_REPRESENTATION_ITEM() RATIONAL_B_SPLINE_CURVE((1.,0.5,1.,0.5,
1.,0.5,1.)) REPRESENTATION_ITEM('') );
#5120 = CARTESIAN_POINT('',(0.,8.));
#5121 = CARTESIAN_POINT('',(13.856406460551,8.));
#5122 = CARTESIAN_POINT('',(6.928203230276,-4.));
#5123 = CARTESIAN_POINT('',(1.959434878636E-15,-16.));
#5124 = CARTESIAN_POINT('',(-6.928203230276,-4.));
#5125 = CARTESIAN_POINT('',(-13.85640646055,8.));
#5126 = CARTESIAN_POINT('',(0.,8.));
#5127 = ( GEOMETRIC_REPRESENTATION_CONTEXT(2) 
PARAMETRIC_REPRESENTATION_CONTEXT() REPRESENTATION_CONTEXT('2D SPACE',''
  ) );
#5128 = ORIENTED_EDGE('',*,*,#4877,.T.);
#5129 = ORIENTED_EDGE('',*,*,#4655,.T.);
#5130 = ORIENTED_EDGE('',*,*,#4799,.F.);
#5131 = ADVANCED_FACE('',(#5132),#4787,.F.);
#5132 = FACE_BOUND('',#5133,.F.);
#5133 = EDGE_LOOP('',(#5134,#5135,#5157,#5158));
#5134 = ORIENTED_EDGE('',*,*,#4771,.T.);
#5135 = ORIENTED_EDGE('',*,*,#5136,.T.);
#5136 = EDGE_CURVE('',#4744,#4901,#5137,.T.);
#5137 = SURFACE_CURVE('',#5138,(#5143,#5150),.PCURVE_S1.);
#5138 = CIRCLE('',#5139,11.15);
#5139 = AXIS2_PLACEMENT_3D('',#5140,#5141,#5142);
#5140 = CARTESIAN_POINT('',(0.,3.6,100.));
#5141 = DIRECTION('',(0.,1.,0.));
#5142 = DIRECTION('',(-1.,0.,0.));
#5143 = PCURVE('',#4787,#5144);
#5144 = DEFINITIONAL_REPRESENTATION('',(#5145),#5149);
#5145 = CIRCLE('',#5146,11.15);
#5146 = AXIS2_PLACEMENT_2D('',#5147,#5148);
#5147 = CARTESIAN_POINT('',(0.,0.));
#5148 = DIRECTION('',(0.,-1.));
#5149 = ( GEOMETRIC_REPRESENTATION_CONTEXT(2) 
PARAMETRIC_REPRESENTATION_CONTEXT() REPRESENTATION_CONTEXT('2D SPACE',''
  ) );
#5150 = PCURVE('',#4759,#5151);
#5151 = DEFINITIONAL_REPRESENTATION('',(#5152),#5156);
#5152 = LINE('',#5153,#5154);
#5153 = CARTESIAN_POINT('',(4.712388980385,7.2));
#5154 = VECTOR('',#5155,1.);
#5155 = DIRECTION('',(1.,0.));
#5156 = ( GEOMETRIC_REPRESENTATION_CONTEXT(2) 
PARAMETRIC_REPRESENTATION_CONTEXT() REPRESENTATION_CONTEXT('2D SPACE',''
  ) );
#5157 = ORIENTED_EDGE('',*,*,#4900,.T.);
#5158 = ORIENTED_EDGE('',*,*,#5103,.T.);
#5159 = ADVANCED_FACE('',(#5160),#4759,.F.);
#5160 = FACE_BOUND('',#5161,.F.);
#5161 = EDGE_LOOP('',(#5162,#5163,#5164,#5186));
#5162 = ORIENTED_EDGE('',*,*,#5136,.F.);
#5163 = ORIENTED_EDGE('',*,*,#4743,.F.);
#5164 = ORIENTED_EDGE('',*,*,#5165,.T.);
#5165 = EDGE_CURVE('',#4716,#4924,#5166,.T.);
#5166 = SURFACE_CURVE('',#5167,(#5172,#5179),.PCURVE_S1.);
#5167 = CIRCLE('',#5168,11.15);
#5168 = AXIS2_PLACEMENT_3D('',#5169,#5170,#5171);
#5169 = CARTESIAN_POINT('',(0.,-3.6,100.));
#5170 = DIRECTION('',(0.,1.,0.));
#5171 = DIRECTION('',(-1.,0.,0.));
#5172 = PCURVE('',#4759,#5173);
#5173 = DEFINITIONAL_REPRESENTATION('',(#5174),#5178);
#5174 = LINE('',#5175,#5176);
#5175 = CARTESIAN_POINT('',(4.712388980385,0.));
#5176 = VECTOR('',#5177,1.);
#5177 = DIRECTION('',(1.,0.));
#5178 = ( GEOMETRIC_REPRESENTATION_CONTEXT(2) 
PARAMETRIC_REPRESENTATION_CONTEXT() REPRESENTATION_CONTEXT('2D SPACE',''
  ) );
#5179 = PCURVE('',#4731,#5180);
#5180 = DEFINITIONAL_REPRESENTATION('',(#5181),#5185);
#5181 = CIRCLE('',#5182,11.15);
#5182 = AXIS2_PLACEMENT_2D('',#5183,#5184);
#5183 = CARTESIAN_POINT('',(0.,0.));
#5184 = DIRECTION('',(0.,-1.));
#5185 = ( GEOMETRIC_REPRESENTATION_CONTEXT(2) 
PARAMETRIC_REPRESENTATION_CONTEXT() REPRESENTATION_CONTEXT('2D SPACE',''
  ) );
#5186 = ORIENTED_EDGE('',*,*,#4923,.T.);
#5187 = ADVANCED_FACE('',(#5188),#4731,.T.);
#5188 = FACE_BOUND('',#5189,.T.);
#5189 = EDGE_LOOP('',(#5190,#5191,#5192,#5193));
#5190 = ORIENTED_EDGE('',*,*,#4715,.T.);
#5191 = ORIENTED_EDGE('',*,*,#5165,.T.);
#5192 = ORIENTED_EDGE('',*,*,#4946,.T.);
#5193 = ORIENTED_EDGE('',*,*,#5023,.F.);
#5194 = ( GEOMETRIC_REPRESENTATION_CONTEXT(3) 
GLOBAL_UNCERTAINTY_ASSIGNED_CONTEXT((#5198)) 
GLOBAL_UNIT_ASSIGNED_CONTEXT((#5195,#5196,#5197)) REPRESENTATION_CONTEXT
('Context #1','3D Context with UNIT and UNCERTAINTY') );
#5195 = ( LENGTH_UNIT() NAMED_UNIT(*) SI_UNIT(.MILLI.,.METRE.) );
#5196 = ( NAMED_UNIT(*) PLANE_ANGLE_UNIT() SI_UNIT($,.RADIAN.) );
#5197 = ( NAMED_UNIT(*) SI_UNIT($,.STERADIAN.) SOLID_ANGLE_UNIT() );
#5198 = UNCERTAINTY_MEASURE_WITH_UNIT(LENGTH_MEASURE(1.E-07),#5195,
  'distance_accuracy_value','confusion accuracy');
#5199 = CONTEXT_DEPENDENT_SHAPE_REPRESENTATION(#5200,#5202);
#5200 = ( REPRESENTATION_RELATIONSHIP('','',#4213,#10) 
REPRESENTATION_RELATIONSHIP_WITH_TRANSFORMATION(#5201) 
SHAPE_REPRESENTATION_RELATIONSHIP() );
#5201 = ITEM_DEFINED_TRANSFORMATION('','',#11,#19);
#5202 = PRODUCT_DEFINITION_SHAPE('Placement','Placement of an item',
  #5203);
#5203 = NEXT_ASSEMBLY_USAGE_OCCURRENCE('2','cap_1','',#5,#4208,$);
#5204 = PRODUCT_RELATED_PRODUCT_CATEGORY('part',$,(#4210));
#5205 = SHAPE_DEFINITION_REPRESENTATION(#5206,#5212);
#5206 = PRODUCT_DEFINITION_SHAPE('','',#5207);
#5207 = PRODUCT_DEFINITION('design','',#5208,#5211);
#5208 = PRODUCT_DEFINITION_FORMATION('','',#5209);
#5209 = PRODUCT('bearing_608_1','bearing_608_1','',(#5210));
#5210 = PRODUCT_CONTEXT('',#2,'mechanical');
#5211 = PRODUCT_DEFINITION_CONTEXT('part definition',#2,'design');
#5212 = ADVANCED_BREP_SHAPE_REPRESENTATION('',(#11,#5213),#5395);
#5213 = MANIFOLD_SOLID_BREP('',#5214);
#5214 = CLOSED_SHELL('',(#5215,#5303,#5338,#5368));
#5215 = ADVANCED_FACE('',(#5216),#5229,.T.);
#5216 = FACE_BOUND('',#5217,.T.);
#5217 = EDGE_LOOP('',(#5218,#5252,#5275,#5302));
#5218 = ORIENTED_EDGE('',*,*,#5219,.F.);
#5219 = EDGE_CURVE('',#5220,#5220,#5222,.T.);
#5220 = VERTEX_POINT('',#5221);
#5221 = CARTESIAN_POINT('',(-2.694222958124E-15,3.5,111.));
#5222 = SURFACE_CURVE('',#5223,(#5228,#5240),.PCURVE_S1.);
#5223 = CIRCLE('',#5224,11.);
#5224 = AXIS2_PLACEMENT_3D('',#5225,#5226,#5227);
#5225 = CARTESIAN_POINT('',(0.,3.5,100.));
#5226 = DIRECTION('',(0.,1.,0.));
#5227 = DIRECTION('',(0.,-0.,1.));
#5228 = PCURVE('',#5229,#5234);
#5229 = CYLINDRICAL_SURFACE('',#5230,11.);
#5230 = AXIS2_PLACEMENT_3D('',#5231,#5232,#5233);
#5231 = CARTESIAN_POINT('',(0.,-3.5,100.));
#5232 = DIRECTION('',(0.,1.,0.));
#5233 = DIRECTION('',(0.,-0.,1.));
#5234 = DEFINITIONAL_REPRESENTATION('',(#5235),#5239);
#5235 = LINE('',#5236,#5237);
#5236 = CARTESIAN_POINT('',(0.,7.));
#5237 = VECTOR('',#5238,1.);
#5238 = DIRECTION('',(1.,0.));
#5239 = ( GEOMETRIC_REPRESENTATION_CONTEXT(2) 
PARAMETRIC_REPRESENTATION_CONTEXT() REPRESENTATION_CONTEXT('2D SPACE',''
  ) );
#5240 = PCURVE('',#5241,#5246);
#5241 = PLANE('',#5242);
#5242 = AXIS2_PLACEMENT_3D('',#5243,#5244,#5245);
#5243 = CARTESIAN_POINT('',(0.,3.5,100.));
#5244 = DIRECTION('',(0.,1.,0.));
#5245 = DIRECTION('',(0.,-0.,1.));
#5246 = DEFINITIONAL_REPRESENTATION('',(#5247),#5251);
#5247 = CIRCLE('',#5248,11.);
#5248 = AXIS2_PLACEMENT_2D('',#5249,#5250);
#5249 = CARTESIAN_POINT('',(0.,0.));
#5250 = DIRECTION('',(1.,0.));
#5251 = ( GEOMETRIC_REPRESENTATION_CONTEXT(2) 
PARAMETRIC_REPRESENTATION_CONTEXT() REPRESENTATION_CONTEXT('2D SPACE',''
  ) );
#5252 = ORIENTED_EDGE('',*,*,#5253,.F.);
#5253 = EDGE_CURVE('',#5254,#5220,#5256,.T.);
#5254 = VERTEX_POINT('',#5255);
#5255 = CARTESIAN_POINT('',(-2.694222958124E-15,-3.5,111.));
#5256 = SEAM_CURVE('',#5257,(#5261,#5268),.PCURVE_S1.);
#5257 = LINE('',#5258,#5259);
#5258 = CARTESIAN_POINT('',(-2.694222958124E-15,-3.5,111.));
#5259 = VECTOR('',#5260,1.);
#5260 = DIRECTION('',(0.,1.,0.));
#5261 = PCURVE('',#5229,#5262);
#5262 = DEFINITIONAL_REPRESENTATION('',(#5263),#5267);
#5263 = LINE('',#5264,#5265);
#5264 = CARTESIAN_POINT('',(6.28318530718,-0.));
#5265 = VECTOR('',#5266,1.);
#5266 = DIRECTION('',(0.,1.));
#5267 = ( GEOMETRIC_REPRESENTATION_CONTEXT(2) 
PARAMETRIC_REPRESENTATION_CONTEXT() REPRESENTATION_CONTEXT('2D SPACE',''
  ) );
#5268 = PCURVE('',#5229,#5269);
#5269 = DEFINITIONAL_REPRESENTATION('',(#5270),#5274);
#5270 = LINE('',#5271,#5272);
#5271 = CARTESIAN_POINT('',(0.,-0.));
#5272 = VECTOR('',#5273,1.);
#5273 = DIRECTION('',(0.,1.));
#5274 = ( GEOMETRIC_REPRESENTATION_CONTEXT(2) 
PARAMETRIC_REPRESENTATION_CONTEXT() REPRESENTATION_CONTEXT('2D SPACE',''
  ) );
#5275 = ORIENTED_EDGE('',*,*,#5276,.T.);
#5276 = EDGE_CURVE('',#5254,#5254,#5277,.T.);
#5277 = SURFACE_CURVE('',#5278,(#5283,#5290),.PCURVE_S1.);
#5278 = CIRCLE('',#5279,11.);
#5279 = AXIS2_PLACEMENT_3D('',#5280,#5281,#5282);
#5280 = CARTESIAN_POINT('',(0.,-3.5,100.));
#5281 = DIRECTION('',(0.,1.,0.));
#5282 = DIRECTION('',(0.,-0.,1.));
#5283 = PCURVE('',#5229,#5284);
#5284 = DEFINITIONAL_REPRESENTATION('',(#5285),#5289);
#5285 = LINE('',#5286,#5287);
#5286 = CARTESIAN_POINT('',(0.,0.));
#5287 = VECTOR('',#5288,1.);
#5288 = DIRECTION('',(1.,0.));
#5289 = ( GEOMETRIC_REPRESENTATION_CONTEXT(2) 
PARAMETRIC_REPRESENTATION_CONTEXT() REPRESENTATION_CONTEXT('2D SPACE',''
  ) );
#5290 = PCURVE('',#5291,#5296);
#5291 = PLANE('',#5292);
#5292 = AXIS2_PLACEMENT_3D('',#5293,#5294,#5295);
#5293 = CARTESIAN_POINT('',(0.,-3.5,100.));
#5294 = DIRECTION('',(0.,1.,0.));
#5295 = DIRECTION('',(0.,-0.,1.));
#5296 = DEFINITIONAL_REPRESENTATION('',(#5297),#5301);
#5297 = CIRCLE('',#5298,11.);
#5298 = AXIS2_PLACEMENT_2D('',#5299,#5300);
#5299 = CARTESIAN_POINT('',(0.,0.));
#5300 = DIRECTION('',(1.,0.));
#5301 = ( GEOMETRIC_REPRESENTATION_CONTEXT(2) 
PARAMETRIC_REPRESENTATION_CONTEXT() REPRESENTATION_CONTEXT('2D SPACE',''
  ) );
#5302 = ORIENTED_EDGE('',*,*,#5253,.T.);
#5303 = ADVANCED_FACE('',(#5304,#5307),#5241,.T.);
#5304 = FACE_BOUND('',#5305,.T.);
#5305 = EDGE_LOOP('',(#5306));
#5306 = ORIENTED_EDGE('',*,*,#5219,.T.);
#5307 = FACE_BOUND('',#5308,.T.);
#5308 = EDGE_LOOP('',(#5309));
#5309 = ORIENTED_EDGE('',*,*,#5310,.F.);
#5310 = EDGE_CURVE('',#5311,#5311,#5313,.T.);
#5311 = VERTEX_POINT('',#5312);
#5312 = CARTESIAN_POINT('',(-9.797174393179E-16,3.5,104.));
#5313 = SURFACE_CURVE('',#5314,(#5319,#5326),.PCURVE_S1.);
#5314 = CIRCLE('',#5315,4.);
#5315 = AXIS2_PLACEMENT_3D('',#5316,#5317,#5318);
#5316 = CARTESIAN_POINT('',(0.,3.5,100.));
#5317 = DIRECTION('',(0.,1.,0.));
#5318 = DIRECTION('',(0.,-0.,1.));
#5319 = PCURVE('',#5241,#5320);
#5320 = DEFINITIONAL_REPRESENTATION('',(#5321),#5325);
#5321 = CIRCLE('',#5322,4.);
#5322 = AXIS2_PLACEMENT_2D('',#5323,#5324);
#5323 = CARTESIAN_POINT('',(0.,0.));
#5324 = DIRECTION('',(1.,0.));
#5325 = ( GEOMETRIC_REPRESENTATION_CONTEXT(2) 
PARAMETRIC_REPRESENTATION_CONTEXT() REPRESENTATION_CONTEXT('2D SPACE',''
  ) );
#5326 = PCURVE('',#5327,#5332);
#5327 = CYLINDRICAL_SURFACE('',#5328,4.);
#5328 = AXIS2_PLACEMENT_3D('',#5329,#5330,#5331);
#5329 = CARTESIAN_POINT('',(0.,-4.5,100.));
#5330 = DIRECTION('',(0.,1.,0.));
#5331 = DIRECTION('',(0.,-0.,1.));
#5332 = DEFINITIONAL_REPRESENTATION('',(#5333),#5337);
#5333 = LINE('',#5334,#5335);
#5334 = CARTESIAN_POINT('',(0.,8.));
#5335 = VECTOR('',#5336,1.);
#5336 = DIRECTION('',(1.,0.));
#5337 = ( GEOMETRIC_REPRESENTATION_CONTEXT(2) 
PARAMETRIC_REPRESENTATION_CONTEXT() REPRESENTATION_CONTEXT('2D SPACE',''
  ) );
#5338 = ADVANCED_FACE('',(#5339,#5342),#5291,.F.);
#5339 = FACE_BOUND('',#5340,.F.);
#5340 = EDGE_LOOP('',(#5341));
#5341 = ORIENTED_EDGE('',*,*,#5276,.T.);
#5342 = FACE_BOUND('',#5343,.F.);
#5343 = EDGE_LOOP('',(#5344));
#5344 = ORIENTED_EDGE('',*,*,#5345,.F.);
#5345 = EDGE_CURVE('',#5346,#5346,#5348,.T.);
#5346 = VERTEX_POINT('',#5347);
#5347 = CARTESIAN_POINT('',(-9.797174393179E-16,-3.5,104.));
#5348 = SURFACE_CURVE('',#5349,(#5354,#5361),.PCURVE_S1.);
#5349 = CIRCLE('',#5350,4.);
#5350 = AXIS2_PLACEMENT_3D('',#5351,#5352,#5353);
#5351 = CARTESIAN_POINT('',(0.,-3.5,100.));
#5352 = DIRECTION('',(0.,1.,0.));
#5353 = DIRECTION('',(0.,-0.,1.));
#5354 = PCURVE('',#5291,#5355);
#5355 = DEFINITIONAL_REPRESENTATION('',(#5356),#5360);
#5356 = CIRCLE('',#5357,4.);
#5357 = AXIS2_PLACEMENT_2D('',#5358,#5359);
#5358 = CARTESIAN_POINT('',(0.,0.));
#5359 = DIRECTION('',(1.,0.));
#5360 = ( GEOMETRIC_REPRESENTATION_CONTEXT(2) 
PARAMETRIC_REPRESENTATION_CONTEXT() REPRESENTATION_CONTEXT('2D SPACE',''
  ) );
#5361 = PCURVE('',#5327,#5362);
#5362 = DEFINITIONAL_REPRESENTATION('',(#5363),#5367);
#5363 = LINE('',#5364,#5365);
#5364 = CARTESIAN_POINT('',(0.,1.));
#5365 = VECTOR('',#5366,1.);
#5366 = DIRECTION('',(1.,0.));
#5367 = ( GEOMETRIC_REPRESENTATION_CONTEXT(2) 
PARAMETRIC_REPRESENTATION_CONTEXT() REPRESENTATION_CONTEXT('2D SPACE',''
  ) );
#5368 = ADVANCED_FACE('',(#5369),#5327,.F.);
#5369 = FACE_BOUND('',#5370,.F.);
#5370 = EDGE_LOOP('',(#5371,#5372,#5393,#5394));
#5371 = ORIENTED_EDGE('',*,*,#5310,.F.);
#5372 = ORIENTED_EDGE('',*,*,#5373,.F.);
#5373 = EDGE_CURVE('',#5346,#5311,#5374,.T.);
#5374 = SEAM_CURVE('',#5375,(#5379,#5386),.PCURVE_S1.);
#5375 = LINE('',#5376,#5377);
#5376 = CARTESIAN_POINT('',(-9.797174393179E-16,-4.5,104.));
#5377 = VECTOR('',#5378,1.);
#5378 = DIRECTION('',(0.,1.,0.));
#5379 = PCURVE('',#5327,#5380);
#5380 = DEFINITIONAL_REPRESENTATION('',(#5381),#5385);
#5381 = LINE('',#5382,#5383);
#5382 = CARTESIAN_POINT('',(6.28318530718,-0.));
#5383 = VECTOR('',#5384,1.);
#5384 = DIRECTION('',(0.,1.));
#5385 = ( GEOMETRIC_REPRESENTATION_CONTEXT(2) 
PARAMETRIC_REPRESENTATION_CONTEXT() REPRESENTATION_CONTEXT('2D SPACE',''
  ) );
#5386 = PCURVE('',#5327,#5387);
#5387 = DEFINITIONAL_REPRESENTATION('',(#5388),#5392);
#5388 = LINE('',#5389,#5390);
#5389 = CARTESIAN_POINT('',(0.,-0.));
#5390 = VECTOR('',#5391,1.);
#5391 = DIRECTION('',(0.,1.));
#5392 = ( GEOMETRIC_REPRESENTATION_CONTEXT(2) 
PARAMETRIC_REPRESENTATION_CONTEXT() REPRESENTATION_CONTEXT('2D SPACE',''
  ) );
#5393 = ORIENTED_EDGE('',*,*,#5345,.T.);
#5394 = ORIENTED_EDGE('',*,*,#5373,.T.);
#5395 = ( GEOMETRIC_REPRESENTATION_CONTEXT(3) 
GLOBAL_UNCERTAINTY_ASSIGNED_CONTEXT((#5399)) 
GLOBAL_UNIT_ASSIGNED_CONTEXT((#5396,#5397,#5398)) REPRESENTATION_CONTEXT
('Context #1','3D Context with UNIT and UNCERTAINTY') );
#5396 = ( LENGTH_UNIT() NAMED_UNIT(*) SI_UNIT(.MILLI.,.METRE.) );
#5397 = ( NAMED_UNIT(*) PLANE_ANGLE_UNIT() SI_UNIT($,.RADIAN.) );
#5398 = ( NAMED_UNIT(*) SI_UNIT($,.STERADIAN.) SOLID_ANGLE_UNIT() );
#5399 = UNCERTAINTY_MEASURE_WITH_UNIT(LENGTH_MEASURE(1.E-07),#5396,
  'distance_accuracy_value','confusion accuracy');
#5400 = CONTEXT_DEPENDENT_SHAPE_REPRESENTATION(#5401,#5403);
#5401 = ( REPRESENTATION_RELATIONSHIP('','',#5212,#10) 
REPRESENTATION_RELATIONSHIP_WITH_TRANSFORMATION(#5402) 
SHAPE_REPRESENTATION_RELATIONSHIP() );
#5402 = ITEM_DEFINED_TRANSFORMATION('','',#11,#23);
#5403 = PRODUCT_DEFINITION_SHAPE('Placement','Placement of an item',
  #5404);
#5404 = NEXT_ASSEMBLY_USAGE_OCCURRENCE('3','bearing_608_1','',#5,#5207,$
  );
#5405 = PRODUCT_RELATED_PRODUCT_CATEGORY('part',$,(#5209));
#5406 = SHAPE_DEFINITION_REPRESENTATION(#5407,#5413);
#5407 = PRODUCT_DEFINITION_SHAPE('','',#5408);
#5408 = PRODUCT_DEFINITION('design','',#5409,#5412);
#5409 = PRODUCT_DEFINITION_FORMATION('','',#5410);
#5410 = PRODUCT('cap_screw_0_0','cap_screw_0_0','',(#5411));
#5411 = PRODUCT_CONTEXT('',#2,'mechanical');
#5412 = PRODUCT_DEFINITION_CONTEXT('part definition',#2,'design');
#5413 = ADVANCED_BREP_SHAPE_REPRESENTATION('',(#11,#5414),#5602);
#5414 = MANIFOLD_SOLID_BREP('',#5415);
#5415 = CLOSED_SHELL('',(#5416,#5504,#5508,#5543,#5598));
#5416 = ADVANCED_FACE('',(#5417),#5430,.T.);
#5417 = FACE_BOUND('',#5418,.T.);
#5418 = EDGE_LOOP('',(#5419,#5453,#5476,#5503));
#5419 = ORIENTED_EDGE('',*,*,#5420,.F.);
#5420 = EDGE_CURVE('',#5421,#5421,#5423,.T.);
#5421 = VERTEX_POINT('',#5422);
#5422 = CARTESIAN_POINT('',(-15.2,-6.858022075225E-16,120.));
#5423 = SURFACE_CURVE('',#5424,(#5429,#5441),.PCURVE_S1.);
#5424 = CIRCLE('',#5425,2.8);
#5425 = AXIS2_PLACEMENT_3D('',#5426,#5427,#5428);
#5426 = CARTESIAN_POINT('',(-18.,0.,120.));
#5427 = DIRECTION('',(0.,0.,1.));
#5428 = DIRECTION('',(1.,0.,-0.));
#5429 = PCURVE('',#5430,#5435);
#5430 = CYLINDRICAL_SURFACE('',#5431,2.8);
#5431 = AXIS2_PLACEMENT_3D('',#5432,#5433,#5434);
#5432 = CARTESIAN_POINT('',(-18.,0.,117.));
#5433 = DIRECTION('',(0.,0.,1.));
#5434 = DIRECTION('',(1.,0.,-0.));
#5435 = DEFINITIONAL_REPRESENTATION('',(#5436),#5440);
#5436 = LINE('',#5437,#5438);
#5437 = CARTESIAN_POINT('',(0.,3.));
#5438 = VECTOR('',#5439,1.);
#5439 = DIRECTION('',(1.,0.));
#5440 = ( GEOMETRIC_REPRESENTATION_CONTEXT(2) 
PARAMETRIC_REPRESENTATION_CONTEXT() REPRESENTATION_CONTEXT('2D SPACE',''
  ) );
#5441 = PCURVE('',#5442,#5447);
#5442 = PLANE('',#5443);
#5443 = AXIS2_PLACEMENT_3D('',#5444,#5445,#5446);
#5444 = CARTESIAN_POINT('',(-18.,0.,120.));
#5445 = DIRECTION('',(0.,0.,1.));
#5446 = DIRECTION('',(1.,0.,-0.));
#5447 = DEFINITIONAL_REPRESENTATION('',(#5448),#5452);
#5448 = CIRCLE('',#5449,2.8);
#5449 = AXIS2_PLACEMENT_2D('',#5450,#5451);
#5450 = CARTESIAN_POINT('',(0.,0.));
#5451 = DIRECTION('',(1.,0.));
#5452 = ( GEOMETRIC_REPRESENTATION_CONTEXT(2) 
PARAMETRIC_REPRESENTATION_CONTEXT() REPRESENTATION_CONTEXT('2D SPACE',''
  ) );
#5453 = ORIENTED_EDGE('',*,*,#5454,.F.);
#5454 = EDGE_CURVE('',#5455,#5421,#5457,.T.);
#5455 = VERTEX_POINT('',#5456);
#5456 = CARTESIAN_POINT('',(-15.2,-6.858022075225E-16,117.));
#5457 = SEAM_CURVE('',#5458,(#5462,#5469),.PCURVE_S1.);
#5458 = LINE('',#5459,#5460);
#5459 = CARTESIAN_POINT('',(-15.2,-6.858022075225E-16,117.));
#5460 = VECTOR('',#5461,1.);
#5461 = DIRECTION('',(0.,0.,1.));
#5462 = PCURVE('',#5430,#5463);
#5463 = DEFINITIONAL_REPRESENTATION('',(#5464),#5468);
#5464 = LINE('',#5465,#5466);
#5465 = CARTESIAN_POINT('',(6.28318530718,-0.));
#5466 = VECTOR('',#5467,1.);
#5467 = DIRECTION('',(0.,1.));
#5468 = ( GEOMETRIC_REPRESENTATION_CONTEXT(2) 
PARAMETRIC_REPRESENTATION_CONTEXT() REPRESENTATION_CONTEXT('2D SPACE',''
  ) );
#5469 = PCURVE('',#5430,#5470);
#5470 = DEFINITIONAL_REPRESENTATION('',(#5471),#5475);
#5471 = LINE('',#5472,#5473);
#5472 = CARTESIAN_POINT('',(0.,-0.));
#5473 = VECTOR('',#5474,1.);
#5474 = DIRECTION('',(0.,1.));
#5475 = ( GEOMETRIC_REPRESENTATION_CONTEXT(2) 
PARAMETRIC_REPRESENTATION_CONTEXT() REPRESENTATION_CONTEXT('2D SPACE',''
  ) );
#5476 = ORIENTED_EDGE('',*,*,#5477,.T.);
#5477 = EDGE_CURVE('',#5455,#5455,#5478,.T.);
#5478 = SURFACE_CURVE('',#5479,(#5484,#5491),.PCURVE_S1.);
#5479 = CIRCLE('',#5480,2.8);
#5480 = AXIS2_PLACEMENT_3D('',#5481,#5482,#5483);
#5481 = CARTESIAN_POINT('',(-18.,0.,117.));
#5482 = DIRECTION('',(0.,0.,1.));
#5483 = DIRECTION('',(1.,0.,-0.));
#5484 = PCURVE('',#5430,#5485);
#5485 = DEFINITIONAL_REPRESENTATION('',(#5486),#5490);
#5486 = LINE('',#5487,#5488);
#5487 = CARTESIAN_POINT('',(0.,0.));
#5488 = VECTOR('',#5489,1.);
#5489 = DIRECTION('',(1.,0.));
#5490 = ( GEOMETRIC_REPRESENTATION_CONTEXT(2) 
PARAMETRIC_REPRESENTATION_CONTEXT() REPRESENTATION_CONTEXT('2D SPACE',''
  ) );
#5491 = PCURVE('',#5492,#5497);
#5492 = PLANE('',#5493);
#5493 = AXIS2_PLACEMENT_3D('',#5494,#5495,#5496);
#5494 = CARTESIAN_POINT('',(-18.,0.,117.));
#5495 = DIRECTION('',(0.,0.,1.));
#5496 = DIRECTION('',(1.,0.,-0.));
#5497 = DEFINITIONAL_REPRESENTATION('',(#5498),#5502);
#5498 = CIRCLE('',#5499,2.8);
#5499 = AXIS2_PLACEMENT_2D('',#5500,#5501);
#5500 = CARTESIAN_POINT('',(0.,0.));
#5501 = DIRECTION('',(1.,0.));
#5502 = ( GEOMETRIC_REPRESENTATION_CONTEXT(2) 
PARAMETRIC_REPRESENTATION_CONTEXT() REPRESENTATION_CONTEXT('2D SPACE',''
  ) );
#5503 = ORIENTED_EDGE('',*,*,#5454,.T.);
#5504 = ADVANCED_FACE('',(#5505),#5442,.T.);
#5505 = FACE_BOUND('',#5506,.T.);
#5506 = EDGE_LOOP('',(#5507));
#5507 = ORIENTED_EDGE('',*,*,#5420,.T.);
#5508 = ADVANCED_FACE('',(#5509,#5512),#5492,.F.);
#5509 = FACE_BOUND('',#5510,.F.);
#5510 = EDGE_LOOP('',(#5511));
#5511 = ORIENTED_EDGE('',*,*,#5477,.T.);
#5512 = FACE_BOUND('',#5513,.F.);
#5513 = EDGE_LOOP('',(#5514));
#5514 = ORIENTED_EDGE('',*,*,#5515,.F.);
#5515 = EDGE_CURVE('',#5516,#5516,#5518,.T.);
#5516 = VERTEX_POINT('',#5517);
#5517 = CARTESIAN_POINT('',(-16.5,-3.673940397442E-16,117.));
#5518 = SURFACE_CURVE('',#5519,(#5524,#5531),.PCURVE_S1.);
#5519 = CIRCLE('',#5520,1.5);
#5520 = AXIS2_PLACEMENT_3D('',#5521,#5522,#5523);
#5521 = CARTESIAN_POINT('',(-18.,0.,117.));
#5522 = DIRECTION('',(0.,0.,1.));
#5523 = DIRECTION('',(1.,0.,-0.));
#5524 = PCURVE('',#5492,#5525);
#5525 = DEFINITIONAL_REPRESENTATION('',(#5526),#5530);
#5526 = CIRCLE('',#5527,1.5);
#5527 = AXIS2_PLACEMENT_2D('',#5528,#5529);
#5528 = CARTESIAN_POINT('',(0.,0.));
#5529 = DIRECTION('',(1.,0.));
#5530 = ( GEOMETRIC_REPRESENTATION_CONTEXT(2) 
PARAMETRIC_REPRESENTATION_CONTEXT() REPRESENTATION_CONTEXT('2D SPACE',''
  ) );
#5531 = PCURVE('',#5532,#5537);
#5532 = CYLINDRICAL_SURFACE('',#5533,1.5);
#5533 = AXIS2_PLACEMENT_3D('',#5534,#5535,#5536);
#5534 = CARTESIAN_POINT('',(-18.,0.,82.));
#5535 = DIRECTION('',(0.,0.,1.));
#5536 = DIRECTION('',(1.,0.,-0.));
#5537 = DEFINITIONAL_REPRESENTATION('',(#5538),#5542);
#5538 = LINE('',#5539,#5540);
#5539 = CARTESIAN_POINT('',(0.,35.));
#5540 = VECTOR('',#5541,1.);
#5541 = DIRECTION('',(1.,0.));
#5542 = ( GEOMETRIC_REPRESENTATION_CONTEXT(2) 
PARAMETRIC_REPRESENTATION_CONTEXT() REPRESENTATION_CONTEXT('2D SPACE',''
  ) );
#5543 = ADVANCED_FACE('',(#5544),#5532,.T.);
#5544 = FACE_BOUND('',#5545,.T.);
#5545 = EDGE_LOOP('',(#5546,#5547,#5570,#5597));
#5546 = ORIENTED_EDGE('',*,*,#5515,.F.);
#5547 = ORIENTED_EDGE('',*,*,#5548,.F.);
#5548 = EDGE_CURVE('',#5549,#5516,#5551,.T.);
#5549 = VERTEX_POINT('',#5550);
#5550 = CARTESIAN_POINT('',(-16.5,-3.673940397442E-16,82.));
#5551 = SEAM_CURVE('',#5552,(#5556,#5563),.PCURVE_S1.);
#5552 = LINE('',#5553,#5554);
#5553 = CARTESIAN_POINT('',(-16.5,-3.673940397442E-16,82.));
#5554 = VECTOR('',#5555,1.);
#5555 = DIRECTION('',(0.,0.,1.));
#5556 = PCURVE('',#5532,#5557);
#5557 = DEFINITIONAL_REPRESENTATION('',(#5558),#5562);
#5558 = LINE('',#5559,#5560);
#5559 = CARTESIAN_POINT('',(6.28318530718,-0.));
#5560 = VECTOR('',#5561,1.);
#5561 = DIRECTION('',(0.,1.));
#5562 = ( GEOMETRIC_REPRESENTATION_CONTEXT(2) 
PARAMETRIC_REPRESENTATION_CONTEXT() REPRESENTATION_CONTEXT('2D SPACE',''
  ) );
#5563 = PCURVE('',#5532,#5564);
#5564 = DEFINITIONAL_REPRESENTATION('',(#5565),#5569);
#5565 = LINE('',#5566,#5567);
#5566 = CARTESIAN_POINT('',(0.,-0.));
#5567 = VECTOR('',#5568,1.);
#5568 = DIRECTION('',(0.,1.));
#5569 = ( GEOMETRIC_REPRESENTATION_CONTEXT(2) 
PARAMETRIC_REPRESENTATION_CONTEXT() REPRESENTATION_CONTEXT('2D SPACE',''
  ) );
#5570 = ORIENTED_EDGE('',*,*,#5571,.T.);
#5571 = EDGE_CURVE('',#5549,#5549,#5572,.T.);
#5572 = SURFACE_CURVE('',#5573,(#5578,#5585),.PCURVE_S1.);
#5573 = CIRCLE('',#5574,1.5);
#5574 = AXIS2_PLACEMENT_3D('',#5575,#5576,#5577);
#5575 = CARTESIAN_POINT('',(-18.,0.,82.));
#5576 = DIRECTION('',(0.,0.,1.));
#5577 = DIRECTION('',(1.,0.,-0.));
#5578 = PCURVE('',#5532,#5579);
#5579 = DEFINITIONAL_REPRESENTATION('',(#5580),#5584);
#5580 = LINE('',#5581,#5582);
#5581 = CARTESIAN_POINT('',(0.,0.));
#5582 = VECTOR('',#5583,1.);
#5583 = DIRECTION('',(1.,0.));
#5584 = ( GEOMETRIC_REPRESENTATION_CONTEXT(2) 
PARAMETRIC_REPRESENTATION_CONTEXT() REPRESENTATION_CONTEXT('2D SPACE',''
  ) );
#5585 = PCURVE('',#5586,#5591);
#5586 = PLANE('',#5587);
#5587 = AXIS2_PLACEMENT_3D('',#5588,#5589,#5590);
#5588 = CARTESIAN_POINT('',(-18.,0.,82.));
#5589 = DIRECTION('',(0.,0.,1.));
#5590 = DIRECTION('',(1.,0.,-0.));
#5591 = DEFINITIONAL_REPRESENTATION('',(#5592),#5596);
#5592 = CIRCLE('',#5593,1.5);
#5593 = AXIS2_PLACEMENT_2D('',#5594,#5595);
#5594 = CARTESIAN_POINT('',(0.,0.));
#5595 = DIRECTION('',(1.,0.));
#5596 = ( GEOMETRIC_REPRESENTATION_CONTEXT(2) 
PARAMETRIC_REPRESENTATION_CONTEXT() REPRESENTATION_CONTEXT('2D SPACE',''
  ) );
#5597 = ORIENTED_EDGE('',*,*,#5548,.T.);
#5598 = ADVANCED_FACE('',(#5599),#5586,.F.);
#5599 = FACE_BOUND('',#5600,.T.);
#5600 = EDGE_LOOP('',(#5601));
#5601 = ORIENTED_EDGE('',*,*,#5571,.F.);
#5602 = ( GEOMETRIC_REPRESENTATION_CONTEXT(3) 
GLOBAL_UNCERTAINTY_ASSIGNED_CONTEXT((#5606)) 
GLOBAL_UNIT_ASSIGNED_CONTEXT((#5603,#5604,#5605)) REPRESENTATION_CONTEXT
('Context #1','3D Context with UNIT and UNCERTAINTY') );
#5603 = ( LENGTH_UNIT() NAMED_UNIT(*) SI_UNIT(.MILLI.,.METRE.) );
#5604 = ( NAMED_UNIT(*) PLANE_ANGLE_UNIT() SI_UNIT($,.RADIAN.) );
#5605 = ( NAMED_UNIT(*) SI_UNIT($,.STERADIAN.) SOLID_ANGLE_UNIT() );
#5606 = UNCERTAINTY_MEASURE_WITH_UNIT(LENGTH_MEASURE(1.E-07),#5603,
  'distance_accuracy_value','confusion accuracy');
#5607 = CONTEXT_DEPENDENT_SHAPE_REPRESENTATION(#5608,#5610);
#5608 = ( REPRESENTATION_RELATIONSHIP('','',#5413,#10) 
REPRESENTATION_RELATIONSHIP_WITH_TRANSFORMATION(#5609) 
SHAPE_REPRESENTATION_RELATIONSHIP() );
#5609 = ITEM_DEFINED_TRANSFORMATION('','',#11,#27);
#5610 = PRODUCT_DEFINITION_SHAPE('Placement','Placement of an item',
  #5611);
#5611 = NEXT_ASSEMBLY_USAGE_OCCURRENCE('4','cap_screw_0_0','',#5,#5408,$
  );
#5612 = PRODUCT_RELATED_PRODUCT_CATEGORY('part',$,(#5410));
#5613 = SHAPE_DEFINITION_REPRESENTATION(#5614,#5620);
#5614 = PRODUCT_DEFINITION_SHAPE('','',#5615);
#5615 = PRODUCT_DEFINITION('design','',#5616,#5619);
#5616 = PRODUCT_DEFINITION_FORMATION('','',#5617);
#5617 = PRODUCT('cap_screw_0_1','cap_screw_0_1','',(#5618));
#5618 = PRODUCT_CONTEXT('',#2,'mechanical');
#5619 = PRODUCT_DEFINITION_CONTEXT('part definition',#2,'design');
#5620 = ADVANCED_BREP_SHAPE_REPRESENTATION('',(#11,#5621),#5809);
#5621 = MANIFOLD_SOLID_BREP('',#5622);
#5622 = CLOSED_SHELL('',(#5623,#5711,#5715,#5750,#5805));
#5623 = ADVANCED_FACE('',(#5624),#5637,.T.);
#5624 = FACE_BOUND('',#5625,.T.);
#5625 = EDGE_LOOP('',(#5626,#5660,#5683,#5710));
#5626 = ORIENTED_EDGE('',*,*,#5627,.F.);
#5627 = EDGE_CURVE('',#5628,#5628,#5630,.T.);
#5628 = VERTEX_POINT('',#5629);
#5629 = CARTESIAN_POINT('',(20.8,-6.858022075225E-16,120.));
#5630 = SURFACE_CURVE('',#5631,(#5636,#5648),.PCURVE_S1.);
#5631 = CIRCLE('',#5632,2.8);
#5632 = AXIS2_PLACEMENT_3D('',#5633,#5634,#5635);
#5633 = CARTESIAN_POINT('',(18.,0.,120.));
#5634 = DIRECTION('',(0.,0.,1.));
#5635 = DIRECTION('',(1.,0.,-0.));
#5636 = PCURVE('',#5637,#5642);
#5637 = CYLINDRICAL_SURFACE('',#5638,2.8);
#5638 = AXIS2_PLACEMENT_3D('',#5639,#5640,#5641);
#5639 = CARTESIAN_POINT('',(18.,0.,117.));
#5640 = DIRECTION('',(0.,0.,1.));
#5641 = DIRECTION('',(1.,0.,-0.));
#5642 = DEFINITIONAL_REPRESENTATION('',(#5643),#5647);
#5643 = LINE('',#5644,#5645);
#5644 = CARTESIAN_POINT('',(0.,3.));
#5645 = VECTOR('',#5646,1.);
#5646 = DIRECTION('',(1.,0.));
#5647 = ( GEOMETRIC_REPRESENTATION_CONTEXT(2) 
PARAMETRIC_REPRESENTATION_CONTEXT() REPRESENTATION_CONTEXT('2D SPACE',''
  ) );
#5648 = PCURVE('',#5649,#5654);
#5649 = PLANE('',#5650);
#5650 = AXIS2_PLACEMENT_3D('',#5651,#5652,#5653);
#5651 = CARTESIAN_POINT('',(18.,0.,120.));
#5652 = DIRECTION('',(0.,0.,1.));
#5653 = DIRECTION('',(1.,0.,-0.));
#5654 = DEFINITIONAL_REPRESENTATION('',(#5655),#5659);
#5655 = CIRCLE('',#5656,2.8);
#5656 = AXIS2_PLACEMENT_2D('',#5657,#5658);
#5657 = CARTESIAN_POINT('',(0.,0.));
#5658 = DIRECTION('',(1.,0.));
#5659 = ( GEOMETRIC_REPRESENTATION_CONTEXT(2) 
PARAMETRIC_REPRESENTATION_CONTEXT() REPRESENTATION_CONTEXT('2D SPACE',''
  ) );
#5660 = ORIENTED_EDGE('',*,*,#5661,.F.);
#5661 = EDGE_CURVE('',#5662,#5628,#5664,.T.);
#5662 = VERTEX_POINT('',#5663);
#5663 = CARTESIAN_POINT('',(20.8,-6.858022075225E-16,117.));
#5664 = SEAM_CURVE('',#5665,(#5669,#5676),.PCURVE_S1.);
#5665 = LINE('',#5666,#5667);
#5666 = CARTESIAN_POINT('',(20.8,-6.858022075225E-16,117.));
#5667 = VECTOR('',#5668,1.);
#5668 = DIRECTION('',(0.,0.,1.));
#5669 = PCURVE('',#5637,#5670);
#5670 = DEFINITIONAL_REPRESENTATION('',(#5671),#5675);
#5671 = LINE('',#5672,#5673);
#5672 = CARTESIAN_POINT('',(6.28318530718,-0.));
#5673 = VECTOR('',#5674,1.);
#5674 = DIRECTION('',(0.,1.));
#5675 = ( GEOMETRIC_REPRESENTATION_CONTEXT(2) 
PARAMETRIC_REPRESENTATION_CONTEXT() REPRESENTATION_CONTEXT('2D SPACE',''
  ) );
#5676 = PCURVE('',#5637,#5677);
#5677 = DEFINITIONAL_REPRESENTATION('',(#5678),#5682);
#5678 = LINE('',#5679,#5680);
#5679 = CARTESIAN_POINT('',(0.,-0.));
#5680 = VECTOR('',#5681,1.);
#5681 = DIRECTION('',(0.,1.));
#5682 = ( GEOMETRIC_REPRESENTATION_CONTEXT(2) 
PARAMETRIC_REPRESENTATION_CONTEXT() REPRESENTATION_CONTEXT('2D SPACE',''
  ) );
#5683 = ORIENTED_EDGE('',*,*,#5684,.T.);
#5684 = EDGE_CURVE('',#5662,#5662,#5685,.T.);
#5685 = SURFACE_CURVE('',#5686,(#5691,#5698),.PCURVE_S1.);
#5686 = CIRCLE('',#5687,2.8);
#5687 = AXIS2_PLACEMENT_3D('',#5688,#5689,#5690);
#5688 = CARTESIAN_POINT('',(18.,0.,117.));
#5689 = DIRECTION('',(0.,0.,1.));
#5690 = DIRECTION('',(1.,0.,-0.));
#5691 = PCURVE('',#5637,#5692);
#5692 = DEFINITIONAL_REPRESENTATION('',(#5693),#5697);
#5693 = LINE('',#5694,#5695);
#5694 = CARTESIAN_POINT('',(0.,0.));
#5695 = VECTOR('',#5696,1.);
#5696 = DIRECTION('',(1.,0.));
#5697 = ( GEOMETRIC_REPRESENTATION_CONTEXT(2) 
PARAMETRIC_REPRESENTATION_CONTEXT() REPRESENTATION_CONTEXT('2D SPACE',''
  ) );
#5698 = PCURVE('',#5699,#5704);
#5699 = PLANE('',#5700);
#5700 = AXIS2_PLACEMENT_3D('',#5701,#5702,#5703);
#5701 = CARTESIAN_POINT('',(18.,0.,117.));
#5702 = DIRECTION('',(0.,0.,1.));
#5703 = DIRECTION('',(1.,0.,-0.));
#5704 = DEFINITIONAL_REPRESENTATION('',(#5705),#5709);
#5705 = CIRCLE('',#5706,2.8);
#5706 = AXIS2_PLACEMENT_2D('',#5707,#5708);
#5707 = CARTESIAN_POINT('',(0.,0.));
#5708 = DIRECTION('',(1.,0.));
#5709 = ( GEOMETRIC_REPRESENTATION_CONTEXT(2) 
PARAMETRIC_REPRESENTATION_CONTEXT() REPRESENTATION_CONTEXT('2D SPACE',''
  ) );
#5710 = ORIENTED_EDGE('',*,*,#5661,.T.);
#5711 = ADVANCED_FACE('',(#5712),#5649,.T.);
#5712 = FACE_BOUND('',#5713,.T.);
#5713 = EDGE_LOOP('',(#5714));
#5714 = ORIENTED_EDGE('',*,*,#5627,.T.);
#5715 = ADVANCED_FACE('',(#5716,#5719),#5699,.F.);
#5716 = FACE_BOUND('',#5717,.F.);
#5717 = EDGE_LOOP('',(#5718));
#5718 = ORIENTED_EDGE('',*,*,#5684,.T.);
#5719 = FACE_BOUND('',#5720,.F.);
#5720 = EDGE_LOOP('',(#5721));
#5721 = ORIENTED_EDGE('',*,*,#5722,.F.);
#5722 = EDGE_CURVE('',#5723,#5723,#5725,.T.);
#5723 = VERTEX_POINT('',#5724);
#5724 = CARTESIAN_POINT('',(19.5,-3.673940397442E-16,117.));
#5725 = SURFACE_CURVE('',#5726,(#5731,#5738),.PCURVE_S1.);
#5726 = CIRCLE('',#5727,1.5);
#5727 = AXIS2_PLACEMENT_3D('',#5728,#5729,#5730);
#5728 = CARTESIAN_POINT('',(18.,0.,117.));
#5729 = DIRECTION('',(0.,0.,1.));
#5730 = DIRECTION('',(1.,0.,-0.));
#5731 = PCURVE('',#5699,#5732);
#5732 = DEFINITIONAL_REPRESENTATION('',(#5733),#5737);
#5733 = CIRCLE('',#5734,1.5);
#5734 = AXIS2_PLACEMENT_2D('',#5735,#5736);
#5735 = CARTESIAN_POINT('',(0.,0.));
#5736 = DIRECTION('',(1.,0.));
#5737 = ( GEOMETRIC_REPRESENTATION_CONTEXT(2) 
PARAMETRIC_REPRESENTATION_CONTEXT() REPRESENTATION_CONTEXT('2D SPACE',''
  ) );
#5738 = PCURVE('',#5739,#5744);
#5739 = CYLINDRICAL_SURFACE('',#5740,1.5);
#5740 = AXIS2_PLACEMENT_3D('',#5741,#5742,#5743);
#5741 = CARTESIAN_POINT('',(18.,0.,82.));
#5742 = DIRECTION('',(0.,0.,1.));
#5743 = DIRECTION('',(1.,0.,-0.));
#5744 = DEFINITIONAL_REPRESENTATION('',(#5745),#5749);
#5745 = LINE('',#5746,#5747);
#5746 = CARTESIAN_POINT('',(0.,35.));
#5747 = VECTOR('',#5748,1.);
#5748 = DIRECTION('',(1.,0.));
#5749 = ( GEOMETRIC_REPRESENTATION_CONTEXT(2) 
PARAMETRIC_REPRESENTATION_CONTEXT() REPRESENTATION_CONTEXT('2D SPACE',''
  ) );
#5750 = ADVANCED_FACE('',(#5751),#5739,.T.);
#5751 = FACE_BOUND('',#5752,.T.);
#5752 = EDGE_LOOP('',(#5753,#5754,#5777,#5804));
#5753 = ORIENTED_EDGE('',*,*,#5722,.F.);
#5754 = ORIENTED_EDGE('',*,*,#5755,.F.);
#5755 = EDGE_CURVE('',#5756,#5723,#5758,.T.);
#5756 = VERTEX_POINT('',#5757);
#5757 = CARTESIAN_POINT('',(19.5,-3.673940397442E-16,82.));
#5758 = SEAM_CURVE('',#5759,(#5763,#5770),.PCURVE_S1.);
#5759 = LINE('',#5760,#5761);
#5760 = CARTESIAN_POINT('',(19.5,-3.673940397442E-16,82.));
#5761 = VECTOR('',#5762,1.);
#5762 = DIRECTION('',(0.,0.,1.));
#5763 = PCURVE('',#5739,#5764);
#5764 = DEFINITIONAL_REPRESENTATION('',(#5765),#5769);
#5765 = LINE('',#5766,#5767);
#5766 = CARTESIAN_POINT('',(6.28318530718,-0.));
#5767 = VECTOR('',#5768,1.);
#5768 = DIRECTION('',(0.,1.));
#5769 = ( GEOMETRIC_REPRESENTATION_CONTEXT(2) 
PARAMETRIC_REPRESENTATION_CONTEXT() REPRESENTATION_CONTEXT('2D SPACE',''
  ) );
#5770 = PCURVE('',#5739,#5771);
#5771 = DEFINITIONAL_REPRESENTATION('',(#5772),#5776);
#5772 = LINE('',#5773,#5774);
#5773 = CARTESIAN_POINT('',(0.,-0.));
#5774 = VECTOR('',#5775,1.);
#5775 = DIRECTION('',(0.,1.));
#5776 = ( GEOMETRIC_REPRESENTATION_CONTEXT(2) 
PARAMETRIC_REPRESENTATION_CONTEXT() REPRESENTATION_CONTEXT('2D SPACE',''
  ) );
#5777 = ORIENTED_EDGE('',*,*,#5778,.T.);
#5778 = EDGE_CURVE('',#5756,#5756,#5779,.T.);
#5779 = SURFACE_CURVE('',#5780,(#5785,#5792),.PCURVE_S1.);
#5780 = CIRCLE('',#5781,1.5);
#5781 = AXIS2_PLACEMENT_3D('',#5782,#5783,#5784);
#5782 = CARTESIAN_POINT('',(18.,0.,82.));
#5783 = DIRECTION('',(0.,0.,1.));
#5784 = DIRECTION('',(1.,0.,-0.));
#5785 = PCURVE('',#5739,#5786);
#5786 = DEFINITIONAL_REPRESENTATION('',(#5787),#5791);
#5787 = LINE('',#5788,#5789);
#5788 = CARTESIAN_POINT('',(0.,0.));
#5789 = VECTOR('',#5790,1.);
#5790 = DIRECTION('',(1.,0.));
#5791 = ( GEOMETRIC_REPRESENTATION_CONTEXT(2) 
PARAMETRIC_REPRESENTATION_CONTEXT() REPRESENTATION_CONTEXT('2D SPACE',''
  ) );
#5792 = PCURVE('',#5793,#5798);
#5793 = PLANE('',#5794);
#5794 = AXIS2_PLACEMENT_3D('',#5795,#5796,#5797);
#5795 = CARTESIAN_POINT('',(18.,0.,82.));
#5796 = DIRECTION('',(0.,0.,1.));
#5797 = DIRECTION('',(1.,0.,-0.));
#5798 = DEFINITIONAL_REPRESENTATION('',(#5799),#5803);
#5799 = CIRCLE('',#5800,1.5);
#5800 = AXIS2_PLACEMENT_2D('',#5801,#5802);
#5801 = CARTESIAN_POINT('',(0.,0.));
#5802 = DIRECTION('',(1.,0.));
#5803 = ( GEOMETRIC_REPRESENTATION_CONTEXT(2) 
PARAMETRIC_REPRESENTATION_CONTEXT() REPRESENTATION_CONTEXT('2D SPACE',''
  ) );
#5804 = ORIENTED_EDGE('',*,*,#5755,.T.);
#5805 = ADVANCED_FACE('',(#5806),#5793,.F.);
#5806 = FACE_BOUND('',#5807,.T.);
#5807 = EDGE_LOOP('',(#5808));
#5808 = ORIENTED_EDGE('',*,*,#5778,.F.);
#5809 = ( GEOMETRIC_REPRESENTATION_CONTEXT(3) 
GLOBAL_UNCERTAINTY_ASSIGNED_CONTEXT((#5813)) 
GLOBAL_UNIT_ASSIGNED_CONTEXT((#5810,#5811,#5812)) REPRESENTATION_CONTEXT
('Context #1','3D Context with UNIT and UNCERTAINTY') );
#5810 = ( LENGTH_UNIT() NAMED_UNIT(*) SI_UNIT(.MILLI.,.METRE.) );
#5811 = ( NAMED_UNIT(*) PLANE_ANGLE_UNIT() SI_UNIT($,.RADIAN.) );
#5812 = ( NAMED_UNIT(*) SI_UNIT($,.STERADIAN.) SOLID_ANGLE_UNIT() );
#5813 = UNCERTAINTY_MEASURE_WITH_UNIT(LENGTH_MEASURE(1.E-07),#5810,
  'distance_accuracy_value','confusion accuracy');
#5814 = CONTEXT_DEPENDENT_SHAPE_REPRESENTATION(#5815,#5817);
#5815 = ( REPRESENTATION_RELATIONSHIP('','',#5620,#10) 
REPRESENTATION_RELATIONSHIP_WITH_TRANSFORMATION(#5816) 
SHAPE_REPRESENTATION_RELATIONSHIP() );
#5816 = ITEM_DEFINED_TRANSFORMATION('','',#11,#31);
#5817 = PRODUCT_DEFINITION_SHAPE('Placement','Placement of an item',
  #5818);
#5818 = NEXT_ASSEMBLY_USAGE_OCCURRENCE('5','cap_screw_0_1','',#5,#5615,$
  );
#5819 = PRODUCT_RELATED_PRODUCT_CATEGORY('part',$,(#5617));
#5820 = SHAPE_DEFINITION_REPRESENTATION(#5821,#5827);
#5821 = PRODUCT_DEFINITION_SHAPE('','',#5822);
#5822 = PRODUCT_DEFINITION('design','',#5823,#5826);
#5823 = PRODUCT_DEFINITION_FORMATION('','',#5824);
#5824 = PRODUCT('stand_2','stand_2','',(#5825));
#5825 = PRODUCT_CONTEXT('',#2,'mechanical');
#5826 = PRODUCT_DEFINITION_CONTEXT('part definition',#2,'design');
#5827 = ADVANCED_BREP_SHAPE_REPRESENTATION('',(#11,#5828),#9890);
#5828 = MANIFOLD_SOLID_BREP('',#5829);
#5829 = CLOSED_SHELL('',(#5830,#5950,#6940,#6990,#7044,#7377,#7404,#7431
    ,#7458,#7485,#7492,#7539,#7566,#7593,#7600,#7676,#8146,#8383,#8409,
    #8435,#8462,#8489,#8495,#8501,#8527,#8553,#8580,#8607,#8613,#8619,
    #8646,#8693,#8720,#8747,#8754,#8919,#8969,#9097,#9199,#9248,#9297,
    #9355,#9457,#9506,#9586,#9613,#9641,#9669,#9697,#9704,#9731,#9758,
    #9765,#9820,#9827,#9882,#9886));
#5830 = ADVANCED_FACE('',(#5831),#5845,.F.);
#5831 = FACE_BOUND('',#5832,.F.);
#5832 = EDGE_LOOP('',(#5833,#5868,#5896,#5924));
#5833 = ORIENTED_EDGE('',*,*,#5834,.F.);
#5834 = EDGE_CURVE('',#5835,#5837,#5839,.T.);
#5835 = VERTEX_POINT('',#5836);
#5836 = CARTESIAN_POINT('',(-45.,264.,8.));
#5837 = VERTEX_POINT('',#5838);
#5838 = CARTESIAN_POINT('',(-45.,316.,8.));
#5839 = SURFACE_CURVE('',#5840,(#5844,#5856),.PCURVE_S1.);
#5840 = LINE('',#5841,#5842);
#5841 = CARTESIAN_POINT('',(-45.,260.,8.));
#5842 = VECTOR('',#5843,1.);
#5843 = DIRECTION('',(0.,1.,0.));
#5844 = PCURVE('',#5845,#5850);
#5845 = PLANE('',#5846);
#5846 = AXIS2_PLACEMENT_3D('',#5847,#5848,#5849);
#5847 = CARTESIAN_POINT('',(-45.,260.,0.));
#5848 = DIRECTION('',(1.,0.,0.));
#5849 = DIRECTION('',(0.,0.,1.));
#5850 = DEFINITIONAL_REPRESENTATION('',(#5851),#5855);
#5851 = LINE('',#5852,#5853);
#5852 = CARTESIAN_POINT('',(8.,0.));
#5853 = VECTOR('',#5854,1.);
#5854 = DIRECTION('',(0.,-1.));
#5855 = ( GEOMETRIC_REPRESENTATION_CONTEXT(2) 
PARAMETRIC_REPRESENTATION_CONTEXT() REPRESENTATION_CONTEXT('2D SPACE',''
  ) );
#5856 = PCURVE('',#5857,#5862);
#5857 = PLANE('',#5858);
#5858 = AXIS2_PLACEMENT_3D('',#5859,#5860,#5861);
#5859 = CARTESIAN_POINT('',(-45.,260.,8.));
#5860 = DIRECTION('',(0.,0.,1.));
#5861 = DIRECTION('',(1.,0.,0.));
#5862 = DEFINITIONAL_REPRESENTATION('',(#5863),#5867);
#5863 = LINE('',#5864,#5865);
#5864 = CARTESIAN_POINT('',(0.,0.));
#5865 = VECTOR('',#5866,1.);
#5866 = DIRECTION('',(0.,1.));
#5867 = ( GEOMETRIC_REPRESENTATION_CONTEXT(2) 
PARAMETRIC_REPRESENTATION_CONTEXT() REPRESENTATION_CONTEXT('2D SPACE',''
  ) );
#5868 = ORIENTED_EDGE('',*,*,#5869,.F.);
#5869 = EDGE_CURVE('',#5870,#5835,#5872,.T.);
#5870 = VERTEX_POINT('',#5871);
#5871 = CARTESIAN_POINT('',(-45.,264.,0.));
#5872 = SURFACE_CURVE('',#5873,(#5877,#5884),.PCURVE_S1.);
#5873 = LINE('',#5874,#5875);
#5874 = CARTESIAN_POINT('',(-45.,264.,0.));
#5875 = VECTOR('',#5876,1.);
#5876 = DIRECTION('',(0.,0.,1.));
#5877 = PCURVE('',#5845,#5878);
#5878 = DEFINITIONAL_REPRESENTATION('',(#5879),#5883);
#5879 = LINE('',#5880,#5881);
#5880 = CARTESIAN_POINT('',(0.,-4.));
#5881 = VECTOR('',#5882,1.);
#5882 = DIRECTION('',(1.,0.));
#5883 = ( GEOMETRIC_REPRESENTATION_CONTEXT(2) 
PARAMETRIC_REPRESENTATION_CONTEXT() REPRESENTATION_CONTEXT('2D SPACE',''
  ) );
#5884 = PCURVE('',#5885,#5890);
#5885 = CYLINDRICAL_SURFACE('',#5886,4.);
#5886 = AXIS2_PLACEMENT_3D('',#5887,#5888,#5889);
#5887 = CARTESIAN_POINT('',(-41.,264.,0.));
#5888 = DIRECTION('',(0.,0.,1.));
#5889 = DIRECTION('',(-1.,-0.,0.));
#5890 = DEFINITIONAL_REPRESENTATION('',(#5891),#5895);
#5891 = LINE('',#5892,#5893);
#5892 = CARTESIAN_POINT('',(0.,0.));
#5893 = VECTOR('',#5894,1.);
#5894 = DIRECTION('',(0.,1.));
#5895 = ( GEOMETRIC_REPRESENTATION_CONTEXT(2) 
PARAMETRIC_REPRESENTATION_CONTEXT() REPRESENTATION_CONTEXT('2D SPACE',''
  ) );
#5896 = ORIENTED_EDGE('',*,*,#5897,.T.);
#5897 = EDGE_CURVE('',#5870,#5898,#5900,.T.);
#5898 = VERTEX_POINT('',#5899);
#5899 = CARTESIAN_POINT('',(-45.,316.,0.));
#5900 = SURFACE_CURVE('',#5901,(#5905,#5912),.PCURVE_S1.);
#5901 = LINE('',#5902,#5903);
#5902 = CARTESIAN_POINT('',(-45.,260.,0.));
#5903 = VECTOR('',#5904,1.);
#5904 = DIRECTION('',(0.,1.,0.));
#5905 = PCURVE('',#5845,#5906);
#5906 = DEFINITIONAL_REPRESENTATION('',(#5907),#5911);
#5907 = LINE('',#5908,#5909);
#5908 = CARTESIAN_POINT('',(0.,0.));
#5909 = VECTOR('',#5910,1.);
#5910 = DIRECTION('',(0.,-1.));
#5911 = ( GEOMETRIC_REPRESENTATION_CONTEXT(2) 
PARAMETRIC_REPRESENTATION_CONTEXT() REPRESENTATION_CONTEXT('2D SPACE',''
  ) );
#5912 = PCURVE('',#5913,#5918);
#5913 = PLANE('',#5914);
#5914 = AXIS2_PLACEMENT_3D('',#5915,#5916,#5917);
#5915 = CARTESIAN_POINT('',(-45.,260.,0.));
#5916 = DIRECTION('',(0.,0.,1.));
#5917 = DIRECTION('',(1.,0.,0.));
#5918 = DEFINITIONAL_REPRESENTATION('',(#5919),#5923);
#5919 = LINE('',#5920,#5921);
#5920 = CARTESIAN_POINT('',(0.,0.));
#5921 = VECTOR('',#5922,1.);
#5922 = DIRECTION('',(0.,1.));
#5923 = ( GEOMETRIC_REPRESENTATION_CONTEXT(2) 
PARAMETRIC_REPRESENTATION_CONTEXT() REPRESENTATION_CONTEXT('2D SPACE',''
  ) );
#5924 = ORIENTED_EDGE('',*,*,#5925,.T.);
#5925 = EDGE_CURVE('',#5898,#5837,#5926,.T.);
#5926 = SURFACE_CURVE('',#5927,(#5931,#5938),.PCURVE_S1.);
#5927 = LINE('',#5928,#5929);
#5928 = CARTESIAN_POINT('',(-45.,316.,0.));
#5929 = VECTOR('',#5930,1.);
#5930 = DIRECTION('',(0.,0.,1.));
#5931 = PCURVE('',#5845,#5932);
#5932 = DEFINITIONAL_REPRESENTATION('',(#5933),#5937);
#5933 = LINE('',#5934,#5935);
#5934 = CARTESIAN_POINT('',(0.,-56.));
#5935 = VECTOR('',#5936,1.);
#5936 = DIRECTION('',(1.,0.));
#5937 = ( GEOMETRIC_REPRESENTATION_CONTEXT(2) 
PARAMETRIC_REPRESENTATION_CONTEXT() REPRESENTATION_CONTEXT('2D SPACE',''
  ) );
#5938 = PCURVE('',#5939,#5944);
#5939 = CYLINDRICAL_SURFACE('',#5940,4.);
#5940 = AXIS2_PLACEMENT_3D('',#5941,#5942,#5943);
#5941 = CARTESIAN_POINT('',(-41.,316.,0.));
#5942 = DIRECTION('',(0.,0.,1.));
#5943 = DIRECTION('',(-1.,-0.,0.));
#5944 = DEFINITIONAL_REPRESENTATION('',(#5945),#5949);
#5945 = LINE('',#5946,#5947);
#5946 = CARTESIAN_POINT('',(-0.,0.));
#5947 = VECTOR('',#5948,1.);
#5948 = DIRECTION('',(-0.,1.));
#5949 = ( GEOMETRIC_REPRESENTATION_CONTEXT(2) 
PARAMETRIC_REPRESENTATION_CONTEXT() REPRESENTATION_CONTEXT('2D SPACE',''
  ) );
#5950 = ADVANCED_FACE('',(#5951,#6150,#6274,#6816),#5857,.T.);
#5951 = FACE_BOUND('',#5952,.T.);
#5952 = EDGE_LOOP('',(#5953,#5954,#5978,#6006,#6039,#6067,#6096,#6124));
#5953 = ORIENTED_EDGE('',*,*,#5834,.F.);
#5954 = ORIENTED_EDGE('',*,*,#5955,.T.);
#5955 = EDGE_CURVE('',#5835,#5956,#5958,.T.);
#5956 = VERTEX_POINT('',#5957);
#5957 = CARTESIAN_POINT('',(-41.,260.,8.));
#5958 = SURFACE_CURVE('',#5959,(#5964,#5971),.PCURVE_S1.);
#5959 = CIRCLE('',#5960,4.);
#5960 = AXIS2_PLACEMENT_3D('',#5961,#5962,#5963);
#5961 = CARTESIAN_POINT('',(-41.,264.,8.));
#5962 = DIRECTION('',(0.,0.,1.));
#5963 = DIRECTION('',(0.,-1.,0.));
#5964 = PCURVE('',#5857,#5965);
#5965 = DEFINITIONAL_REPRESENTATION('',(#5966),#5970);
#5966 = CIRCLE('',#5967,4.);
#5967 = AXIS2_PLACEMENT_2D('',#5968,#5969);
#5968 = CARTESIAN_POINT('',(4.,4.));
#5969 = DIRECTION('',(0.,-1.));
#5970 = ( GEOMETRIC_REPRESENTATION_CONTEXT(2) 
PARAMETRIC_REPRESENTATION_CONTEXT() REPRESENTATION_CONTEXT('2D SPACE',''
  ) );
#5971 = PCURVE('',#5885,#5972);
#5972 = DEFINITIONAL_REPRESENTATION('',(#5973),#5977);
#5973 = LINE('',#5974,#5975);
#5974 = CARTESIAN_POINT('',(-4.712388980385,8.));
#5975 = VECTOR('',#5976,1.);
#5976 = DIRECTION('',(1.,0.));
#5977 = ( GEOMETRIC_REPRESENTATION_CONTEXT(2) 
PARAMETRIC_REPRESENTATION_CONTEXT() REPRESENTATION_CONTEXT('2D SPACE',''
  ) );
#5978 = ORIENTED_EDGE('',*,*,#5979,.T.);
#5979 = EDGE_CURVE('',#5956,#5980,#5982,.T.);
#5980 = VERTEX_POINT('',#5981);
#5981 = CARTESIAN_POINT('',(41.,260.,8.));
#5982 = SURFACE_CURVE('',#5983,(#5987,#5994),.PCURVE_S1.);
#5983 = LINE('',#5984,#5985);
#5984 = CARTESIAN_POINT('',(-45.,260.,8.));
#5985 = VECTOR('',#5986,1.);
#5986 = DIRECTION('',(1.,0.,0.));
#5987 = PCURVE('',#5857,#5988);
#5988 = DEFINITIONAL_REPRESENTATION('',(#5989),#5993);
#5989 = LINE('',#5990,#5991);
#5990 = CARTESIAN_POINT('',(0.,0.));
#5991 = VECTOR('',#5992,1.);
#5992 = DIRECTION('',(1.,0.));
#5993 = ( GEOMETRIC_REPRESENTATION_CONTEXT(2) 
PARAMETRIC_REPRESENTATION_CONTEXT() REPRESENTATION_CONTEXT('2D SPACE',''
  ) );
#5994 = PCURVE('',#5995,#6000);
#5995 = PLANE('',#5996);
#5996 = AXIS2_PLACEMENT_3D('',#5997,#5998,#5999);
#5997 = CARTESIAN_POINT('',(-45.,260.,0.));
#5998 = DIRECTION('',(0.,1.,0.));
#5999 = DIRECTION('',(0.,0.,1.));
#6000 = DEFINITIONAL_REPRESENTATION('',(#6001),#6005);
#6001 = LINE('',#6002,#6003);
#6002 = CARTESIAN_POINT('',(8.,0.));
#6003 = VECTOR('',#6004,1.);
#6004 = DIRECTION('',(0.,1.));
#6005 = ( GEOMETRIC_REPRESENTATION_CONTEXT(2) 
PARAMETRIC_REPRESENTATION_CONTEXT() REPRESENTATION_CONTEXT('2D SPACE',''
  ) );
#6006 = ORIENTED_EDGE('',*,*,#6007,.F.);
#6007 = EDGE_CURVE('',#6008,#5980,#6010,.T.);
#6008 = VERTEX_POINT('',#6009);
#6009 = CARTESIAN_POINT('',(45.,264.,8.));
#6010 = SURFACE_CURVE('',#6011,(#6016,#6027),.PCURVE_S1.);
#6011 = CIRCLE('',#6012,4.);
#6012 = AXIS2_PLACEMENT_3D('',#6013,#6014,#6015);
#6013 = CARTESIAN_POINT('',(41.,264.,8.));
#6014 = DIRECTION('',(-0.,-0.,-1.));
#6015 = DIRECTION('',(0.,-1.,0.));
#6016 = PCURVE('',#5857,#6017);
#6017 = DEFINITIONAL_REPRESENTATION('',(#6018),#6026);
#6018 = ( BOUNDED_CURVE() B_SPLINE_CURVE(2,(#6019,#6020,#6021,#6022,
#6023,#6024,#6025),.UNSPECIFIED.,.T.,.F.) B_SPLINE_CURVE_WITH_KNOTS((1,2
    ,2,2,2,1),(-2.094395102393,0.,2.094395102393,4.188790204786,
6.28318530718,8.377580409573),.UNSPECIFIED.) CURVE() 
GEOMETRIC_REPRESENTATION_ITEM() RATIONAL_B_SPLINE_CURVE((1.,0.5,1.,0.5,
1.,0.5,1.)) REPRESENTATION_ITEM('') );
#6019 = CARTESIAN_POINT('',(86.,0.));
#6020 = CARTESIAN_POINT('',(79.071796769725,0.));
#6021 = CARTESIAN_POINT('',(82.535898384862,6.));
#6022 = CARTESIAN_POINT('',(86.,12.));
#6023 = CARTESIAN_POINT('',(89.464101615138,6.));
#6024 = CARTESIAN_POINT('',(92.928203230276,6.217248937901E-15));
#6025 = CARTESIAN_POINT('',(86.,0.));
#6026 = ( GEOMETRIC_REPRESENTATION_CONTEXT(2) 
PARAMETRIC_REPRESENTATION_CONTEXT() REPRESENTATION_CONTEXT('2D SPACE',''
  ) );
#6027 = PCURVE('',#6028,#6033);
#6028 = CYLINDRICAL_SURFACE('',#6029,4.);
#6029 = AXIS2_PLACEMENT_3D('',#6030,#6031,#6032);
#6030 = CARTESIAN_POINT('',(41.,264.,0.));
#6031 = DIRECTION('',(0.,0.,1.));
#6032 = DIRECTION('',(1.,0.,-0.));
#6033 = DEFINITIONAL_REPRESENTATION('',(#6034),#6038);
#6034 = LINE('',#6035,#6036);
#6035 = CARTESIAN_POINT('',(4.712388980385,8.));
#6036 = VECTOR('',#6037,1.);
#6037 = DIRECTION('',(-1.,0.));
#6038 = ( GEOMETRIC_REPRESENTATION_CONTEXT(2) 
PARAMETRIC_REPRESENTATION_CONTEXT() REPRESENTATION_CONTEXT('2D SPACE',''
  ) );
#6039 = ORIENTED_EDGE('',*,*,#6040,.T.);
#6040 = EDGE_CURVE('',#6008,#6041,#6043,.T.);
#6041 = VERTEX_POINT('',#6042);
#6042 = CARTESIAN_POINT('',(45.,316.,8.));
#6043 = SURFACE_CURVE('',#6044,(#6048,#6055),.PCURVE_S1.);
#6044 = LINE('',#6045,#6046);
#6045 = CARTESIAN_POINT('',(45.,260.,8.));
#6046 = VECTOR('',#6047,1.);
#6047 = DIRECTION('',(0.,1.,0.));
#6048 = PCURVE('',#5857,#6049);
#6049 = DEFINITIONAL_REPRESENTATION('',(#6050),#6054);
#6050 = LINE('',#6051,#6052);
#6051 = CARTESIAN_POINT('',(90.,0.));
#6052 = VECTOR('',#6053,1.);
#6053 = DIRECTION('',(0.,1.));
#6054 = ( GEOMETRIC_REPRESENTATION_CONTEXT(2) 
PARAMETRIC_REPRESENTATION_CONTEXT() REPRESENTATION_CONTEXT('2D SPACE',''
  ) );
#6055 = PCURVE('',#6056,#6061);
#6056 = PLANE('',#6057);
#6057 = AXIS2_PLACEMENT_3D('',#6058,#6059,#6060);
#6058 = CARTESIAN_POINT('',(45.,260.,0.));
#6059 = DIRECTION('',(1.,0.,0.));
#6060 = DIRECTION('',(0.,0.,1.));
#6061 = DEFINITIONAL_REPRESENTATION('',(#6062),#6066);
#6062 = LINE('',#6063,#6064);
#6063 = CARTESIAN_POINT('',(8.,0.));
#6064 = VECTOR('',#6065,1.);
#6065 = DIRECTION('',(0.,-1.));
#6066 = ( GEOMETRIC_REPRESENTATION_CONTEXT(2) 
PARAMETRIC_REPRESENTATION_CONTEXT() REPRESENTATION_CONTEXT('2D SPACE',''
  ) );
#6067 = ORIENTED_EDGE('',*,*,#6068,.T.);
#6068 = EDGE_CURVE('',#6041,#6069,#6071,.T.);
#6069 = VERTEX_POINT('',#6070);
#6070 = CARTESIAN_POINT('',(41.,320.,8.));
#6071 = SURFACE_CURVE('',#6072,(#6077,#6084),.PCURVE_S1.);
#6072 = CIRCLE('',#6073,4.);
#6073 = AXIS2_PLACEMENT_3D('',#6074,#6075,#6076);
#6074 = CARTESIAN_POINT('',(41.,316.,8.));
#6075 = DIRECTION('',(0.,0.,1.));
#6076 = DIRECTION('',(0.,-1.,0.));
#6077 = PCURVE('',#5857,#6078);
#6078 = DEFINITIONAL_REPRESENTATION('',(#6079),#6083);
#6079 = CIRCLE('',#6080,4.);
#6080 = AXIS2_PLACEMENT_2D('',#6081,#6082);
#6081 = CARTESIAN_POINT('',(86.,56.));
#6082 = DIRECTION('',(0.,-1.));
#6083 = ( GEOMETRIC_REPRESENTATION_CONTEXT(2) 
PARAMETRIC_REPRESENTATION_CONTEXT() REPRESENTATION_CONTEXT('2D SPACE',''
  ) );
#6084 = PCURVE('',#6085,#6090);
#6085 = CYLINDRICAL_SURFACE('',#6086,4.);
#6086 = AXIS2_PLACEMENT_3D('',#6087,#6088,#6089);
#6087 = CARTESIAN_POINT('',(41.,316.,0.));
#6088 = DIRECTION('',(0.,0.,1.));
#6089 = DIRECTION('',(1.,0.,-0.));
#6090 = DEFINITIONAL_REPRESENTATION('',(#6091),#6095);
#6091 = LINE('',#6092,#6093);
#6092 = CARTESIAN_POINT('',(-1.570796326795,8.));
#6093 = VECTOR('',#6094,1.);
#6094 = DIRECTION('',(1.,0.));
#6095 = ( GEOMETRIC_REPRESENTATION_CONTEXT(2) 
PARAMETRIC_REPRESENTATION_CONTEXT() REPRESENTATION_CONTEXT('2D SPACE',''
  ) );
#6096 = ORIENTED_EDGE('',*,*,#6097,.F.);
#6097 = EDGE_CURVE('',#6098,#6069,#6100,.T.);
#6098 = VERTEX_POINT('',#6099);
#6099 = CARTESIAN_POINT('',(-41.,320.,8.));
#6100 = SURFACE_CURVE('',#6101,(#6105,#6112),.PCURVE_S1.);
#6101 = LINE('',#6102,#6103);
#6102 = CARTESIAN_POINT('',(-45.,320.,8.));
#6103 = VECTOR('',#6104,1.);
#6104 = DIRECTION('',(1.,0.,0.));
#6105 = PCURVE('',#5857,#6106);
#6106 = DEFINITIONAL_REPRESENTATION('',(#6107),#6111);
#6107 = LINE('',#6108,#6109);
#6108 = CARTESIAN_POINT('',(0.,60.));
#6109 = VECTOR('',#6110,1.);
#6110 = DIRECTION('',(1.,0.));
#6111 = ( GEOMETRIC_REPRESENTATION_CONTEXT(2) 
PARAMETRIC_REPRESENTATION_CONTEXT() REPRESENTATION_CONTEXT('2D SPACE',''
  ) );
#6112 = PCURVE('',#6113,#6118);
#6113 = PLANE('',#6114);
#6114 = AXIS2_PLACEMENT_3D('',#6115,#6116,#6117);
#6115 = CARTESIAN_POINT('',(-45.,320.,0.));
#6116 = DIRECTION('',(0.,1.,0.));
#6117 = DIRECTION('',(0.,0.,1.));
#6118 = DEFINITIONAL_REPRESENTATION('',(#6119),#6123);
#6119 = LINE('',#6120,#6121);
#6120 = CARTESIAN_POINT('',(8.,0.));
#6121 = VECTOR('',#6122,1.);
#6122 = DIRECTION('',(0.,1.));
#6123 = ( GEOMETRIC_REPRESENTATION_CONTEXT(2) 
PARAMETRIC_REPRESENTATION_CONTEXT() REPRESENTATION_CONTEXT('2D SPACE',''
  ) );
#6124 = ORIENTED_EDGE('',*,*,#6125,.F.);
#6125 = EDGE_CURVE('',#5837,#6098,#6126,.T.);
#6126 = SURFACE_CURVE('',#6127,(#6132,#6143),.PCURVE_S1.);
#6127 = CIRCLE('',#6128,4.);
#6128 = AXIS2_PLACEMENT_3D('',#6129,#6130,#6131);
#6129 = CARTESIAN_POINT('',(-41.,316.,8.));
#6130 = DIRECTION('',(-0.,-0.,-1.));
#6131 = DIRECTION('',(0.,-1.,0.));
#6132 = PCURVE('',#5857,#6133);
#6133 = DEFINITIONAL_REPRESENTATION('',(#6134),#6142);
#6134 = ( BOUNDED_CURVE() B_SPLINE_CURVE(2,(#6135,#6136,#6137,#6138,
#6139,#6140,#6141),.UNSPECIFIED.,.T.,.F.) B_SPLINE_CURVE_WITH_KNOTS((1,2
    ,2,2,2,1),(-2.094395102393,0.,2.094395102393,4.188790204786,
6.28318530718,8.377580409573),.UNSPECIFIED.) CURVE() 
GEOMETRIC_REPRESENTATION_ITEM() RATIONAL_B_SPLINE_CURVE((1.,0.5,1.,0.5,
1.,0.5,1.)) REPRESENTATION_ITEM('') );
#6135 = CARTESIAN_POINT('',(4.,52.));
#6136 = CARTESIAN_POINT('',(-2.928203230276,52.));
#6137 = CARTESIAN_POINT('',(0.535898384862,58.));
#6138 = CARTESIAN_POINT('',(4.,64.));
#6139 = CARTESIAN_POINT('',(7.464101615138,58.));
#6140 = CARTESIAN_POINT('',(10.928203230276,52.));
#6141 = CARTESIAN_POINT('',(4.,52.));
#6142 = ( GEOMETRIC_REPRESENTATION_CONTEXT(2) 
PARAMETRIC_REPRESENTATION_CONTEXT() REPRESENTATION_CONTEXT('2D SPACE',''
  ) );
#6143 = PCURVE('',#5939,#6144);
#6144 = DEFINITIONAL_REPRESENTATION('',(#6145),#6149);
#6145 = LINE('',#6146,#6147);
#6146 = CARTESIAN_POINT('',(1.570796326795,8.));
#6147 = VECTOR('',#6148,1.);
#6148 = DIRECTION('',(-1.,0.));
#6149 = ( GEOMETRIC_REPRESENTATION_CONTEXT(2) 
PARAMETRIC_REPRESENTATION_CONTEXT() REPRESENTATION_CONTEXT('2D SPACE',''
  ) );
#6150 = FACE_BOUND('',#6151,.T.);
#6151 = EDGE_LOOP('',(#6152,#6182,#6215,#6243));
#6152 = ORIENTED_EDGE('',*,*,#6153,.F.);
#6153 = EDGE_CURVE('',#6154,#6156,#6158,.T.);
#6154 = VERTEX_POINT('',#6155);
#6155 = CARTESIAN_POINT('',(-36.75,298.25,8.));
#6156 = VERTEX_POINT('',#6157);
#6157 = CARTESIAN_POINT('',(-36.75,281.75,8.));
#6158 = SURFACE_CURVE('',#6159,(#6163,#6170),.PCURVE_S1.);
#6159 = LINE('',#6160,#6161);
#6160 = CARTESIAN_POINT('',(-36.75,270.875,8.));
#6161 = VECTOR('',#6162,1.);
#6162 = DIRECTION('',(-1.110223024625E-16,-1.,0.));
#6163 = PCURVE('',#5857,#6164);
#6164 = DEFINITIONAL_REPRESENTATION('',(#6165),#6169);
#6165 = LINE('',#6166,#6167);
#6166 = CARTESIAN_POINT('',(8.25,10.875));
#6167 = VECTOR('',#6168,1.);
#6168 = DIRECTION('',(-1.110223024625E-16,-1.));
#6169 = ( GEOMETRIC_REPRESENTATION_CONTEXT(2) 
PARAMETRIC_REPRESENTATION_CONTEXT() REPRESENTATION_CONTEXT('2D SPACE',''
  ) );
#6170 = PCURVE('',#6171,#6176);
#6171 = PLANE('',#6172);
#6172 = AXIS2_PLACEMENT_3D('',#6173,#6174,#6175);
#6173 = CARTESIAN_POINT('',(-36.75,281.75,0.));
#6174 = DIRECTION('',(-1.,1.110223024625E-16,0.));
#6175 = DIRECTION('',(1.110223024625E-16,1.,0.));
#6176 = DEFINITIONAL_REPRESENTATION('',(#6177),#6181);
#6177 = LINE('',#6178,#6179);
#6178 = CARTESIAN_POINT('',(-10.875,-8.));
#6179 = VECTOR('',#6180,1.);
#6180 = DIRECTION('',(-1.,-0.));
#6181 = ( GEOMETRIC_REPRESENTATION_CONTEXT(2) 
PARAMETRIC_REPRESENTATION_CONTEXT() REPRESENTATION_CONTEXT('2D SPACE',''
  ) );
#6182 = ORIENTED_EDGE('',*,*,#6183,.T.);
#6183 = EDGE_CURVE('',#6154,#6184,#6186,.T.);
#6184 = VERTEX_POINT('',#6185);
#6185 = CARTESIAN_POINT('',(-31.25,298.25,8.));
#6186 = SURFACE_CURVE('',#6187,(#6192,#6203),.PCURVE_S1.);
#6187 = CIRCLE('',#6188,2.75);
#6188 = AXIS2_PLACEMENT_3D('',#6189,#6190,#6191);
#6189 = CARTESIAN_POINT('',(-34.,298.25,8.));
#6190 = DIRECTION('',(0.,0.,-1.));
#6191 = DIRECTION('',(-1.,1.110223024625E-16,0.));
#6192 = PCURVE('',#5857,#6193);
#6193 = DEFINITIONAL_REPRESENTATION('',(#6194),#6202);
#6194 = ( BOUNDED_CURVE() B_SPLINE_CURVE(2,(#6195,#6196,#6197,#6198,
#6199,#6200,#6201),.UNSPECIFIED.,.T.,.F.) B_SPLINE_CURVE_WITH_KNOTS((1,2
    ,2,2,2,1),(-2.094395102393,0.,2.094395102393,4.188790204786,
6.28318530718,8.377580409573),.UNSPECIFIED.) CURVE() 
GEOMETRIC_REPRESENTATION_ITEM() RATIONAL_B_SPLINE_CURVE((1.,0.5,1.,0.5,
1.,0.5,1.)) REPRESENTATION_ITEM('') );
#6195 = CARTESIAN_POINT('',(8.25,38.25));
#6196 = CARTESIAN_POINT('',(8.25,43.013139720814));
#6197 = CARTESIAN_POINT('',(12.375,40.631569860407));
#6198 = CARTESIAN_POINT('',(16.5,38.25));
#6199 = CARTESIAN_POINT('',(12.375,35.868430139593));
#6200 = CARTESIAN_POINT('',(8.25,33.486860279186));
#6201 = CARTESIAN_POINT('',(8.25,38.25));
#6202 = ( GEOMETRIC_REPRESENTATION_CONTEXT(2) 
PARAMETRIC_REPRESENTATION_CONTEXT() REPRESENTATION_CONTEXT('2D SPACE',''
  ) );
#6203 = PCURVE('',#6204,#6209);
#6204 = CYLINDRICAL_SURFACE('',#6205,2.75);
#6205 = AXIS2_PLACEMENT_3D('',#6206,#6207,#6208);
#6206 = CARTESIAN_POINT('',(-34.,298.25,0.));
#6207 = DIRECTION('',(0.,0.,-1.));
#6208 = DIRECTION('',(-1.,1.110223024625E-16,0.));
#6209 = DEFINITIONAL_REPRESENTATION('',(#6210),#6214);
#6210 = LINE('',#6211,#6212);
#6211 = CARTESIAN_POINT('',(0.,-8.));
#6212 = VECTOR('',#6213,1.);
#6213 = DIRECTION('',(1.,0.));
#6214 = ( GEOMETRIC_REPRESENTATION_CONTEXT(2) 
PARAMETRIC_REPRESENTATION_CONTEXT() REPRESENTATION_CONTEXT('2D SPACE',''
  ) );
#6215 = ORIENTED_EDGE('',*,*,#6216,.F.);
#6216 = EDGE_CURVE('',#6217,#6184,#6219,.T.);
#6217 = VERTEX_POINT('',#6218);
#6218 = CARTESIAN_POINT('',(-31.25,281.75,8.));
#6219 = SURFACE_CURVE('',#6220,(#6224,#6231),.PCURVE_S1.);
#6220 = LINE('',#6221,#6222);
#6221 = CARTESIAN_POINT('',(-31.25,279.125,8.));
#6222 = VECTOR('',#6223,1.);
#6223 = DIRECTION('',(1.110223024625E-16,1.,-0.));
#6224 = PCURVE('',#5857,#6225);
#6225 = DEFINITIONAL_REPRESENTATION('',(#6226),#6230);
#6226 = LINE('',#6227,#6228);
#6227 = CARTESIAN_POINT('',(13.75,19.125));
#6228 = VECTOR('',#6229,1.);
#6229 = DIRECTION('',(1.110223024625E-16,1.));
#6230 = ( GEOMETRIC_REPRESENTATION_CONTEXT(2) 
PARAMETRIC_REPRESENTATION_CONTEXT() REPRESENTATION_CONTEXT('2D SPACE',''
  ) );
#6231 = PCURVE('',#6232,#6237);
#6232 = PLANE('',#6233);
#6233 = AXIS2_PLACEMENT_3D('',#6234,#6235,#6236);
#6234 = CARTESIAN_POINT('',(-31.25,298.25,0.));
#6235 = DIRECTION('',(1.,-1.110223024625E-16,0.));
#6236 = DIRECTION('',(-1.110223024625E-16,-1.,0.));
#6237 = DEFINITIONAL_REPRESENTATION('',(#6238),#6242);
#6238 = LINE('',#6239,#6240);
#6239 = CARTESIAN_POINT('',(19.125,-8.));
#6240 = VECTOR('',#6241,1.);
#6241 = DIRECTION('',(-1.,0.));
#6242 = ( GEOMETRIC_REPRESENTATION_CONTEXT(2) 
PARAMETRIC_REPRESENTATION_CONTEXT() REPRESENTATION_CONTEXT('2D SPACE',''
  ) );
#6243 = ORIENTED_EDGE('',*,*,#6244,.T.);
#6244 = EDGE_CURVE('',#6217,#6156,#6245,.T.);
#6245 = SURFACE_CURVE('',#6246,(#6251,#6262),.PCURVE_S1.);
#6246 = CIRCLE('',#6247,2.75);
#6247 = AXIS2_PLACEMENT_3D('',#6248,#6249,#6250);
#6248 = CARTESIAN_POINT('',(-34.,281.75,8.));
#6249 = DIRECTION('',(0.,-0.,-1.));
#6250 = DIRECTION('',(1.,-1.110223024625E-16,0.));
#6251 = PCURVE('',#5857,#6252);
#6252 = DEFINITIONAL_REPRESENTATION('',(#6253),#6261);
#6253 = ( BOUNDED_CURVE() B_SPLINE_CURVE(2,(#6254,#6255,#6256,#6257,
#6258,#6259,#6260),.UNSPECIFIED.,.T.,.F.) B_SPLINE_CURVE_WITH_KNOTS((1,2
    ,2,2,2,1),(-2.094395102393,0.,2.094395102393,4.188790204786,
6.28318530718,8.377580409573),.UNSPECIFIED.) CURVE() 
GEOMETRIC_REPRESENTATION_ITEM() RATIONAL_B_SPLINE_CURVE((1.,0.5,1.,0.5,
1.,0.5,1.)) REPRESENTATION_ITEM('') );
#6254 = CARTESIAN_POINT('',(13.75,21.75));
#6255 = CARTESIAN_POINT('',(13.75,16.986860279186));
#6256 = CARTESIAN_POINT('',(9.625,19.368430139593));
#6257 = CARTESIAN_POINT('',(5.5,21.75));
#6258 = CARTESIAN_POINT('',(9.625,24.131569860407));
#6259 = CARTESIAN_POINT('',(13.75,26.513139720814));
#6260 = CARTESIAN_POINT('',(13.75,21.75));
#6261 = ( GEOMETRIC_REPRESENTATION_CONTEXT(2) 
PARAMETRIC_REPRESENTATION_CONTEXT() REPRESENTATION_CONTEXT('2D SPACE',''
  ) );
#6262 = PCURVE('',#6263,#6268);
#6263 = CYLINDRICAL_SURFACE('',#6264,2.75);
#6264 = AXIS2_PLACEMENT_3D('',#6265,#6266,#6267);
#6265 = CARTESIAN_POINT('',(-34.,281.75,0.));
#6266 = DIRECTION('',(0.,-0.,-1.));
#6267 = DIRECTION('',(1.,-1.110223024625E-16,0.));
#6268 = DEFINITIONAL_REPRESENTATION('',(#6269),#6273);
#6269 = LINE('',#6270,#6271);
#6270 = CARTESIAN_POINT('',(0.,-8.));
#6271 = VECTOR('',#6272,1.);
#6272 = DIRECTION('',(1.,0.));
#6273 = ( GEOMETRIC_REPRESENTATION_CONTEXT(2) 
PARAMETRIC_REPRESENTATION_CONTEXT() REPRESENTATION_CONTEXT('2D SPACE',''
  ) );
#6274 = FACE_BOUND('',#6275,.T.);
#6275 = EDGE_LOOP('',(#6276,#6306,#6334,#6362,#6390,#6418,#6441,#6469,
    #6497,#6525,#6548,#6576,#6604,#6632,#6660,#6688,#6711,#6739,#6767,
    #6795));
#6276 = ORIENTED_EDGE('',*,*,#6277,.F.);
#6277 = EDGE_CURVE('',#6278,#6280,#6282,.T.);
#6278 = VERTEX_POINT('',#6279);
#6279 = CARTESIAN_POINT('',(24.,284.,8.));
#6280 = VERTEX_POINT('',#6281);
#6281 = CARTESIAN_POINT('',(24.,296.,8.));
#6282 = SURFACE_CURVE('',#6283,(#6287,#6294),.PCURVE_S1.);
#6283 = LINE('',#6284,#6285);
#6284 = CARTESIAN_POINT('',(24.,272.,8.));
#6285 = VECTOR('',#6286,1.);
#6286 = DIRECTION('',(0.,1.,0.));
#6287 = PCURVE('',#5857,#6288);
#6288 = DEFINITIONAL_REPRESENTATION('',(#6289),#6293);
#6289 = LINE('',#6290,#6291);
#6290 = CARTESIAN_POINT('',(69.,12.));
#6291 = VECTOR('',#6292,1.);
#6292 = DIRECTION('',(0.,1.));
#6293 = ( GEOMETRIC_REPRESENTATION_CONTEXT(2) 
PARAMETRIC_REPRESENTATION_CONTEXT() REPRESENTATION_CONTEXT('2D SPACE',''
  ) );
#6294 = PCURVE('',#6295,#6300);
#6295 = PLANE('',#6296);
#6296 = AXIS2_PLACEMENT_3D('',#6297,#6298,#6299);
#6297 = CARTESIAN_POINT('',(24.,284.,0.));
#6298 = DIRECTION('',(1.,0.,0.));
#6299 = DIRECTION('',(0.,0.,1.));
#6300 = DEFINITIONAL_REPRESENTATION('',(#6301),#6305);
#6301 = LINE('',#6302,#6303);
#6302 = CARTESIAN_POINT('',(8.,12.));
#6303 = VECTOR('',#6304,1.);
#6304 = DIRECTION('',(0.,-1.));
#6305 = ( GEOMETRIC_REPRESENTATION_CONTEXT(2) 
PARAMETRIC_REPRESENTATION_CONTEXT() REPRESENTATION_CONTEXT('2D SPACE',''
  ) );
#6306 = ORIENTED_EDGE('',*,*,#6307,.T.);
#6307 = EDGE_CURVE('',#6278,#6308,#6310,.T.);
#6308 = VERTEX_POINT('',#6309);
#6309 = CARTESIAN_POINT('',(21.,284.,8.));
#6310 = SURFACE_CURVE('',#6311,(#6315,#6322),.PCURVE_S1.);
#6311 = LINE('',#6312,#6313);
#6312 = CARTESIAN_POINT('',(-34.5,284.,8.));
#6313 = VECTOR('',#6314,1.);
#6314 = DIRECTION('',(-1.,0.,0.));
#6315 = PCURVE('',#5857,#6316);
#6316 = DEFINITIONAL_REPRESENTATION('',(#6317),#6321);
#6317 = LINE('',#6318,#6319);
#6318 = CARTESIAN_POINT('',(10.5,24.));
#6319 = VECTOR('',#6320,1.);
#6320 = DIRECTION('',(-1.,0.));
#6321 = ( GEOMETRIC_REPRESENTATION_CONTEXT(2) 
PARAMETRIC_REPRESENTATION_CONTEXT() REPRESENTATION_CONTEXT('2D SPACE',''
  ) );
#6322 = PCURVE('',#6323,#6328);
#6323 = PLANE('',#6324);
#6324 = AXIS2_PLACEMENT_3D('',#6325,#6326,#6327);
#6325 = CARTESIAN_POINT('',(-24.,284.,0.));
#6326 = DIRECTION('',(0.,1.,0.));
#6327 = DIRECTION('',(0.,0.,1.));
#6328 = DEFINITIONAL_REPRESENTATION('',(#6329),#6333);
#6329 = LINE('',#6330,#6331);
#6330 = CARTESIAN_POINT('',(8.,-10.5));
#6331 = VECTOR('',#6332,1.);
#6332 = DIRECTION('',(0.,-1.));
#6333 = ( GEOMETRIC_REPRESENTATION_CONTEXT(2) 
PARAMETRIC_REPRESENTATION_CONTEXT() REPRESENTATION_CONTEXT('2D SPACE',''
  ) );
#6334 = ORIENTED_EDGE('',*,*,#6335,.T.);
#6335 = EDGE_CURVE('',#6308,#6336,#6338,.T.);
#6336 = VERTEX_POINT('',#6337);
#6337 = CARTESIAN_POINT('',(21.,262.,8.));
#6338 = SURFACE_CURVE('',#6339,(#6343,#6350),.PCURVE_S1.);
#6339 = LINE('',#6340,#6341);
#6340 = CARTESIAN_POINT('',(21.,284.,8.));
#6341 = VECTOR('',#6342,1.);
#6342 = DIRECTION('',(0.,-1.,0.));
#6343 = PCURVE('',#5857,#6344);
#6344 = DEFINITIONAL_REPRESENTATION('',(#6345),#6349);
#6345 = LINE('',#6346,#6347);
#6346 = CARTESIAN_POINT('',(66.,24.));
#6347 = VECTOR('',#6348,1.);
#6348 = DIRECTION('',(0.,-1.));
#6349 = ( GEOMETRIC_REPRESENTATION_CONTEXT(2) 
PARAMETRIC_REPRESENTATION_CONTEXT() REPRESENTATION_CONTEXT('2D SPACE',''
  ) );
#6350 = PCURVE('',#6351,#6356);
#6351 = PLANE('',#6352);
#6352 = AXIS2_PLACEMENT_3D('',#6353,#6354,#6355);
#6353 = CARTESIAN_POINT('',(21.,277.62012478773,36.879875212264));
#6354 = DIRECTION('',(-1.,-0.,-0.));
#6355 = DIRECTION('',(0.,0.,-1.));
#6356 = DEFINITIONAL_REPRESENTATION('',(#6357),#6361);
#6357 = LINE('',#6358,#6359);
#6358 = CARTESIAN_POINT('',(28.879875212264,-6.379875212264));
#6359 = VECTOR('',#6360,1.);
#6360 = DIRECTION('',(0.,1.));
#6361 = ( GEOMETRIC_REPRESENTATION_CONTEXT(2) 
PARAMETRIC_REPRESENTATION_CONTEXT() REPRESENTATION_CONTEXT('2D SPACE',''
  ) );
#6362 = ORIENTED_EDGE('',*,*,#6363,.F.);
#6363 = EDGE_CURVE('',#6364,#6336,#6366,.T.);
#6364 = VERTEX_POINT('',#6365);
#6365 = CARTESIAN_POINT('',(15.,262.,8.));
#6366 = SURFACE_CURVE('',#6367,(#6371,#6378),.PCURVE_S1.);
#6367 = LINE('',#6368,#6369);
#6368 = CARTESIAN_POINT('',(15.,262.,8.));
#6369 = VECTOR('',#6370,1.);
#6370 = DIRECTION('',(1.,0.,0.));
#6371 = PCURVE('',#5857,#6372);
#6372 = DEFINITIONAL_REPRESENTATION('',(#6373),#6377);
#6373 = LINE('',#6374,#6375);
#6374 = CARTESIAN_POINT('',(60.,2.));
#6375 = VECTOR('',#6376,1.);
#6376 = DIRECTION('',(1.,0.));
#6377 = ( GEOMETRIC_REPRESENTATION_CONTEXT(2) 
PARAMETRIC_REPRESENTATION_CONTEXT() REPRESENTATION_CONTEXT('2D SPACE',''
  ) );
#6378 = PCURVE('',#6379,#6384);
#6379 = PLANE('',#6380);
#6380 = AXIS2_PLACEMENT_3D('',#6381,#6382,#6383);
#6381 = CARTESIAN_POINT('',(15.,262.,8.));
#6382 = DIRECTION('',(0.,-0.950091807136,0.311970444134));
#6383 = DIRECTION('',(0.,0.311970444134,0.950091807136));
#6384 = DEFINITIONAL_REPRESENTATION('',(#6385),#6389);
#6385 = LINE('',#6386,#6387);
#6386 = CARTESIAN_POINT('',(0.,0.));
#6387 = VECTOR('',#6388,1.);
#6388 = DIRECTION('',(0.,-1.));
#6389 = ( GEOMETRIC_REPRESENTATION_CONTEXT(2) 
PARAMETRIC_REPRESENTATION_CONTEXT() REPRESENTATION_CONTEXT('2D SPACE',''
  ) );
#6390 = ORIENTED_EDGE('',*,*,#6391,.F.);
#6391 = EDGE_CURVE('',#6392,#6364,#6394,.T.);
#6392 = VERTEX_POINT('',#6393);
#6393 = CARTESIAN_POINT('',(15.,284.,8.));
#6394 = SURFACE_CURVE('',#6395,(#6399,#6406),.PCURVE_S1.);
#6395 = LINE('',#6396,#6397);
#6396 = CARTESIAN_POINT('',(15.,284.,8.));
#6397 = VECTOR('',#6398,1.);
#6398 = DIRECTION('',(0.,-1.,0.));
#6399 = PCURVE('',#5857,#6400);
#6400 = DEFINITIONAL_REPRESENTATION('',(#6401),#6405);
#6401 = LINE('',#6402,#6403);
#6402 = CARTESIAN_POINT('',(60.,24.));
#6403 = VECTOR('',#6404,1.);
#6404 = DIRECTION('',(0.,-1.));
#6405 = ( GEOMETRIC_REPRESENTATION_CONTEXT(2) 
PARAMETRIC_REPRESENTATION_CONTEXT() REPRESENTATION_CONTEXT('2D SPACE',''
  ) );
#6406 = PCURVE('',#6407,#6412);
#6407 = PLANE('',#6408);
#6408 = AXIS2_PLACEMENT_3D('',#6409,#6410,#6411);
#6409 = CARTESIAN_POINT('',(15.,277.62012478773,36.879875212264));
#6410 = DIRECTION('',(-1.,-0.,-0.));
#6411 = DIRECTION('',(0.,0.,-1.));
#6412 = DEFINITIONAL_REPRESENTATION('',(#6413),#6417);
#6413 = LINE('',#6414,#6415);
#6414 = CARTESIAN_POINT('',(28.879875212264,-6.379875212264));
#6415 = VECTOR('',#6416,1.);
#6416 = DIRECTION('',(0.,1.));
#6417 = ( GEOMETRIC_REPRESENTATION_CONTEXT(2) 
PARAMETRIC_REPRESENTATION_CONTEXT() REPRESENTATION_CONTEXT('2D SPACE',''
  ) );
#6418 = ORIENTED_EDGE('',*,*,#6419,.T.);
#6419 = EDGE_CURVE('',#6392,#6420,#6422,.T.);
#6420 = VERTEX_POINT('',#6421);
#6421 = CARTESIAN_POINT('',(-15.,284.,8.));
#6422 = SURFACE_CURVE('',#6423,(#6427,#6434),.PCURVE_S1.);
#6423 = LINE('',#6424,#6425);
#6424 = CARTESIAN_POINT('',(-34.5,284.,8.));
#6425 = VECTOR('',#6426,1.);
#6426 = DIRECTION('',(-1.,0.,0.));
#6427 = PCURVE('',#5857,#6428);
#6428 = DEFINITIONAL_REPRESENTATION('',(#6429),#6433);
#6429 = LINE('',#6430,#6431);
#6430 = CARTESIAN_POINT('',(10.5,24.));
#6431 = VECTOR('',#6432,1.);
#6432 = DIRECTION('',(-1.,0.));
#6433 = ( GEOMETRIC_REPRESENTATION_CONTEXT(2) 
PARAMETRIC_REPRESENTATION_CONTEXT() REPRESENTATION_CONTEXT('2D SPACE',''
  ) );
#6434 = PCURVE('',#6323,#6435);
#6435 = DEFINITIONAL_REPRESENTATION('',(#6436),#6440);
#6436 = LINE('',#6437,#6438);
#6437 = CARTESIAN_POINT('',(8.,-10.5));
#6438 = VECTOR('',#6439,1.);
#6439 = DIRECTION('',(0.,-1.));
#6440 = ( GEOMETRIC_REPRESENTATION_CONTEXT(2) 
PARAMETRIC_REPRESENTATION_CONTEXT() REPRESENTATION_CONTEXT('2D SPACE',''
  ) );
#6441 = ORIENTED_EDGE('',*,*,#6442,.T.);
#6442 = EDGE_CURVE('',#6420,#6443,#6445,.T.);
#6443 = VERTEX_POINT('',#6444);
#6444 = CARTESIAN_POINT('',(-15.,262.,8.));
#6445 = SURFACE_CURVE('',#6446,(#6450,#6457),.PCURVE_S1.);
#6446 = LINE('',#6447,#6448);
#6447 = CARTESIAN_POINT('',(-15.,284.,8.));
#6448 = VECTOR('',#6449,1.);
#6449 = DIRECTION('',(0.,-1.,0.));
#6450 = PCURVE('',#5857,#6451);
#6451 = DEFINITIONAL_REPRESENTATION('',(#6452),#6456);
#6452 = LINE('',#6453,#6454);
#6453 = CARTESIAN_POINT('',(30.,24.));
#6454 = VECTOR('',#6455,1.);
#6455 = DIRECTION('',(0.,-1.));
#6456 = ( GEOMETRIC_REPRESENTATION_CONTEXT(2) 
PARAMETRIC_REPRESENTATION_CONTEXT() REPRESENTATION_CONTEXT('2D SPACE',''
  ) );
#6457 = PCURVE('',#6458,#6463);
#6458 = PLANE('',#6459);
#6459 = AXIS2_PLACEMENT_3D('',#6460,#6461,#6462);
#6460 = CARTESIAN_POINT('',(-15.,277.62012478773,36.879875212264));
#6461 = DIRECTION('',(-1.,-0.,-0.));
#6462 = DIRECTION('',(0.,0.,-1.));
#6463 = DEFINITIONAL_REPRESENTATION('',(#6464),#6468);
#6464 = LINE('',#6465,#6466);
#6465 = CARTESIAN_POINT('',(28.879875212264,-6.379875212264));
#6466 = VECTOR('',#6467,1.);
#6467 = DIRECTION('',(0.,1.));
#6468 = ( GEOMETRIC_REPRESENTATION_CONTEXT(2) 
PARAMETRIC_REPRESENTATION_CONTEXT() REPRESENTATION_CONTEXT('2D SPACE',''
  ) );
#6469 = ORIENTED_EDGE('',*,*,#6470,.F.);
#6470 = EDGE_CURVE('',#6471,#6443,#6473,.T.);
#6471 = VERTEX_POINT('',#6472);
#6472 = CARTESIAN_POINT('',(-21.,262.,8.));
#6473 = SURFACE_CURVE('',#6474,(#6478,#6485),.PCURVE_S1.);
#6474 = LINE('',#6475,#6476);
#6475 = CARTESIAN_POINT('',(-21.,262.,8.));
#6476 = VECTOR('',#6477,1.);
#6477 = DIRECTION('',(1.,0.,0.));
#6478 = PCURVE('',#5857,#6479);
#6479 = DEFINITIONAL_REPRESENTATION('',(#6480),#6484);
#6480 = LINE('',#6481,#6482);
#6481 = CARTESIAN_POINT('',(24.,2.));
#6482 = VECTOR('',#6483,1.);
#6483 = DIRECTION('',(1.,0.));
#6484 = ( GEOMETRIC_REPRESENTATION_CONTEXT(2) 
PARAMETRIC_REPRESENTATION_CONTEXT() REPRESENTATION_CONTEXT('2D SPACE',''
  ) );
#6485 = PCURVE('',#6486,#6491);
#6486 = PLANE('',#6487);
#6487 = AXIS2_PLACEMENT_3D('',#6488,#6489,#6490);
#6488 = CARTESIAN_POINT('',(-21.,262.,8.));
#6489 = DIRECTION('',(0.,-0.950091807136,0.311970444134));
#6490 = DIRECTION('',(0.,0.311970444134,0.950091807136));
#6491 = DEFINITIONAL_REPRESENTATION('',(#6492),#6496);
#6492 = LINE('',#6493,#6494);
#6493 = CARTESIAN_POINT('',(0.,0.));
#6494 = VECTOR('',#6495,1.);
#6495 = DIRECTION('',(0.,-1.));
#6496 = ( GEOMETRIC_REPRESENTATION_CONTEXT(2) 
PARAMETRIC_REPRESENTATION_CONTEXT() REPRESENTATION_CONTEXT('2D SPACE',''
  ) );
#6497 = ORIENTED_EDGE('',*,*,#6498,.F.);
#6498 = EDGE_CURVE('',#6499,#6471,#6501,.T.);
#6499 = VERTEX_POINT('',#6500);
#6500 = CARTESIAN_POINT('',(-21.,284.,8.));
#6501 = SURFACE_CURVE('',#6502,(#6506,#6513),.PCURVE_S1.);
#6502 = LINE('',#6503,#6504);
#6503 = CARTESIAN_POINT('',(-21.,284.,8.));
#6504 = VECTOR('',#6505,1.);
#6505 = DIRECTION('',(0.,-1.,0.));
#6506 = PCURVE('',#5857,#6507);
#6507 = DEFINITIONAL_REPRESENTATION('',(#6508),#6512);
#6508 = LINE('',#6509,#6510);
#6509 = CARTESIAN_POINT('',(24.,24.));
#6510 = VECTOR('',#6511,1.);
#6511 = DIRECTION('',(0.,-1.));
#6512 = ( GEOMETRIC_REPRESENTATION_CONTEXT(2) 
PARAMETRIC_REPRESENTATION_CONTEXT() REPRESENTATION_CONTEXT('2D SPACE',''
  ) );
#6513 = PCURVE('',#6514,#6519);
#6514 = PLANE('',#6515);
#6515 = AXIS2_PLACEMENT_3D('',#6516,#6517,#6518);
#6516 = CARTESIAN_POINT('',(-21.,277.62012478773,36.879875212264));
#6517 = DIRECTION('',(-1.,-0.,-0.));
#6518 = DIRECTION('',(0.,0.,-1.));
#6519 = DEFINITIONAL_REPRESENTATION('',(#6520),#6524);
#6520 = LINE('',#6521,#6522);
#6521 = CARTESIAN_POINT('',(28.879875212264,-6.379875212264));
#6522 = VECTOR('',#6523,1.);
#6523 = DIRECTION('',(0.,1.));
#6524 = ( GEOMETRIC_REPRESENTATION_CONTEXT(2) 
PARAMETRIC_REPRESENTATION_CONTEXT() REPRESENTATION_CONTEXT('2D SPACE',''
  ) );
#6525 = ORIENTED_EDGE('',*,*,#6526,.T.);
#6526 = EDGE_CURVE('',#6499,#6527,#6529,.T.);
#6527 = VERTEX_POINT('',#6528);
#6528 = CARTESIAN_POINT('',(-24.,284.,8.));
#6529 = SURFACE_CURVE('',#6530,(#6534,#6541),.PCURVE_S1.);
#6530 = LINE('',#6531,#6532);
#6531 = CARTESIAN_POINT('',(-34.5,284.,8.));
#6532 = VECTOR('',#6533,1.);
#6533 = DIRECTION('',(-1.,0.,0.));
#6534 = PCURVE('',#5857,#6535);
#6535 = DEFINITIONAL_REPRESENTATION('',(#6536),#6540);
#6536 = LINE('',#6537,#6538);
#6537 = CARTESIAN_POINT('',(10.5,24.));
#6538 = VECTOR('',#6539,1.);
#6539 = DIRECTION('',(-1.,0.));
#6540 = ( GEOMETRIC_REPRESENTATION_CONTEXT(2) 
PARAMETRIC_REPRESENTATION_CONTEXT() REPRESENTATION_CONTEXT('2D SPACE',''
  ) );
#6541 = PCURVE('',#6323,#6542);
#6542 = DEFINITIONAL_REPRESENTATION('',(#6543),#6547);
#6543 = LINE('',#6544,#6545);
#6544 = CARTESIAN_POINT('',(8.,-10.5));
#6545 = VECTOR('',#6546,1.);
#6546 = DIRECTION('',(0.,-1.));
#6547 = ( GEOMETRIC_REPRESENTATION_CONTEXT(2) 
PARAMETRIC_REPRESENTATION_CONTEXT() REPRESENTATION_CONTEXT('2D SPACE',''
  ) );
#6548 = ORIENTED_EDGE('',*,*,#6549,.T.);
#6549 = EDGE_CURVE('',#6527,#6550,#6552,.T.);
#6550 = VERTEX_POINT('',#6551);
#6551 = CARTESIAN_POINT('',(-24.,296.,8.));
#6552 = SURFACE_CURVE('',#6553,(#6557,#6564),.PCURVE_S1.);
#6553 = LINE('',#6554,#6555);
#6554 = CARTESIAN_POINT('',(-24.,272.,8.));
#6555 = VECTOR('',#6556,1.);
#6556 = DIRECTION('',(0.,1.,0.));
#6557 = PCURVE('',#5857,#6558);
#6558 = DEFINITIONAL_REPRESENTATION('',(#6559),#6563);
#6559 = LINE('',#6560,#6561);
#6560 = CARTESIAN_POINT('',(21.,12.));
#6561 = VECTOR('',#6562,1.);
#6562 = DIRECTION('',(0.,1.));
#6563 = ( GEOMETRIC_REPRESENTATION_CONTEXT(2) 
PARAMETRIC_REPRESENTATION_CONTEXT() REPRESENTATION_CONTEXT('2D SPACE',''
  ) );
#6564 = PCURVE('',#6565,#6570);
#6565 = PLANE('',#6566);
#6566 = AXIS2_PLACEMENT_3D('',#6567,#6568,#6569);
#6567 = CARTESIAN_POINT('',(-24.,284.,0.));
#6568 = DIRECTION('',(1.,0.,0.));
#6569 = DIRECTION('',(0.,0.,1.));
#6570 = DEFINITIONAL_REPRESENTATION('',(#6571),#6575);
#6571 = LINE('',#6572,#6573);
#6572 = CARTESIAN_POINT('',(8.,12.));
#6573 = VECTOR('',#6574,1.);
#6574 = DIRECTION('',(0.,-1.));
#6575 = ( GEOMETRIC_REPRESENTATION_CONTEXT(2) 
PARAMETRIC_REPRESENTATION_CONTEXT() REPRESENTATION_CONTEXT('2D SPACE',''
  ) );
#6576 = ORIENTED_EDGE('',*,*,#6577,.F.);
#6577 = EDGE_CURVE('',#6578,#6550,#6580,.T.);
#6578 = VERTEX_POINT('',#6579);
#6579 = CARTESIAN_POINT('',(-21.,296.,8.));
#6580 = SURFACE_CURVE('',#6581,(#6585,#6592),.PCURVE_S1.);
#6581 = LINE('',#6582,#6583);
#6582 = CARTESIAN_POINT('',(-34.5,296.,8.));
#6583 = VECTOR('',#6584,1.);
#6584 = DIRECTION('',(-1.,0.,0.));
#6585 = PCURVE('',#5857,#6586);
#6586 = DEFINITIONAL_REPRESENTATION('',(#6587),#6591);
#6587 = LINE('',#6588,#6589);
#6588 = CARTESIAN_POINT('',(10.5,36.));
#6589 = VECTOR('',#6590,1.);
#6590 = DIRECTION('',(-1.,0.));
#6591 = ( GEOMETRIC_REPRESENTATION_CONTEXT(2) 
PARAMETRIC_REPRESENTATION_CONTEXT() REPRESENTATION_CONTEXT('2D SPACE',''
  ) );
#6592 = PCURVE('',#6593,#6598);
#6593 = PLANE('',#6594);
#6594 = AXIS2_PLACEMENT_3D('',#6595,#6596,#6597);
#6595 = CARTESIAN_POINT('',(-24.,296.,0.));
#6596 = DIRECTION('',(0.,1.,0.));
#6597 = DIRECTION('',(0.,0.,1.));
#6598 = DEFINITIONAL_REPRESENTATION('',(#6599),#6603);
#6599 = LINE('',#6600,#6601);
#6600 = CARTESIAN_POINT('',(8.,-10.5));
#6601 = VECTOR('',#6602,1.);
#6602 = DIRECTION('',(0.,-1.));
#6603 = ( GEOMETRIC_REPRESENTATION_CONTEXT(2) 
PARAMETRIC_REPRESENTATION_CONTEXT() REPRESENTATION_CONTEXT('2D SPACE',''
  ) );
#6604 = ORIENTED_EDGE('',*,*,#6605,.T.);
#6605 = EDGE_CURVE('',#6578,#6606,#6608,.T.);
#6606 = VERTEX_POINT('',#6607);
#6607 = CARTESIAN_POINT('',(-21.,318.,8.));
#6608 = SURFACE_CURVE('',#6609,(#6613,#6620),.PCURVE_S1.);
#6609 = LINE('',#6610,#6611);
#6610 = CARTESIAN_POINT('',(-21.,296.,8.));
#6611 = VECTOR('',#6612,1.);
#6612 = DIRECTION('',(0.,1.,0.));
#6613 = PCURVE('',#5857,#6614);
#6614 = DEFINITIONAL_REPRESENTATION('',(#6615),#6619);
#6615 = LINE('',#6616,#6617);
#6616 = CARTESIAN_POINT('',(24.,36.));
#6617 = VECTOR('',#6618,1.);
#6618 = DIRECTION('',(0.,1.));
#6619 = ( GEOMETRIC_REPRESENTATION_CONTEXT(2) 
PARAMETRIC_REPRESENTATION_CONTEXT() REPRESENTATION_CONTEXT('2D SPACE',''
  ) );
#6620 = PCURVE('',#6621,#6626);
#6621 = PLANE('',#6622);
#6622 = AXIS2_PLACEMENT_3D('',#6623,#6624,#6625);
#6623 = CARTESIAN_POINT('',(-21.,302.37987521226,36.879875212264));
#6624 = DIRECTION('',(1.,0.,0.));
#6625 = DIRECTION('',(-0.,0.,1.));
#6626 = DEFINITIONAL_REPRESENTATION('',(#6627),#6631);
#6627 = LINE('',#6628,#6629);
#6628 = CARTESIAN_POINT('',(-28.87987521226,6.379875212264));
#6629 = VECTOR('',#6630,1.);
#6630 = DIRECTION('',(0.,-1.));
#6631 = ( GEOMETRIC_REPRESENTATION_CONTEXT(2) 
PARAMETRIC_REPRESENTATION_CONTEXT() REPRESENTATION_CONTEXT('2D SPACE',''
  ) );
#6632 = ORIENTED_EDGE('',*,*,#6633,.T.);
#6633 = EDGE_CURVE('',#6606,#6634,#6636,.T.);
#6634 = VERTEX_POINT('',#6635);
#6635 = CARTESIAN_POINT('',(-15.,318.,8.));
#6636 = SURFACE_CURVE('',#6637,(#6641,#6648),.PCURVE_S1.);
#6637 = LINE('',#6638,#6639);
#6638 = CARTESIAN_POINT('',(-21.,318.,8.));
#6639 = VECTOR('',#6640,1.);
#6640 = DIRECTION('',(1.,0.,0.));
#6641 = PCURVE('',#5857,#6642);
#6642 = DEFINITIONAL_REPRESENTATION('',(#6643),#6647);
#6643 = LINE('',#6644,#6645);
#6644 = CARTESIAN_POINT('',(24.,58.));
#6645 = VECTOR('',#6646,1.);
#6646 = DIRECTION('',(1.,0.));
#6647 = ( GEOMETRIC_REPRESENTATION_CONTEXT(2) 
PARAMETRIC_REPRESENTATION_CONTEXT() REPRESENTATION_CONTEXT('2D SPACE',''
  ) );
#6648 = PCURVE('',#6649,#6654);
#6649 = PLANE('',#6650);
#6650 = AXIS2_PLACEMENT_3D('',#6651,#6652,#6653);
#6651 = CARTESIAN_POINT('',(-21.,318.,8.));
#6652 = DIRECTION('',(0.,-0.950091807136,-0.311970444134));
#6653 = DIRECTION('',(0.,-0.311970444134,0.950091807136));
#6654 = DEFINITIONAL_REPRESENTATION('',(#6655),#6659);
#6655 = LINE('',#6656,#6657);
#6656 = CARTESIAN_POINT('',(0.,0.));
#6657 = VECTOR('',#6658,1.);
#6658 = DIRECTION('',(0.,-1.));
#6659 = ( GEOMETRIC_REPRESENTATION_CONTEXT(2) 
PARAMETRIC_REPRESENTATION_CONTEXT() REPRESENTATION_CONTEXT('2D SPACE',''
  ) );
#6660 = ORIENTED_EDGE('',*,*,#6661,.F.);
#6661 = EDGE_CURVE('',#6662,#6634,#6664,.T.);
#6662 = VERTEX_POINT('',#6663);
#6663 = CARTESIAN_POINT('',(-15.,296.,8.));
#6664 = SURFACE_CURVE('',#6665,(#6669,#6676),.PCURVE_S1.);
#6665 = LINE('',#6666,#6667);
#6666 = CARTESIAN_POINT('',(-15.,296.,8.));
#6667 = VECTOR('',#6668,1.);
#6668 = DIRECTION('',(0.,1.,0.));
#6669 = PCURVE('',#5857,#6670);
#6670 = DEFINITIONAL_REPRESENTATION('',(#6671),#6675);
#6671 = LINE('',#6672,#6673);
#6672 = CARTESIAN_POINT('',(30.,36.));
#6673 = VECTOR('',#6674,1.);
#6674 = DIRECTION('',(0.,1.));
#6675 = ( GEOMETRIC_REPRESENTATION_CONTEXT(2) 
PARAMETRIC_REPRESENTATION_CONTEXT() REPRESENTATION_CONTEXT('2D SPACE',''
  ) );
#6676 = PCURVE('',#6677,#6682);
#6677 = PLANE('',#6678);
#6678 = AXIS2_PLACEMENT_3D('',#6679,#6680,#6681);
#6679 = CARTESIAN_POINT('',(-15.,302.37987521226,36.879875212264));
#6680 = DIRECTION('',(1.,0.,0.));
#6681 = DIRECTION('',(-0.,0.,1.));
#6682 = DEFINITIONAL_REPRESENTATION('',(#6683),#6687);
#6683 = LINE('',#6684,#6685);
#6684 = CARTESIAN_POINT('',(-28.87987521226,6.379875212264));
#6685 = VECTOR('',#6686,1.);
#6686 = DIRECTION('',(0.,-1.));
#6687 = ( GEOMETRIC_REPRESENTATION_CONTEXT(2) 
PARAMETRIC_REPRESENTATION_CONTEXT() REPRESENTATION_CONTEXT('2D SPACE',''
  ) );
#6688 = ORIENTED_EDGE('',*,*,#6689,.F.);
#6689 = EDGE_CURVE('',#6690,#6662,#6692,.T.);
#6690 = VERTEX_POINT('',#6691);
#6691 = CARTESIAN_POINT('',(15.,296.,8.));
#6692 = SURFACE_CURVE('',#6693,(#6697,#6704),.PCURVE_S1.);
#6693 = LINE('',#6694,#6695);
#6694 = CARTESIAN_POINT('',(-34.5,296.,8.));
#6695 = VECTOR('',#6696,1.);
#6696 = DIRECTION('',(-1.,0.,0.));
#6697 = PCURVE('',#5857,#6698);
#6698 = DEFINITIONAL_REPRESENTATION('',(#6699),#6703);
#6699 = LINE('',#6700,#6701);
#6700 = CARTESIAN_POINT('',(10.5,36.));
#6701 = VECTOR('',#6702,1.);
#6702 = DIRECTION('',(-1.,0.));
#6703 = ( GEOMETRIC_REPRESENTATION_CONTEXT(2) 
PARAMETRIC_REPRESENTATION_CONTEXT() REPRESENTATION_CONTEXT('2D SPACE',''
  ) );
#6704 = PCURVE('',#6593,#6705);
#6705 = DEFINITIONAL_REPRESENTATION('',(#6706),#6710);
#6706 = LINE('',#6707,#6708);
#6707 = CARTESIAN_POINT('',(8.,-10.5));
#6708 = VECTOR('',#6709,1.);
#6709 = DIRECTION('',(0.,-1.));
#6710 = ( GEOMETRIC_REPRESENTATION_CONTEXT(2) 
PARAMETRIC_REPRESENTATION_CONTEXT() REPRESENTATION_CONTEXT('2D SPACE',''
  ) );
#6711 = ORIENTED_EDGE('',*,*,#6712,.T.);
#6712 = EDGE_CURVE('',#6690,#6713,#6715,.T.);
#6713 = VERTEX_POINT('',#6714);
#6714 = CARTESIAN_POINT('',(15.,318.,8.));
#6715 = SURFACE_CURVE('',#6716,(#6720,#6727),.PCURVE_S1.);
#6716 = LINE('',#6717,#6718);
#6717 = CARTESIAN_POINT('',(15.,296.,8.));
#6718 = VECTOR('',#6719,1.);
#6719 = DIRECTION('',(0.,1.,0.));
#6720 = PCURVE('',#5857,#6721);
#6721 = DEFINITIONAL_REPRESENTATION('',(#6722),#6726);
#6722 = LINE('',#6723,#6724);
#6723 = CARTESIAN_POINT('',(60.,36.));
#6724 = VECTOR('',#6725,1.);
#6725 = DIRECTION('',(0.,1.));
#6726 = ( GEOMETRIC_REPRESENTATION_CONTEXT(2) 
PARAMETRIC_REPRESENTATION_CONTEXT() REPRESENTATION_CONTEXT('2D SPACE',''
  ) );
#6727 = PCURVE('',#6728,#6733);
#6728 = PLANE('',#6729);
#6729 = AXIS2_PLACEMENT_3D('',#6730,#6731,#6732);
#6730 = CARTESIAN_POINT('',(15.,302.37987521226,36.879875212264));
#6731 = DIRECTION('',(1.,0.,0.));
#6732 = DIRECTION('',(-0.,0.,1.));
#6733 = DEFINITIONAL_REPRESENTATION('',(#6734),#6738);
#6734 = LINE('',#6735,#6736);
#6735 = CARTESIAN_POINT('',(-28.87987521226,6.379875212264));
#6736 = VECTOR('',#6737,1.);
#6737 = DIRECTION('',(0.,-1.));
#6738 = ( GEOMETRIC_REPRESENTATION_CONTEXT(2) 
PARAMETRIC_REPRESENTATION_CONTEXT() REPRESENTATION_CONTEXT('2D SPACE',''
  ) );
#6739 = ORIENTED_EDGE('',*,*,#6740,.T.);
#6740 = EDGE_CURVE('',#6713,#6741,#6743,.T.);
#6741 = VERTEX_POINT('',#6742);
#6742 = CARTESIAN_POINT('',(21.,318.,8.));
#6743 = SURFACE_CURVE('',#6744,(#6748,#6755),.PCURVE_S1.);
#6744 = LINE('',#6745,#6746);
#6745 = CARTESIAN_POINT('',(15.,318.,8.));
#6746 = VECTOR('',#6747,1.);
#6747 = DIRECTION('',(1.,0.,0.));
#6748 = PCURVE('',#5857,#6749);
#6749 = DEFINITIONAL_REPRESENTATION('',(#6750),#6754);
#6750 = LINE('',#6751,#6752);
#6751 = CARTESIAN_POINT('',(60.,58.));
#6752 = VECTOR('',#6753,1.);
#6753 = DIRECTION('',(1.,0.));
#6754 = ( GEOMETRIC_REPRESENTATION_CONTEXT(2) 
PARAMETRIC_REPRESENTATION_CONTEXT() REPRESENTATION_CONTEXT('2D SPACE',''
  ) );
#6755 = PCURVE('',#6756,#6761);
#6756 = PLANE('',#6757);
#6757 = AXIS2_PLACEMENT_3D('',#6758,#6759,#6760);
#6758 = CARTESIAN_POINT('',(15.,318.,8.));
#6759 = DIRECTION('',(0.,-0.950091807136,-0.311970444134));
#6760 = DIRECTION('',(0.,-0.311970444134,0.950091807136));
#6761 = DEFINITIONAL_REPRESENTATION('',(#6762),#6766);
#6762 = LINE('',#6763,#6764);
#6763 = CARTESIAN_POINT('',(0.,0.));
#6764 = VECTOR('',#6765,1.);
#6765 = DIRECTION('',(0.,-1.));
#6766 = ( GEOMETRIC_REPRESENTATION_CONTEXT(2) 
PARAMETRIC_REPRESENTATION_CONTEXT() REPRESENTATION_CONTEXT('2D SPACE',''
  ) );
#6767 = ORIENTED_EDGE('',*,*,#6768,.F.);
#6768 = EDGE_CURVE('',#6769,#6741,#6771,.T.);
#6769 = VERTEX_POINT('',#6770);
#6770 = CARTESIAN_POINT('',(21.,296.,8.));
#6771 = SURFACE_CURVE('',#6772,(#6776,#6783),.PCURVE_S1.);
#6772 = LINE('',#6773,#6774);
#6773 = CARTESIAN_POINT('',(21.,296.,8.));
#6774 = VECTOR('',#6775,1.);
#6775 = DIRECTION('',(0.,1.,0.));
#6776 = PCURVE('',#5857,#6777);
#6777 = DEFINITIONAL_REPRESENTATION('',(#6778),#6782);
#6778 = LINE('',#6779,#6780);
#6779 = CARTESIAN_POINT('',(66.,36.));
#6780 = VECTOR('',#6781,1.);
#6781 = DIRECTION('',(0.,1.));
#6782 = ( GEOMETRIC_REPRESENTATION_CONTEXT(2) 
PARAMETRIC_REPRESENTATION_CONTEXT() REPRESENTATION_CONTEXT('2D SPACE',''
  ) );
#6783 = PCURVE('',#6784,#6789);
#6784 = PLANE('',#6785);
#6785 = AXIS2_PLACEMENT_3D('',#6786,#6787,#6788);
#6786 = CARTESIAN_POINT('',(21.,302.37987521226,36.879875212264));
#6787 = DIRECTION('',(1.,0.,0.));
#6788 = DIRECTION('',(-0.,0.,1.));
#6789 = DEFINITIONAL_REPRESENTATION('',(#6790),#6794);
#6790 = LINE('',#6791,#6792);
#6791 = CARTESIAN_POINT('',(-28.87987521226,6.379875212264));
#6792 = VECTOR('',#6793,1.);
#6793 = DIRECTION('',(0.,-1.));
#6794 = ( GEOMETRIC_REPRESENTATION_CONTEXT(2) 
PARAMETRIC_REPRESENTATION_CONTEXT() REPRESENTATION_CONTEXT('2D SPACE',''
  ) );
#6795 = ORIENTED_EDGE('',*,*,#6796,.F.);
#6796 = EDGE_CURVE('',#6280,#6769,#6797,.T.);
#6797 = SURFACE_CURVE('',#6798,(#6802,#6809),.PCURVE_S1.);
#6798 = LINE('',#6799,#6800);
#6799 = CARTESIAN_POINT('',(-34.5,296.,8.));
#6800 = VECTOR('',#6801,1.);
#6801 = DIRECTION('',(-1.,0.,0.));
#6802 = PCURVE('',#5857,#6803);
#6803 = DEFINITIONAL_REPRESENTATION('',(#6804),#6808);
#6804 = LINE('',#6805,#6806);
#6805 = CARTESIAN_POINT('',(10.5,36.));
#6806 = VECTOR('',#6807,1.);
#6807 = DIRECTION('',(-1.,0.));
#6808 = ( GEOMETRIC_REPRESENTATION_CONTEXT(2) 
PARAMETRIC_REPRESENTATION_CONTEXT() REPRESENTATION_CONTEXT('2D SPACE',''
  ) );
#6809 = PCURVE('',#6593,#6810);
#6810 = DEFINITIONAL_REPRESENTATION('',(#6811),#6815);
#6811 = LINE('',#6812,#6813);
#6812 = CARTESIAN_POINT('',(8.,-10.5));
#6813 = VECTOR('',#6814,1.);
#6814 = DIRECTION('',(0.,-1.));
#6815 = ( GEOMETRIC_REPRESENTATION_CONTEXT(2) 
PARAMETRIC_REPRESENTATION_CONTEXT() REPRESENTATION_CONTEXT('2D SPACE',''
  ) );
#6816 = FACE_BOUND('',#6817,.T.);
#6817 = EDGE_LOOP('',(#6818,#6848,#6881,#6909));
#6818 = ORIENTED_EDGE('',*,*,#6819,.F.);
#6819 = EDGE_CURVE('',#6820,#6822,#6824,.T.);
#6820 = VERTEX_POINT('',#6821);
#6821 = CARTESIAN_POINT('',(31.25,298.25,8.));
#6822 = VERTEX_POINT('',#6823);
#6823 = CARTESIAN_POINT('',(31.25,281.75,8.));
#6824 = SURFACE_CURVE('',#6825,(#6829,#6836),.PCURVE_S1.);
#6825 = LINE('',#6826,#6827);
#6826 = CARTESIAN_POINT('',(31.25,270.875,8.));
#6827 = VECTOR('',#6828,1.);
#6828 = DIRECTION('',(-1.110223024625E-16,-1.,0.));
#6829 = PCURVE('',#5857,#6830);
#6830 = DEFINITIONAL_REPRESENTATION('',(#6831),#6835);
#6831 = LINE('',#6832,#6833);
#6832 = CARTESIAN_POINT('',(76.25,10.875));
#6833 = VECTOR('',#6834,1.);
#6834 = DIRECTION('',(-1.110223024625E-16,-1.));
#6835 = ( GEOMETRIC_REPRESENTATION_CONTEXT(2) 
PARAMETRIC_REPRESENTATION_CONTEXT() REPRESENTATION_CONTEXT('2D SPACE',''
  ) );
#6836 = PCURVE('',#6837,#6842);
#6837 = PLANE('',#6838);
#6838 = AXIS2_PLACEMENT_3D('',#6839,#6840,#6841);
#6839 = CARTESIAN_POINT('',(31.25,281.75,0.));
#6840 = DIRECTION('',(-1.,1.110223024625E-16,0.));
#6841 = DIRECTION('',(1.110223024625E-16,1.,0.));
#6842 = DEFINITIONAL_REPRESENTATION('',(#6843),#6847);
#6843 = LINE('',#6844,#6845);
#6844 = CARTESIAN_POINT('',(-10.875,-8.));
#6845 = VECTOR('',#6846,1.);
#6846 = DIRECTION('',(-1.,-0.));
#6847 = ( GEOMETRIC_REPRESENTATION_CONTEXT(2) 
PARAMETRIC_REPRESENTATION_CONTEXT() REPRESENTATION_CONTEXT('2D SPACE',''
  ) );
#6848 = ORIENTED_EDGE('',*,*,#6849,.T.);
#6849 = EDGE_CURVE('',#6820,#6850,#6852,.T.);
#6850 = VERTEX_POINT('',#6851);
#6851 = CARTESIAN_POINT('',(36.75,298.25,8.));
#6852 = SURFACE_CURVE('',#6853,(#6858,#6869),.PCURVE_S1.);
#6853 = CIRCLE('',#6854,2.75);
#6854 = AXIS2_PLACEMENT_3D('',#6855,#6856,#6857);
#6855 = CARTESIAN_POINT('',(34.,298.25,8.));
#6856 = DIRECTION('',(0.,0.,-1.));
#6857 = DIRECTION('',(-1.,1.110223024625E-16,0.));
#6858 = PCURVE('',#5857,#6859);
#6859 = DEFINITIONAL_REPRESENTATION('',(#6860),#6868);
#6860 = ( BOUNDED_CURVE() B_SPLINE_CURVE(2,(#6861,#6862,#6863,#6864,
#6865,#6866,#6867),.UNSPECIFIED.,.T.,.F.) B_SPLINE_CURVE_WITH_KNOTS((1,2
    ,2,2,2,1),(-2.094395102393,0.,2.094395102393,4.188790204786,
6.28318530718,8.377580409573),.UNSPECIFIED.) CURVE() 
GEOMETRIC_REPRESENTATION_ITEM() RATIONAL_B_SPLINE_CURVE((1.,0.5,1.,0.5,
1.,0.5,1.)) REPRESENTATION_ITEM('') );
#6861 = CARTESIAN_POINT('',(76.25,38.25));
#6862 = CARTESIAN_POINT('',(76.25,43.013139720814));
#6863 = CARTESIAN_POINT('',(80.375,40.631569860407));
#6864 = CARTESIAN_POINT('',(84.5,38.25));
#6865 = CARTESIAN_POINT('',(80.375,35.868430139593));
#6866 = CARTESIAN_POINT('',(76.25,33.486860279186));
#6867 = CARTESIAN_POINT('',(76.25,38.25));
#6868 = ( GEOMETRIC_REPRESENTATION_CONTEXT(2) 
PARAMETRIC_REPRESENTATION_CONTEXT() REPRESENTATION_CONTEXT('2D SPACE',''
  ) );
#6869 = PCURVE('',#6870,#6875);
#6870 = CYLINDRICAL_SURFACE('',#6871,2.75);
#6871 = AXIS2_PLACEMENT_3D('',#6872,#6873,#6874);
#6872 = CARTESIAN_POINT('',(34.,298.25,0.));
#6873 = DIRECTION('',(0.,0.,-1.));
#6874 = DIRECTION('',(-1.,1.110223024625E-16,0.));
#6875 = DEFINITIONAL_REPRESENTATION('',(#6876),#6880);
#6876 = LINE('',#6877,#6878);
#6877 = CARTESIAN_POINT('',(0.,-8.));
#6878 = VECTOR('',#6879,1.);
#6879 = DIRECTION('',(1.,0.));
#6880 = ( GEOMETRIC_REPRESENTATION_CONTEXT(2) 
PARAMETRIC_REPRESENTATION_CONTEXT() REPRESENTATION_CONTEXT('2D SPACE',''
  ) );
#6881 = ORIENTED_EDGE('',*,*,#6882,.F.);
#6882 = EDGE_CURVE('',#6883,#6850,#6885,.T.);
#6883 = VERTEX_POINT('',#6884);
#6884 = CARTESIAN_POINT('',(36.75,281.75,8.));
#6885 = SURFACE_CURVE('',#6886,(#6890,#6897),.PCURVE_S1.);
#6886 = LINE('',#6887,#6888);
#6887 = CARTESIAN_POINT('',(36.75,279.125,8.));
#6888 = VECTOR('',#6889,1.);
#6889 = DIRECTION('',(1.110223024625E-16,1.,-0.));
#6890 = PCURVE('',#5857,#6891);
#6891 = DEFINITIONAL_REPRESENTATION('',(#6892),#6896);
#6892 = LINE('',#6893,#6894);
#6893 = CARTESIAN_POINT('',(81.75,19.125));
#6894 = VECTOR('',#6895,1.);
#6895 = DIRECTION('',(1.110223024625E-16,1.));
#6896 = ( GEOMETRIC_REPRESENTATION_CONTEXT(2) 
PARAMETRIC_REPRESENTATION_CONTEXT() REPRESENTATION_CONTEXT('2D SPACE',''
  ) );
#6897 = PCURVE('',#6898,#6903);
#6898 = PLANE('',#6899);
#6899 = AXIS2_PLACEMENT_3D('',#6900,#6901,#6902);
#6900 = CARTESIAN_POINT('',(36.75,298.25,0.));
#6901 = DIRECTION('',(1.,-1.110223024625E-16,0.));
#6902 = DIRECTION('',(-1.110223024625E-16,-1.,0.));
#6903 = DEFINITIONAL_REPRESENTATION('',(#6904),#6908);
#6904 = LINE('',#6905,#6906);
#6905 = CARTESIAN_POINT('',(19.125,-8.));
#6906 = VECTOR('',#6907,1.);
#6907 = DIRECTION('',(-1.,0.));
#6908 = ( GEOMETRIC_REPRESENTATION_CONTEXT(2) 
PARAMETRIC_REPRESENTATION_CONTEXT() REPRESENTATION_CONTEXT('2D SPACE',''
  ) );
#6909 = ORIENTED_EDGE('',*,*,#6910,.T.);
#6910 = EDGE_CURVE('',#6883,#6822,#6911,.T.);
#6911 = SURFACE_CURVE('',#6912,(#6917,#6928),.PCURVE_S1.);
#6912 = CIRCLE('',#6913,2.75);
#6913 = AXIS2_PLACEMENT_3D('',#6914,#6915,#6916);
#6914 = CARTESIAN_POINT('',(34.,281.75,8.));
#6915 = DIRECTION('',(0.,-0.,-1.));
#6916 = DIRECTION('',(1.,-1.110223024625E-16,0.));
#6917 = PCURVE('',#5857,#6918);
#6918 = DEFINITIONAL_REPRESENTATION('',(#6919),#6927);
#6919 = ( BOUNDED_CURVE() B_SPLINE_CURVE(2,(#6920,#6921,#6922,#6923,
#6924,#6925,#6926),.UNSPECIFIED.,.T.,.F.) B_SPLINE_CURVE_WITH_KNOTS((1,2
    ,2,2,2,1),(-2.094395102393,0.,2.094395102393,4.188790204786,
6.28318530718,8.377580409573),.UNSPECIFIED.) CURVE() 
GEOMETRIC_REPRESENTATION_ITEM() RATIONAL_B_SPLINE_CURVE((1.,0.5,1.,0.5,
1.,0.5,1.)) REPRESENTATION_ITEM('') );
#6920 = CARTESIAN_POINT('',(81.75,21.75));
#6921 = CARTESIAN_POINT('',(81.75,16.986860279186));
#6922 = CARTESIAN_POINT('',(77.625,19.368430139593));
#6923 = CARTESIAN_POINT('',(73.5,21.75));
#6924 = CARTESIAN_POINT('',(77.625,24.131569860407));
#6925 = CARTESIAN_POINT('',(81.75,26.513139720814));
#6926 = CARTESIAN_POINT('',(81.75,21.75));
#6927 = ( GEOMETRIC_REPRESENTATION_CONTEXT(2) 
PARAMETRIC_REPRESENTATION_CONTEXT() REPRESENTATION_CONTEXT('2D SPACE',''
  ) );
#6928 = PCURVE('',#6929,#6934);
#6929 = CYLINDRICAL_SURFACE('',#6930,2.75);
#6930 = AXIS2_PLACEMENT_3D('',#6931,#6932,#6933);
#6931 = CARTESIAN_POINT('',(34.,281.75,0.));
#6932 = DIRECTION('',(0.,-0.,-1.));
#6933 = DIRECTION('',(1.,-1.110223024625E-16,0.));
#6934 = DEFINITIONAL_REPRESENTATION('',(#6935),#6939);
#6935 = LINE('',#6936,#6937);
#6936 = CARTESIAN_POINT('',(0.,-8.));
#6937 = VECTOR('',#6938,1.);
#6938 = DIRECTION('',(1.,0.));
#6939 = ( GEOMETRIC_REPRESENTATION_CONTEXT(2) 
PARAMETRIC_REPRESENTATION_CONTEXT() REPRESENTATION_CONTEXT('2D SPACE',''
  ) );
#6940 = ADVANCED_FACE('',(#6941),#5885,.T.);
#6941 = FACE_BOUND('',#6942,.T.);
#6942 = EDGE_LOOP('',(#6943,#6967,#6988,#6989));
#6943 = ORIENTED_EDGE('',*,*,#6944,.T.);
#6944 = EDGE_CURVE('',#5870,#6945,#6947,.T.);
#6945 = VERTEX_POINT('',#6946);
#6946 = CARTESIAN_POINT('',(-41.,260.,0.));
#6947 = SURFACE_CURVE('',#6948,(#6953,#6960),.PCURVE_S1.);
#6948 = CIRCLE('',#6949,4.);
#6949 = AXIS2_PLACEMENT_3D('',#6950,#6951,#6952);
#6950 = CARTESIAN_POINT('',(-41.,264.,0.));
#6951 = DIRECTION('',(0.,0.,1.));
#6952 = DIRECTION('',(0.,-1.,0.));
#6953 = PCURVE('',#5885,#6954);
#6954 = DEFINITIONAL_REPRESENTATION('',(#6955),#6959);
#6955 = LINE('',#6956,#6957);
#6956 = CARTESIAN_POINT('',(-4.712388980385,0.));
#6957 = VECTOR('',#6958,1.);
#6958 = DIRECTION('',(1.,0.));
#6959 = ( GEOMETRIC_REPRESENTATION_CONTEXT(2) 
PARAMETRIC_REPRESENTATION_CONTEXT() REPRESENTATION_CONTEXT('2D SPACE',''
  ) );
#6960 = PCURVE('',#5913,#6961);
#6961 = DEFINITIONAL_REPRESENTATION('',(#6962),#6966);
#6962 = CIRCLE('',#6963,4.);
#6963 = AXIS2_PLACEMENT_2D('',#6964,#6965);
#6964 = CARTESIAN_POINT('',(4.,4.));
#6965 = DIRECTION('',(0.,-1.));
#6966 = ( GEOMETRIC_REPRESENTATION_CONTEXT(2) 
PARAMETRIC_REPRESENTATION_CONTEXT() REPRESENTATION_CONTEXT('2D SPACE',''
  ) );
#6967 = ORIENTED_EDGE('',*,*,#6968,.T.);
#6968 = EDGE_CURVE('',#6945,#5956,#6969,.T.);
#6969 = SURFACE_CURVE('',#6970,(#6974,#6981),.PCURVE_S1.);
#6970 = LINE('',#6971,#6972);
#6971 = CARTESIAN_POINT('',(-41.,260.,0.));
#6972 = VECTOR('',#6973,1.);
#6973 = DIRECTION('',(0.,0.,1.));
#6974 = PCURVE('',#5885,#6975);
#6975 = DEFINITIONAL_REPRESENTATION('',(#6976),#6980);
#6976 = LINE('',#6977,#6978);
#6977 = CARTESIAN_POINT('',(1.570796326795,0.));
#6978 = VECTOR('',#6979,1.);
#6979 = DIRECTION('',(0.,1.));
#6980 = ( GEOMETRIC_REPRESENTATION_CONTEXT(2) 
PARAMETRIC_REPRESENTATION_CONTEXT() REPRESENTATION_CONTEXT('2D SPACE',''
  ) );
#6981 = PCURVE('',#5995,#6982);
#6982 = DEFINITIONAL_REPRESENTATION('',(#6983),#6987);
#6983 = LINE('',#6984,#6985);
#6984 = CARTESIAN_POINT('',(0.,4.));
#6985 = VECTOR('',#6986,1.);
#6986 = DIRECTION('',(1.,0.));
#6987 = ( GEOMETRIC_REPRESENTATION_CONTEXT(2) 
PARAMETRIC_REPRESENTATION_CONTEXT() REPRESENTATION_CONTEXT('2D SPACE',''
  ) );
#6988 = ORIENTED_EDGE('',*,*,#5955,.F.);
#6989 = ORIENTED_EDGE('',*,*,#5869,.F.);
#6990 = ADVANCED_FACE('',(#6991),#5939,.T.);
#6991 = FACE_BOUND('',#6992,.F.);
#6992 = EDGE_LOOP('',(#6993,#7021,#7042,#7043));
#6993 = ORIENTED_EDGE('',*,*,#6994,.T.);
#6994 = EDGE_CURVE('',#5898,#6995,#6997,.T.);
#6995 = VERTEX_POINT('',#6996);
#6996 = CARTESIAN_POINT('',(-41.,320.,0.));
#6997 = SURFACE_CURVE('',#6998,(#7003,#7010),.PCURVE_S1.);
#6998 = CIRCLE('',#6999,4.);
#6999 = AXIS2_PLACEMENT_3D('',#7000,#7001,#7002);
#7000 = CARTESIAN_POINT('',(-41.,316.,0.));
#7001 = DIRECTION('',(-0.,-0.,-1.));
#7002 = DIRECTION('',(0.,-1.,0.));
#7003 = PCURVE('',#5939,#7004);
#7004 = DEFINITIONAL_REPRESENTATION('',(#7005),#7009);
#7005 = LINE('',#7006,#7007);
#7006 = CARTESIAN_POINT('',(1.570796326795,-0.));
#7007 = VECTOR('',#7008,1.);
#7008 = DIRECTION('',(-1.,0.));
#7009 = ( GEOMETRIC_REPRESENTATION_CONTEXT(2) 
PARAMETRIC_REPRESENTATION_CONTEXT() REPRESENTATION_CONTEXT('2D SPACE',''
  ) );
#7010 = PCURVE('',#5913,#7011);
#7011 = DEFINITIONAL_REPRESENTATION('',(#7012),#7020);
#7012 = ( BOUNDED_CURVE() B_SPLINE_CURVE(2,(#7013,#7014,#7015,#7016,
#7017,#7018,#7019),.UNSPECIFIED.,.T.,.F.) B_SPLINE_CURVE_WITH_KNOTS((1,2
    ,2,2,2,1),(-2.094395102393,0.,2.094395102393,4.188790204786,
6.28318530718,8.377580409573),.UNSPECIFIED.) CURVE() 
GEOMETRIC_REPRESENTATION_ITEM() RATIONAL_B_SPLINE_CURVE((1.,0.5,1.,0.5,
1.,0.5,1.)) REPRESENTATION_ITEM('') );
#7013 = CARTESIAN_POINT('',(4.,52.));
#7014 = CARTESIAN_POINT('',(-2.928203230276,52.));
#7015 = CARTESIAN_POINT('',(0.535898384862,58.));
#7016 = CARTESIAN_POINT('',(4.,64.));
#7017 = CARTESIAN_POINT('',(7.464101615138,58.));
#7018 = CARTESIAN_POINT('',(10.928203230276,52.));
#7019 = CARTESIAN_POINT('',(4.,52.));
#7020 = ( GEOMETRIC_REPRESENTATION_CONTEXT(2) 
PARAMETRIC_REPRESENTATION_CONTEXT() REPRESENTATION_CONTEXT('2D SPACE',''
  ) );
#7021 = ORIENTED_EDGE('',*,*,#7022,.T.);
#7022 = EDGE_CURVE('',#6995,#6098,#7023,.T.);
#7023 = SURFACE_CURVE('',#7024,(#7028,#7035),.PCURVE_S1.);
#7024 = LINE('',#7025,#7026);
#7025 = CARTESIAN_POINT('',(-41.,320.,0.));
#7026 = VECTOR('',#7027,1.);
#7027 = DIRECTION('',(0.,0.,1.));
#7028 = PCURVE('',#5939,#7029);
#7029 = DEFINITIONAL_REPRESENTATION('',(#7030),#7034);
#7030 = LINE('',#7031,#7032);
#7031 = CARTESIAN_POINT('',(-1.570796326795,0.));
#7032 = VECTOR('',#7033,1.);
#7033 = DIRECTION('',(-0.,1.));
#7034 = ( GEOMETRIC_REPRESENTATION_CONTEXT(2) 
PARAMETRIC_REPRESENTATION_CONTEXT() REPRESENTATION_CONTEXT('2D SPACE',''
  ) );
#7035 = PCURVE('',#6113,#7036);
#7036 = DEFINITIONAL_REPRESENTATION('',(#7037),#7041);
#7037 = LINE('',#7038,#7039);
#7038 = CARTESIAN_POINT('',(0.,4.));
#7039 = VECTOR('',#7040,1.);
#7040 = DIRECTION('',(1.,0.));
#7041 = ( GEOMETRIC_REPRESENTATION_CONTEXT(2) 
PARAMETRIC_REPRESENTATION_CONTEXT() REPRESENTATION_CONTEXT('2D SPACE',''
  ) );
#7042 = ORIENTED_EDGE('',*,*,#6125,.F.);
#7043 = ORIENTED_EDGE('',*,*,#5925,.F.);
#7044 = ADVANCED_FACE('',(#7045,#7169,#7273),#5913,.F.);
#7045 = FACE_BOUND('',#7046,.F.);
#7046 = EDGE_LOOP('',(#7047,#7048,#7049,#7072,#7100,#7123,#7147,#7168));
#7047 = ORIENTED_EDGE('',*,*,#5897,.F.);
#7048 = ORIENTED_EDGE('',*,*,#6944,.T.);
#7049 = ORIENTED_EDGE('',*,*,#7050,.T.);
#7050 = EDGE_CURVE('',#6945,#7051,#7053,.T.);
#7051 = VERTEX_POINT('',#7052);
#7052 = CARTESIAN_POINT('',(41.,260.,0.));
#7053 = SURFACE_CURVE('',#7054,(#7058,#7065),.PCURVE_S1.);
#7054 = LINE('',#7055,#7056);
#7055 = CARTESIAN_POINT('',(-45.,260.,0.));
#7056 = VECTOR('',#7057,1.);
#7057 = DIRECTION('',(1.,0.,0.));
#7058 = PCURVE('',#5913,#7059);
#7059 = DEFINITIONAL_REPRESENTATION('',(#7060),#7064);
#7060 = LINE('',#7061,#7062);
#7061 = CARTESIAN_POINT('',(0.,0.));
#7062 = VECTOR('',#7063,1.);
#7063 = DIRECTION('',(1.,0.));
#7064 = ( GEOMETRIC_REPRESENTATION_CONTEXT(2) 
PARAMETRIC_REPRESENTATION_CONTEXT() REPRESENTATION_CONTEXT('2D SPACE',''
  ) );
#7065 = PCURVE('',#5995,#7066);
#7066 = DEFINITIONAL_REPRESENTATION('',(#7067),#7071);
#7067 = LINE('',#7068,#7069);
#7068 = CARTESIAN_POINT('',(0.,0.));
#7069 = VECTOR('',#7070,1.);
#7070 = DIRECTION('',(0.,1.));
#7071 = ( GEOMETRIC_REPRESENTATION_CONTEXT(2) 
PARAMETRIC_REPRESENTATION_CONTEXT() REPRESENTATION_CONTEXT('2D SPACE',''
  ) );
#7072 = ORIENTED_EDGE('',*,*,#7073,.F.);
#7073 = EDGE_CURVE('',#7074,#7051,#7076,.T.);
#7074 = VERTEX_POINT('',#7075);
#7075 = CARTESIAN_POINT('',(45.,264.,0.));
#7076 = SURFACE_CURVE('',#7077,(#7082,#7093),.PCURVE_S1.);
#7077 = CIRCLE('',#7078,4.);
#7078 = AXIS2_PLACEMENT_3D('',#7079,#7080,#7081);
#7079 = CARTESIAN_POINT('',(41.,264.,0.));
#7080 = DIRECTION('',(-0.,-0.,-1.));
#7081 = DIRECTION('',(0.,-1.,0.));
#7082 = PCURVE('',#5913,#7083);
#7083 = DEFINITIONAL_REPRESENTATION('',(#7084),#7092);
#7084 = ( BOUNDED_CURVE() B_SPLINE_CURVE(2,(#7085,#7086,#7087,#7088,
#7089,#7090,#7091),.UNSPECIFIED.,.T.,.F.) B_SPLINE_CURVE_WITH_KNOTS((1,2
    ,2,2,2,1),(-2.094395102393,0.,2.094395102393,4.188790204786,
6.28318530718,8.377580409573),.UNSPECIFIED.) CURVE() 
GEOMETRIC_REPRESENTATION_ITEM() RATIONAL_B_SPLINE_CURVE((1.,0.5,1.,0.5,
1.,0.5,1.)) REPRESENTATION_ITEM('') );
#7085 = CARTESIAN_POINT('',(86.,0.));
#7086 = CARTESIAN_POINT('',(79.071796769725,0.));
#7087 = CARTESIAN_POINT('',(82.535898384862,6.));
#7088 = CARTESIAN_POINT('',(86.,12.));
#7089 = CARTESIAN_POINT('',(89.464101615138,6.));
#7090 = CARTESIAN_POINT('',(92.928203230276,6.217248937901E-15));
#7091 = CARTESIAN_POINT('',(86.,0.));
#7092 = ( GEOMETRIC_REPRESENTATION_CONTEXT(2) 
PARAMETRIC_REPRESENTATION_CONTEXT() REPRESENTATION_CONTEXT('2D SPACE',''
  ) );
#7093 = PCURVE('',#6028,#7094);
#7094 = DEFINITIONAL_REPRESENTATION('',(#7095),#7099);
#7095 = LINE('',#7096,#7097);
#7096 = CARTESIAN_POINT('',(4.712388980385,-0.));
#7097 = VECTOR('',#7098,1.);
#7098 = DIRECTION('',(-1.,0.));
#7099 = ( GEOMETRIC_REPRESENTATION_CONTEXT(2) 
PARAMETRIC_REPRESENTATION_CONTEXT() REPRESENTATION_CONTEXT('2D SPACE',''
  ) );
#7100 = ORIENTED_EDGE('',*,*,#7101,.T.);
#7101 = EDGE_CURVE('',#7074,#7102,#7104,.T.);
#7102 = VERTEX_POINT('',#7103);
#7103 = CARTESIAN_POINT('',(45.,316.,0.));
#7104 = SURFACE_CURVE('',#7105,(#7109,#7116),.PCURVE_S1.);
#7105 = LINE('',#7106,#7107);
#7106 = CARTESIAN_POINT('',(45.,260.,0.));
#7107 = VECTOR('',#7108,1.);
#7108 = DIRECTION('',(0.,1.,0.));
#7109 = PCURVE('',#5913,#7110);
#7110 = DEFINITIONAL_REPRESENTATION('',(#7111),#7115);
#7111 = LINE('',#7112,#7113);
#7112 = CARTESIAN_POINT('',(90.,0.));
#7113 = VECTOR('',#7114,1.);
#7114 = DIRECTION('',(0.,1.));
#7115 = ( GEOMETRIC_REPRESENTATION_CONTEXT(2) 
PARAMETRIC_REPRESENTATION_CONTEXT() REPRESENTATION_CONTEXT('2D SPACE',''
  ) );
#7116 = PCURVE('',#6056,#7117);
#7117 = DEFINITIONAL_REPRESENTATION('',(#7118),#7122);
#7118 = LINE('',#7119,#7120);
#7119 = CARTESIAN_POINT('',(0.,0.));
#7120 = VECTOR('',#7121,1.);
#7121 = DIRECTION('',(0.,-1.));
#7122 = ( GEOMETRIC_REPRESENTATION_CONTEXT(2) 
PARAMETRIC_REPRESENTATION_CONTEXT() REPRESENTATION_CONTEXT('2D SPACE',''
  ) );
#7123 = ORIENTED_EDGE('',*,*,#7124,.T.);
#7124 = EDGE_CURVE('',#7102,#7125,#7127,.T.);
#7125 = VERTEX_POINT('',#7126);
#7126 = CARTESIAN_POINT('',(41.,320.,0.));
#7127 = SURFACE_CURVE('',#7128,(#7133,#7140),.PCURVE_S1.);
#7128 = CIRCLE('',#7129,4.);
#7129 = AXIS2_PLACEMENT_3D('',#7130,#7131,#7132);
#7130 = CARTESIAN_POINT('',(41.,316.,0.));
#7131 = DIRECTION('',(0.,0.,1.));
#7132 = DIRECTION('',(0.,-1.,0.));
#7133 = PCURVE('',#5913,#7134);
#7134 = DEFINITIONAL_REPRESENTATION('',(#7135),#7139);
#7135 = CIRCLE('',#7136,4.);
#7136 = AXIS2_PLACEMENT_2D('',#7137,#7138);
#7137 = CARTESIAN_POINT('',(86.,56.));
#7138 = DIRECTION('',(0.,-1.));
#7139 = ( GEOMETRIC_REPRESENTATION_CONTEXT(2) 
PARAMETRIC_REPRESENTATION_CONTEXT() REPRESENTATION_CONTEXT('2D SPACE',''
  ) );
#7140 = PCURVE('',#6085,#7141);
#7141 = DEFINITIONAL_REPRESENTATION('',(#7142),#7146);
#7142 = LINE('',#7143,#7144);
#7143 = CARTESIAN_POINT('',(-1.570796326795,0.));
#7144 = VECTOR('',#7145,1.);
#7145 = DIRECTION('',(1.,0.));
#7146 = ( GEOMETRIC_REPRESENTATION_CONTEXT(2) 
PARAMETRIC_REPRESENTATION_CONTEXT() REPRESENTATION_CONTEXT('2D SPACE',''
  ) );
#7147 = ORIENTED_EDGE('',*,*,#7148,.F.);
#7148 = EDGE_CURVE('',#6995,#7125,#7149,.T.);
#7149 = SURFACE_CURVE('',#7150,(#7154,#7161),.PCURVE_S1.);
#7150 = LINE('',#7151,#7152);
#7151 = CARTESIAN_POINT('',(-45.,320.,0.));
#7152 = VECTOR('',#7153,1.);
#7153 = DIRECTION('',(1.,0.,0.));
#7154 = PCURVE('',#5913,#7155);
#7155 = DEFINITIONAL_REPRESENTATION('',(#7156),#7160);
#7156 = LINE('',#7157,#7158);
#7157 = CARTESIAN_POINT('',(0.,60.));
#7158 = VECTOR('',#7159,1.);
#7159 = DIRECTION('',(1.,0.));
#7160 = ( GEOMETRIC_REPRESENTATION_CONTEXT(2) 
PARAMETRIC_REPRESENTATION_CONTEXT() REPRESENTATION_CONTEXT('2D SPACE',''
  ) );
#7161 = PCURVE('',#6113,#7162);
#7162 = DEFINITIONAL_REPRESENTATION('',(#7163),#7167);
#7163 = LINE('',#7164,#7165);
#7164 = CARTESIAN_POINT('',(0.,0.));
#7165 = VECTOR('',#7166,1.);
#7166 = DIRECTION('',(0.,1.));
#7167 = ( GEOMETRIC_REPRESENTATION_CONTEXT(2) 
PARAMETRIC_REPRESENTATION_CONTEXT() REPRESENTATION_CONTEXT('2D SPACE',''
  ) );
#7168 = ORIENTED_EDGE('',*,*,#6994,.F.);
#7169 = FACE_BOUND('',#7170,.F.);
#7170 = EDGE_LOOP('',(#7171,#7201,#7224,#7252));
#7171 = ORIENTED_EDGE('',*,*,#7172,.T.);
#7172 = EDGE_CURVE('',#7173,#7175,#7177,.T.);
#7173 = VERTEX_POINT('',#7174);
#7174 = CARTESIAN_POINT('',(-31.25,281.75,0.));
#7175 = VERTEX_POINT('',#7176);
#7176 = CARTESIAN_POINT('',(-36.75,281.75,0.));
#7177 = SURFACE_CURVE('',#7178,(#7183,#7194),.PCURVE_S1.);
#7178 = CIRCLE('',#7179,2.75);
#7179 = AXIS2_PLACEMENT_3D('',#7180,#7181,#7182);
#7180 = CARTESIAN_POINT('',(-34.,281.75,0.));
#7181 = DIRECTION('',(0.,-0.,-1.));
#7182 = DIRECTION('',(1.,-1.110223024625E-16,0.));
#7183 = PCURVE('',#5913,#7184);
#7184 = DEFINITIONAL_REPRESENTATION('',(#7185),#7193);
#7185 = ( BOUNDED_CURVE() B_SPLINE_CURVE(2,(#7186,#7187,#7188,#7189,
#7190,#7191,#7192),.UNSPECIFIED.,.T.,.F.) B_SPLINE_CURVE_WITH_KNOTS((1,2
    ,2,2,2,1),(-2.094395102393,0.,2.094395102393,4.188790204786,
6.28318530718,8.377580409573),.UNSPECIFIED.) CURVE() 
GEOMETRIC_REPRESENTATION_ITEM() RATIONAL_B_SPLINE_CURVE((1.,0.5,1.,0.5,
1.,0.5,1.)) REPRESENTATION_ITEM('') );
#7186 = CARTESIAN_POINT('',(13.75,21.75));
#7187 = CARTESIAN_POINT('',(13.75,16.986860279186));
#7188 = CARTESIAN_POINT('',(9.625,19.368430139593));
#7189 = CARTESIAN_POINT('',(5.5,21.75));
#7190 = CARTESIAN_POINT('',(9.625,24.131569860407));
#7191 = CARTESIAN_POINT('',(13.75,26.513139720814));
#7192 = CARTESIAN_POINT('',(13.75,21.75));
#7193 = ( GEOMETRIC_REPRESENTATION_CONTEXT(2) 
PARAMETRIC_REPRESENTATION_CONTEXT() REPRESENTATION_CONTEXT('2D SPACE',''
  ) );
#7194 = PCURVE('',#6263,#7195);
#7195 = DEFINITIONAL_REPRESENTATION('',(#7196),#7200);
#7196 = LINE('',#7197,#7198);
#7197 = CARTESIAN_POINT('',(0.,0.));
#7198 = VECTOR('',#7199,1.);
#7199 = DIRECTION('',(1.,0.));
#7200 = ( GEOMETRIC_REPRESENTATION_CONTEXT(2) 
PARAMETRIC_REPRESENTATION_CONTEXT() REPRESENTATION_CONTEXT('2D SPACE',''
  ) );
#7201 = ORIENTED_EDGE('',*,*,#7202,.T.);
#7202 = EDGE_CURVE('',#7175,#7203,#7205,.T.);
#7203 = VERTEX_POINT('',#7204);
#7204 = CARTESIAN_POINT('',(-36.75,298.25,0.));
#7205 = SURFACE_CURVE('',#7206,(#7210,#7217),.PCURVE_S1.);
#7206 = LINE('',#7207,#7208);
#7207 = CARTESIAN_POINT('',(-36.75,281.75,0.));
#7208 = VECTOR('',#7209,1.);
#7209 = DIRECTION('',(1.110223024625E-16,1.,0.));
#7210 = PCURVE('',#5913,#7211);
#7211 = DEFINITIONAL_REPRESENTATION('',(#7212),#7216);
#7212 = LINE('',#7213,#7214);
#7213 = CARTESIAN_POINT('',(8.25,21.75));
#7214 = VECTOR('',#7215,1.);
#7215 = DIRECTION('',(1.110223024625E-16,1.));
#7216 = ( GEOMETRIC_REPRESENTATION_CONTEXT(2) 
PARAMETRIC_REPRESENTATION_CONTEXT() REPRESENTATION_CONTEXT('2D SPACE',''
  ) );
#7217 = PCURVE('',#6171,#7218);
#7218 = DEFINITIONAL_REPRESENTATION('',(#7219),#7223);
#7219 = LINE('',#7220,#7221);
#7220 = CARTESIAN_POINT('',(0.,0.));
#7221 = VECTOR('',#7222,1.);
#7222 = DIRECTION('',(1.,0.));
#7223 = ( GEOMETRIC_REPRESENTATION_CONTEXT(2) 
PARAMETRIC_REPRESENTATION_CONTEXT() REPRESENTATION_CONTEXT('2D SPACE',''
  ) );
#7224 = ORIENTED_EDGE('',*,*,#7225,.T.);
#7225 = EDGE_CURVE('',#7203,#7226,#7228,.T.);
#7226 = VERTEX_POINT('',#7227);
#7227 = CARTESIAN_POINT('',(-31.25,298.25,0.));
#7228 = SURFACE_CURVE('',#7229,(#7234,#7245),.PCURVE_S1.);
#7229 = CIRCLE('',#7230,2.75);
#7230 = AXIS2_PLACEMENT_3D('',#7231,#7232,#7233);
#7231 = CARTESIAN_POINT('',(-34.,298.25,0.));
#7232 = DIRECTION('',(0.,0.,-1.));
#7233 = DIRECTION('',(-1.,1.110223024625E-16,0.));
#7234 = PCURVE('',#5913,#7235);
#7235 = DEFINITIONAL_REPRESENTATION('',(#7236),#7244);
#7236 = ( BOUNDED_CURVE() B_SPLINE_CURVE(2,(#7237,#7238,#7239,#7240,
#7241,#7242,#7243),.UNSPECIFIED.,.T.,.F.) B_SPLINE_CURVE_WITH_KNOTS((1,2
    ,2,2,2,1),(-2.094395102393,0.,2.094395102393,4.188790204786,
6.28318530718,8.377580409573),.UNSPECIFIED.) CURVE() 
GEOMETRIC_REPRESENTATION_ITEM() RATIONAL_B_SPLINE_CURVE((1.,0.5,1.,0.5,
1.,0.5,1.)) REPRESENTATION_ITEM('') );
#7237 = CARTESIAN_POINT('',(8.25,38.25));
#7238 = CARTESIAN_POINT('',(8.25,43.013139720814));
#7239 = CARTESIAN_POINT('',(12.375,40.631569860407));
#7240 = CARTESIAN_POINT('',(16.5,38.25));
#7241 = CARTESIAN_POINT('',(12.375,35.868430139593));
#7242 = CARTESIAN_POINT('',(8.25,33.486860279186));
#7243 = CARTESIAN_POINT('',(8.25,38.25));
#7244 = ( GEOMETRIC_REPRESENTATION_CONTEXT(2) 
PARAMETRIC_REPRESENTATION_CONTEXT() REPRESENTATION_CONTEXT('2D SPACE',''
  ) );
#7245 = PCURVE('',#6204,#7246);
#7246 = DEFINITIONAL_REPRESENTATION('',(#7247),#7251);
#7247 = LINE('',#7248,#7249);
#7248 = CARTESIAN_POINT('',(0.,0.));
#7249 = VECTOR('',#7250,1.);
#7250 = DIRECTION('',(1.,0.));
#7251 = ( GEOMETRIC_REPRESENTATION_CONTEXT(2) 
PARAMETRIC_REPRESENTATION_CONTEXT() REPRESENTATION_CONTEXT('2D SPACE',''
  ) );
#7252 = ORIENTED_EDGE('',*,*,#7253,.T.);
#7253 = EDGE_CURVE('',#7226,#7173,#7254,.T.);
#7254 = SURFACE_CURVE('',#7255,(#7259,#7266),.PCURVE_S1.);
#7255 = LINE('',#7256,#7257);
#7256 = CARTESIAN_POINT('',(-31.25,298.25,0.));
#7257 = VECTOR('',#7258,1.);
#7258 = DIRECTION('',(-1.110223024625E-16,-1.,0.));
#7259 = PCURVE('',#5913,#7260);
#7260 = DEFINITIONAL_REPRESENTATION('',(#7261),#7265);
#7261 = LINE('',#7262,#7263);
#7262 = CARTESIAN_POINT('',(13.75,38.25));
#7263 = VECTOR('',#7264,1.);
#7264 = DIRECTION('',(-1.110223024625E-16,-1.));
#7265 = ( GEOMETRIC_REPRESENTATION_CONTEXT(2) 
PARAMETRIC_REPRESENTATION_CONTEXT() REPRESENTATION_CONTEXT('2D SPACE',''
  ) );
#7266 = PCURVE('',#6232,#7267);
#7267 = DEFINITIONAL_REPRESENTATION('',(#7268),#7272);
#7268 = LINE('',#7269,#7270);
#7269 = CARTESIAN_POINT('',(0.,0.));
#7270 = VECTOR('',#7271,1.);
#7271 = DIRECTION('',(1.,0.));
#7272 = ( GEOMETRIC_REPRESENTATION_CONTEXT(2) 
PARAMETRIC_REPRESENTATION_CONTEXT() REPRESENTATION_CONTEXT('2D SPACE',''
  ) );
#7273 = FACE_BOUND('',#7274,.F.);
#7274 = EDGE_LOOP('',(#7275,#7305,#7328,#7356));
#7275 = ORIENTED_EDGE('',*,*,#7276,.T.);
#7276 = EDGE_CURVE('',#7277,#7279,#7281,.T.);
#7277 = VERTEX_POINT('',#7278);
#7278 = CARTESIAN_POINT('',(36.75,281.75,0.));
#7279 = VERTEX_POINT('',#7280);
#7280 = CARTESIAN_POINT('',(31.25,281.75,0.));
#7281 = SURFACE_CURVE('',#7282,(#7287,#7298),.PCURVE_S1.);
#7282 = CIRCLE('',#7283,2.75);
#7283 = AXIS2_PLACEMENT_3D('',#7284,#7285,#7286);
#7284 = CARTESIAN_POINT('',(34.,281.75,0.));
#7285 = DIRECTION('',(0.,-0.,-1.));
#7286 = DIRECTION('',(1.,-1.110223024625E-16,0.));
#7287 = PCURVE('',#5913,#7288);
#7288 = DEFINITIONAL_REPRESENTATION('',(#7289),#7297);
#7289 = ( BOUNDED_CURVE() B_SPLINE_CURVE(2,(#7290,#7291,#7292,#7293,
#7294,#7295,#7296),.UNSPECIFIED.,.T.,.F.) B_SPLINE_CURVE_WITH_KNOTS((1,2
    ,2,2,2,1),(-2.094395102393,0.,2.094395102393,4.188790204786,
6.28318530718,8.377580409573),.UNSPECIFIED.) CURVE() 
GEOMETRIC_REPRESENTATION_ITEM() RATIONAL_B_SPLINE_CURVE((1.,0.5,1.,0.5,
1.,0.5,1.)) REPRESENTATION_ITEM('') );
#7290 = CARTESIAN_POINT('',(81.75,21.75));
#7291 = CARTESIAN_POINT('',(81.75,16.986860279186));
#7292 = CARTESIAN_POINT('',(77.625,19.368430139593));
#7293 = CARTESIAN_POINT('',(73.5,21.75));
#7294 = CARTESIAN_POINT('',(77.625,24.131569860407));
#7295 = CARTESIAN_POINT('',(81.75,26.513139720814));
#7296 = CARTESIAN_POINT('',(81.75,21.75));
#7297 = ( GEOMETRIC_REPRESENTATION_CONTEXT(2) 
PARAMETRIC_REPRESENTATION_CONTEXT() REPRESENTATION_CONTEXT('2D SPACE',''
  ) );
#7298 = PCURVE('',#6929,#7299);
#7299 = DEFINITIONAL_REPRESENTATION('',(#7300),#7304);
#7300 = LINE('',#7301,#7302);
#7301 = CARTESIAN_POINT('',(0.,0.));
#7302 = VECTOR('',#7303,1.);
#7303 = DIRECTION('',(1.,0.));
#7304 = ( GEOMETRIC_REPRESENTATION_CONTEXT(2) 
PARAMETRIC_REPRESENTATION_CONTEXT() REPRESENTATION_CONTEXT('2D SPACE',''
  ) );
#7305 = ORIENTED_EDGE('',*,*,#7306,.T.);
#7306 = EDGE_CURVE('',#7279,#7307,#7309,.T.);
#7307 = VERTEX_POINT('',#7308);
#7308 = CARTESIAN_POINT('',(31.25,298.25,0.));
#7309 = SURFACE_CURVE('',#7310,(#7314,#7321),.PCURVE_S1.);
#7310 = LINE('',#7311,#7312);
#7311 = CARTESIAN_POINT('',(31.25,281.75,0.));
#7312 = VECTOR('',#7313,1.);
#7313 = DIRECTION('',(1.110223024625E-16,1.,0.));
#7314 = PCURVE('',#5913,#7315);
#7315 = DEFINITIONAL_REPRESENTATION('',(#7316),#7320);
#7316 = LINE('',#7317,#7318);
#7317 = CARTESIAN_POINT('',(76.25,21.75));
#7318 = VECTOR('',#7319,1.);
#7319 = DIRECTION('',(1.110223024625E-16,1.));
#7320 = ( GEOMETRIC_REPRESENTATION_CONTEXT(2) 
PARAMETRIC_REPRESENTATION_CONTEXT() REPRESENTATION_CONTEXT('2D SPACE',''
  ) );
#7321 = PCURVE('',#6837,#7322);
#7322 = DEFINITIONAL_REPRESENTATION('',(#7323),#7327);
#7323 = LINE('',#7324,#7325);
#7324 = CARTESIAN_POINT('',(0.,0.));
#7325 = VECTOR('',#7326,1.);
#7326 = DIRECTION('',(1.,0.));
#7327 = ( GEOMETRIC_REPRESENTATION_CONTEXT(2) 
PARAMETRIC_REPRESENTATION_CONTEXT() REPRESENTATION_CONTEXT('2D SPACE',''
  ) );
#7328 = ORIENTED_EDGE('',*,*,#7329,.T.);
#7329 = EDGE_CURVE('',#7307,#7330,#7332,.T.);
#7330 = VERTEX_POINT('',#7331);
#7331 = CARTESIAN_POINT('',(36.75,298.25,0.));
#7332 = SURFACE_CURVE('',#7333,(#7338,#7349),.PCURVE_S1.);
#7333 = CIRCLE('',#7334,2.75);
#7334 = AXIS2_PLACEMENT_3D('',#7335,#7336,#7337);
#7335 = CARTESIAN_POINT('',(34.,298.25,0.));
#7336 = DIRECTION('',(0.,0.,-1.));
#7337 = DIRECTION('',(-1.,1.110223024625E-16,0.));
#7338 = PCURVE('',#5913,#7339);
#7339 = DEFINITIONAL_REPRESENTATION('',(#7340),#7348);
#7340 = ( BOUNDED_CURVE() B_SPLINE_CURVE(2,(#7341,#7342,#7343,#7344,
#7345,#7346,#7347),.UNSPECIFIED.,.T.,.F.) B_SPLINE_CURVE_WITH_KNOTS((1,2
    ,2,2,2,1),(-2.094395102393,0.,2.094395102393,4.188790204786,
6.28318530718,8.377580409573),.UNSPECIFIED.) CURVE() 
GEOMETRIC_REPRESENTATION_ITEM() RATIONAL_B_SPLINE_CURVE((1.,0.5,1.,0.5,
1.,0.5,1.)) REPRESENTATION_ITEM('') );
#7341 = CARTESIAN_POINT('',(76.25,38.25));
#7342 = CARTESIAN_POINT('',(76.25,43.013139720814));
#7343 = CARTESIAN_POINT('',(80.375,40.631569860407));
#7344 = CARTESIAN_POINT('',(84.5,38.25));
#7345 = CARTESIAN_POINT('',(80.375,35.868430139593));
#7346 = CARTESIAN_POINT('',(76.25,33.486860279186));
#7347 = CARTESIAN_POINT('',(76.25,38.25));
#7348 = ( GEOMETRIC_REPRESENTATION_CONTEXT(2) 
PARAMETRIC_REPRESENTATION_CONTEXT() REPRESENTATION_CONTEXT('2D SPACE',''
  ) );
#7349 = PCURVE('',#6870,#7350);
#7350 = DEFINITIONAL_REPRESENTATION('',(#7351),#7355);
#7351 = LINE('',#7352,#7353);
#7352 = CARTESIAN_POINT('',(0.,0.));
#7353 = VECTOR('',#7354,1.);
#7354 = DIRECTION('',(1.,0.));
#7355 = ( GEOMETRIC_REPRESENTATION_CONTEXT(2) 
PARAMETRIC_REPRESENTATION_CONTEXT() REPRESENTATION_CONTEXT('2D SPACE',''
  ) );
#7356 = ORIENTED_EDGE('',*,*,#7357,.T.);
#7357 = EDGE_CURVE('',#7330,#7277,#7358,.T.);
#7358 = SURFACE_CURVE('',#7359,(#7363,#7370),.PCURVE_S1.);
#7359 = LINE('',#7360,#7361);
#7360 = CARTESIAN_POINT('',(36.75,298.25,0.));
#7361 = VECTOR('',#7362,1.);
#7362 = DIRECTION('',(-1.110223024625E-16,-1.,0.));
#7363 = PCURVE('',#5913,#7364);
#7364 = DEFINITIONAL_REPRESENTATION('',(#7365),#7369);
#7365 = LINE('',#7366,#7367);
#7366 = CARTESIAN_POINT('',(81.75,38.25));
#7367 = VECTOR('',#7368,1.);
#7368 = DIRECTION('',(-1.110223024625E-16,-1.));
#7369 = ( GEOMETRIC_REPRESENTATION_CONTEXT(2) 
PARAMETRIC_REPRESENTATION_CONTEXT() REPRESENTATION_CONTEXT('2D SPACE',''
  ) );
#7370 = PCURVE('',#6898,#7371);
#7371 = DEFINITIONAL_REPRESENTATION('',(#7372),#7376);
#7372 = LINE('',#7373,#7374);
#7373 = CARTESIAN_POINT('',(0.,0.));
#7374 = VECTOR('',#7375,1.);
#7375 = DIRECTION('',(1.,0.));
#7376 = ( GEOMETRIC_REPRESENTATION_CONTEXT(2) 
PARAMETRIC_REPRESENTATION_CONTEXT() REPRESENTATION_CONTEXT('2D SPACE',''
  ) );
#7377 = ADVANCED_FACE('',(#7378),#5995,.F.);
#7378 = FACE_BOUND('',#7379,.F.);
#7379 = EDGE_LOOP('',(#7380,#7381,#7382,#7383));
#7380 = ORIENTED_EDGE('',*,*,#7050,.F.);
#7381 = ORIENTED_EDGE('',*,*,#6968,.T.);
#7382 = ORIENTED_EDGE('',*,*,#5979,.T.);
#7383 = ORIENTED_EDGE('',*,*,#7384,.F.);
#7384 = EDGE_CURVE('',#7051,#5980,#7385,.T.);
#7385 = SURFACE_CURVE('',#7386,(#7390,#7397),.PCURVE_S1.);
#7386 = LINE('',#7387,#7388);
#7387 = CARTESIAN_POINT('',(41.,260.,0.));
#7388 = VECTOR('',#7389,1.);
#7389 = DIRECTION('',(0.,0.,1.));
#7390 = PCURVE('',#5995,#7391);
#7391 = DEFINITIONAL_REPRESENTATION('',(#7392),#7396);
#7392 = LINE('',#7393,#7394);
#7393 = CARTESIAN_POINT('',(0.,86.));
#7394 = VECTOR('',#7395,1.);
#7395 = DIRECTION('',(1.,0.));
#7396 = ( GEOMETRIC_REPRESENTATION_CONTEXT(2) 
PARAMETRIC_REPRESENTATION_CONTEXT() REPRESENTATION_CONTEXT('2D SPACE',''
  ) );
#7397 = PCURVE('',#6028,#7398);
#7398 = DEFINITIONAL_REPRESENTATION('',(#7399),#7403);
#7399 = LINE('',#7400,#7401);
#7400 = CARTESIAN_POINT('',(-1.570796326795,0.));
#7401 = VECTOR('',#7402,1.);
#7402 = DIRECTION('',(-0.,1.));
#7403 = ( GEOMETRIC_REPRESENTATION_CONTEXT(2) 
PARAMETRIC_REPRESENTATION_CONTEXT() REPRESENTATION_CONTEXT('2D SPACE',''
  ) );
#7404 = ADVANCED_FACE('',(#7405),#6113,.T.);
#7405 = FACE_BOUND('',#7406,.T.);
#7406 = EDGE_LOOP('',(#7407,#7408,#7409,#7410));
#7407 = ORIENTED_EDGE('',*,*,#7148,.F.);
#7408 = ORIENTED_EDGE('',*,*,#7022,.T.);
#7409 = ORIENTED_EDGE('',*,*,#6097,.T.);
#7410 = ORIENTED_EDGE('',*,*,#7411,.F.);
#7411 = EDGE_CURVE('',#7125,#6069,#7412,.T.);
#7412 = SURFACE_CURVE('',#7413,(#7417,#7424),.PCURVE_S1.);
#7413 = LINE('',#7414,#7415);
#7414 = CARTESIAN_POINT('',(41.,320.,0.));
#7415 = VECTOR('',#7416,1.);
#7416 = DIRECTION('',(0.,0.,1.));
#7417 = PCURVE('',#6113,#7418);
#7418 = DEFINITIONAL_REPRESENTATION('',(#7419),#7423);
#7419 = LINE('',#7420,#7421);
#7420 = CARTESIAN_POINT('',(0.,86.));
#7421 = VECTOR('',#7422,1.);
#7422 = DIRECTION('',(1.,0.));
#7423 = ( GEOMETRIC_REPRESENTATION_CONTEXT(2) 
PARAMETRIC_REPRESENTATION_CONTEXT() REPRESENTATION_CONTEXT('2D SPACE',''
  ) );
#7424 = PCURVE('',#6085,#7425);
#7425 = DEFINITIONAL_REPRESENTATION('',(#7426),#7430);
#7426 = LINE('',#7427,#7428);
#7427 = CARTESIAN_POINT('',(1.570796326795,0.));
#7428 = VECTOR('',#7429,1.);
#7429 = DIRECTION('',(0.,1.));
#7430 = ( GEOMETRIC_REPRESENTATION_CONTEXT(2) 
PARAMETRIC_REPRESENTATION_CONTEXT() REPRESENTATION_CONTEXT('2D SPACE',''
  ) );
#7431 = ADVANCED_FACE('',(#7432),#6028,.T.);
#7432 = FACE_BOUND('',#7433,.F.);
#7433 = EDGE_LOOP('',(#7434,#7435,#7436,#7437));
#7434 = ORIENTED_EDGE('',*,*,#7073,.T.);
#7435 = ORIENTED_EDGE('',*,*,#7384,.T.);
#7436 = ORIENTED_EDGE('',*,*,#6007,.F.);
#7437 = ORIENTED_EDGE('',*,*,#7438,.F.);
#7438 = EDGE_CURVE('',#7074,#6008,#7439,.T.);
#7439 = SURFACE_CURVE('',#7440,(#7444,#7451),.PCURVE_S1.);
#7440 = LINE('',#7441,#7442);
#7441 = CARTESIAN_POINT('',(45.,264.,0.));
#7442 = VECTOR('',#7443,1.);
#7443 = DIRECTION('',(0.,0.,1.));
#7444 = PCURVE('',#6028,#7445);
#7445 = DEFINITIONAL_REPRESENTATION('',(#7446),#7450);
#7446 = LINE('',#7447,#7448);
#7447 = CARTESIAN_POINT('',(-0.,0.));
#7448 = VECTOR('',#7449,1.);
#7449 = DIRECTION('',(-0.,1.));
#7450 = ( GEOMETRIC_REPRESENTATION_CONTEXT(2) 
PARAMETRIC_REPRESENTATION_CONTEXT() REPRESENTATION_CONTEXT('2D SPACE',''
  ) );
#7451 = PCURVE('',#6056,#7452);
#7452 = DEFINITIONAL_REPRESENTATION('',(#7453),#7457);
#7453 = LINE('',#7454,#7455);
#7454 = CARTESIAN_POINT('',(0.,-4.));
#7455 = VECTOR('',#7456,1.);
#7456 = DIRECTION('',(1.,0.));
#7457 = ( GEOMETRIC_REPRESENTATION_CONTEXT(2) 
PARAMETRIC_REPRESENTATION_CONTEXT() REPRESENTATION_CONTEXT('2D SPACE',''
  ) );
#7458 = ADVANCED_FACE('',(#7459),#6085,.T.);
#7459 = FACE_BOUND('',#7460,.T.);
#7460 = EDGE_LOOP('',(#7461,#7462,#7463,#7464));
#7461 = ORIENTED_EDGE('',*,*,#7124,.T.);
#7462 = ORIENTED_EDGE('',*,*,#7411,.T.);
#7463 = ORIENTED_EDGE('',*,*,#6068,.F.);
#7464 = ORIENTED_EDGE('',*,*,#7465,.F.);
#7465 = EDGE_CURVE('',#7102,#6041,#7466,.T.);
#7466 = SURFACE_CURVE('',#7467,(#7471,#7478),.PCURVE_S1.);
#7467 = LINE('',#7468,#7469);
#7468 = CARTESIAN_POINT('',(45.,316.,0.));
#7469 = VECTOR('',#7470,1.);
#7470 = DIRECTION('',(0.,0.,1.));
#7471 = PCURVE('',#6085,#7472);
#7472 = DEFINITIONAL_REPRESENTATION('',(#7473),#7477);
#7473 = LINE('',#7474,#7475);
#7474 = CARTESIAN_POINT('',(0.,0.));
#7475 = VECTOR('',#7476,1.);
#7476 = DIRECTION('',(0.,1.));
#7477 = ( GEOMETRIC_REPRESENTATION_CONTEXT(2) 
PARAMETRIC_REPRESENTATION_CONTEXT() REPRESENTATION_CONTEXT('2D SPACE',''
  ) );
#7478 = PCURVE('',#6056,#7479);
#7479 = DEFINITIONAL_REPRESENTATION('',(#7480),#7484);
#7480 = LINE('',#7481,#7482);
#7481 = CARTESIAN_POINT('',(0.,-56.));
#7482 = VECTOR('',#7483,1.);
#7483 = DIRECTION('',(1.,0.));
#7484 = ( GEOMETRIC_REPRESENTATION_CONTEXT(2) 
PARAMETRIC_REPRESENTATION_CONTEXT() REPRESENTATION_CONTEXT('2D SPACE',''
  ) );
#7485 = ADVANCED_FACE('',(#7486),#6056,.T.);
#7486 = FACE_BOUND('',#7487,.T.);
#7487 = EDGE_LOOP('',(#7488,#7489,#7490,#7491));
#7488 = ORIENTED_EDGE('',*,*,#6040,.F.);
#7489 = ORIENTED_EDGE('',*,*,#7438,.F.);
#7490 = ORIENTED_EDGE('',*,*,#7101,.T.);
#7491 = ORIENTED_EDGE('',*,*,#7465,.T.);
#7492 = ADVANCED_FACE('',(#7493),#6171,.F.);
#7493 = FACE_BOUND('',#7494,.F.);
#7494 = EDGE_LOOP('',(#7495,#7496,#7517,#7518));
#7495 = ORIENTED_EDGE('',*,*,#7202,.F.);
#7496 = ORIENTED_EDGE('',*,*,#7497,.T.);
#7497 = EDGE_CURVE('',#7175,#6156,#7498,.T.);
#7498 = SURFACE_CURVE('',#7499,(#7503,#7510),.PCURVE_S1.);
#7499 = LINE('',#7500,#7501);
#7500 = CARTESIAN_POINT('',(-36.75,281.75,0.));
#7501 = VECTOR('',#7502,1.);
#7502 = DIRECTION('',(0.,0.,1.));
#7503 = PCURVE('',#6171,#7504);
#7504 = DEFINITIONAL_REPRESENTATION('',(#7505),#7509);
#7505 = LINE('',#7506,#7507);
#7506 = CARTESIAN_POINT('',(0.,0.));
#7507 = VECTOR('',#7508,1.);
#7508 = DIRECTION('',(0.,-1.));
#7509 = ( GEOMETRIC_REPRESENTATION_CONTEXT(2) 
PARAMETRIC_REPRESENTATION_CONTEXT() REPRESENTATION_CONTEXT('2D SPACE',''
  ) );
#7510 = PCURVE('',#6263,#7511);
#7511 = DEFINITIONAL_REPRESENTATION('',(#7512),#7516);
#7512 = LINE('',#7513,#7514);
#7513 = CARTESIAN_POINT('',(3.14159265359,0.));
#7514 = VECTOR('',#7515,1.);
#7515 = DIRECTION('',(0.,-1.));
#7516 = ( GEOMETRIC_REPRESENTATION_CONTEXT(2) 
PARAMETRIC_REPRESENTATION_CONTEXT() REPRESENTATION_CONTEXT('2D SPACE',''
  ) );
#7517 = ORIENTED_EDGE('',*,*,#6153,.F.);
#7518 = ORIENTED_EDGE('',*,*,#7519,.F.);
#7519 = EDGE_CURVE('',#7203,#6154,#7520,.T.);
#7520 = SURFACE_CURVE('',#7521,(#7525,#7532),.PCURVE_S1.);
#7521 = LINE('',#7522,#7523);
#7522 = CARTESIAN_POINT('',(-36.75,298.25,0.));
#7523 = VECTOR('',#7524,1.);
#7524 = DIRECTION('',(0.,0.,1.));
#7525 = PCURVE('',#6171,#7526);
#7526 = DEFINITIONAL_REPRESENTATION('',(#7527),#7531);
#7527 = LINE('',#7528,#7529);
#7528 = CARTESIAN_POINT('',(16.5,0.));
#7529 = VECTOR('',#7530,1.);
#7530 = DIRECTION('',(0.,-1.));
#7531 = ( GEOMETRIC_REPRESENTATION_CONTEXT(2) 
PARAMETRIC_REPRESENTATION_CONTEXT() REPRESENTATION_CONTEXT('2D SPACE',''
  ) );
#7532 = PCURVE('',#6204,#7533);
#7533 = DEFINITIONAL_REPRESENTATION('',(#7534),#7538);
#7534 = LINE('',#7535,#7536);
#7535 = CARTESIAN_POINT('',(0.,0.));
#7536 = VECTOR('',#7537,1.);
#7537 = DIRECTION('',(0.,-1.));
#7538 = ( GEOMETRIC_REPRESENTATION_CONTEXT(2) 
PARAMETRIC_REPRESENTATION_CONTEXT() REPRESENTATION_CONTEXT('2D SPACE',''
  ) );
#7539 = ADVANCED_FACE('',(#7540),#6204,.F.);
#7540 = FACE_BOUND('',#7541,.F.);
#7541 = EDGE_LOOP('',(#7542,#7543,#7544,#7545));
#7542 = ORIENTED_EDGE('',*,*,#7225,.F.);
#7543 = ORIENTED_EDGE('',*,*,#7519,.T.);
#7544 = ORIENTED_EDGE('',*,*,#6183,.T.);
#7545 = ORIENTED_EDGE('',*,*,#7546,.F.);
#7546 = EDGE_CURVE('',#7226,#6184,#7547,.T.);
#7547 = SURFACE_CURVE('',#7548,(#7552,#7559),.PCURVE_S1.);
#7548 = LINE('',#7549,#7550);
#7549 = CARTESIAN_POINT('',(-31.25,298.25,0.));
#7550 = VECTOR('',#7551,1.);
#7551 = DIRECTION('',(0.,0.,1.));
#7552 = PCURVE('',#6204,#7553);
#7553 = DEFINITIONAL_REPRESENTATION('',(#7554),#7558);
#7554 = LINE('',#7555,#7556);
#7555 = CARTESIAN_POINT('',(3.14159265359,0.));
#7556 = VECTOR('',#7557,1.);
#7557 = DIRECTION('',(0.,-1.));
#7558 = ( GEOMETRIC_REPRESENTATION_CONTEXT(2) 
PARAMETRIC_REPRESENTATION_CONTEXT() REPRESENTATION_CONTEXT('2D SPACE',''
  ) );
#7559 = PCURVE('',#6232,#7560);
#7560 = DEFINITIONAL_REPRESENTATION('',(#7561),#7565);
#7561 = LINE('',#7562,#7563);
#7562 = CARTESIAN_POINT('',(0.,0.));
#7563 = VECTOR('',#7564,1.);
#7564 = DIRECTION('',(0.,-1.));
#7565 = ( GEOMETRIC_REPRESENTATION_CONTEXT(2) 
PARAMETRIC_REPRESENTATION_CONTEXT() REPRESENTATION_CONTEXT('2D SPACE',''
  ) );
#7566 = ADVANCED_FACE('',(#7567),#6263,.F.);
#7567 = FACE_BOUND('',#7568,.F.);
#7568 = EDGE_LOOP('',(#7569,#7570,#7591,#7592));
#7569 = ORIENTED_EDGE('',*,*,#7172,.F.);
#7570 = ORIENTED_EDGE('',*,*,#7571,.T.);
#7571 = EDGE_CURVE('',#7173,#6217,#7572,.T.);
#7572 = SURFACE_CURVE('',#7573,(#7577,#7584),.PCURVE_S1.);
#7573 = LINE('',#7574,#7575);
#7574 = CARTESIAN_POINT('',(-31.25,281.75,0.));
#7575 = VECTOR('',#7576,1.);
#7576 = DIRECTION('',(0.,0.,1.));
#7577 = PCURVE('',#6263,#7578);
#7578 = DEFINITIONAL_REPRESENTATION('',(#7579),#7583);
#7579 = LINE('',#7580,#7581);
#7580 = CARTESIAN_POINT('',(0.,0.));
#7581 = VECTOR('',#7582,1.);
#7582 = DIRECTION('',(0.,-1.));
#7583 = ( GEOMETRIC_REPRESENTATION_CONTEXT(2) 
PARAMETRIC_REPRESENTATION_CONTEXT() REPRESENTATION_CONTEXT('2D SPACE',''
  ) );
#7584 = PCURVE('',#6232,#7585);
#7585 = DEFINITIONAL_REPRESENTATION('',(#7586),#7590);
#7586 = LINE('',#7587,#7588);
#7587 = CARTESIAN_POINT('',(16.5,0.));
#7588 = VECTOR('',#7589,1.);
#7589 = DIRECTION('',(0.,-1.));
#7590 = ( GEOMETRIC_REPRESENTATION_CONTEXT(2) 
PARAMETRIC_REPRESENTATION_CONTEXT() REPRESENTATION_CONTEXT('2D SPACE',''
  ) );
#7591 = ORIENTED_EDGE('',*,*,#6244,.T.);
#7592 = ORIENTED_EDGE('',*,*,#7497,.F.);
#7593 = ADVANCED_FACE('',(#7594),#6232,.F.);
#7594 = FACE_BOUND('',#7595,.F.);
#7595 = EDGE_LOOP('',(#7596,#7597,#7598,#7599));
#7596 = ORIENTED_EDGE('',*,*,#7253,.F.);
#7597 = ORIENTED_EDGE('',*,*,#7546,.T.);
#7598 = ORIENTED_EDGE('',*,*,#6216,.F.);
#7599 = ORIENTED_EDGE('',*,*,#7571,.F.);
#7600 = ADVANCED_FACE('',(#7601),#6295,.T.);
#7601 = FACE_BOUND('',#7602,.T.);
#7602 = EDGE_LOOP('',(#7603,#7626,#7627,#7650));
#7603 = ORIENTED_EDGE('',*,*,#7604,.F.);
#7604 = EDGE_CURVE('',#6278,#7605,#7607,.T.);
#7605 = VERTEX_POINT('',#7606);
#7606 = CARTESIAN_POINT('',(24.,284.,100.));
#7607 = SURFACE_CURVE('',#7608,(#7612,#7619),.PCURVE_S1.);
#7608 = LINE('',#7609,#7610);
#7609 = CARTESIAN_POINT('',(24.,284.,0.));
#7610 = VECTOR('',#7611,1.);
#7611 = DIRECTION('',(0.,0.,1.));
#7612 = PCURVE('',#6295,#7613);
#7613 = DEFINITIONAL_REPRESENTATION('',(#7614),#7618);
#7614 = LINE('',#7615,#7616);
#7615 = CARTESIAN_POINT('',(0.,0.));
#7616 = VECTOR('',#7617,1.);
#7617 = DIRECTION('',(1.,0.));
#7618 = ( GEOMETRIC_REPRESENTATION_CONTEXT(2) 
PARAMETRIC_REPRESENTATION_CONTEXT() REPRESENTATION_CONTEXT('2D SPACE',''
  ) );
#7619 = PCURVE('',#6323,#7620);
#7620 = DEFINITIONAL_REPRESENTATION('',(#7621),#7625);
#7621 = LINE('',#7622,#7623);
#7622 = CARTESIAN_POINT('',(0.,48.));
#7623 = VECTOR('',#7624,1.);
#7624 = DIRECTION('',(1.,0.));
#7625 = ( GEOMETRIC_REPRESENTATION_CONTEXT(2) 
PARAMETRIC_REPRESENTATION_CONTEXT() REPRESENTATION_CONTEXT('2D SPACE',''
  ) );
#7626 = ORIENTED_EDGE('',*,*,#6277,.T.);
#7627 = ORIENTED_EDGE('',*,*,#7628,.T.);
#7628 = EDGE_CURVE('',#6280,#7629,#7631,.T.);
#7629 = VERTEX_POINT('',#7630);
#7630 = CARTESIAN_POINT('',(24.,296.,100.));
#7631 = SURFACE_CURVE('',#7632,(#7636,#7643),.PCURVE_S1.);
#7632 = LINE('',#7633,#7634);
#7633 = CARTESIAN_POINT('',(24.,296.,0.));
#7634 = VECTOR('',#7635,1.);
#7635 = DIRECTION('',(0.,0.,1.));
#7636 = PCURVE('',#6295,#7637);
#7637 = DEFINITIONAL_REPRESENTATION('',(#7638),#7642);
#7638 = LINE('',#7639,#7640);
#7639 = CARTESIAN_POINT('',(0.,-12.));
#7640 = VECTOR('',#7641,1.);
#7641 = DIRECTION('',(1.,0.));
#7642 = ( GEOMETRIC_REPRESENTATION_CONTEXT(2) 
PARAMETRIC_REPRESENTATION_CONTEXT() REPRESENTATION_CONTEXT('2D SPACE',''
  ) );
#7643 = PCURVE('',#6593,#7644);
#7644 = DEFINITIONAL_REPRESENTATION('',(#7645),#7649);
#7645 = LINE('',#7646,#7647);
#7646 = CARTESIAN_POINT('',(0.,48.));
#7647 = VECTOR('',#7648,1.);
#7648 = DIRECTION('',(1.,0.));
#7649 = ( GEOMETRIC_REPRESENTATION_CONTEXT(2) 
PARAMETRIC_REPRESENTATION_CONTEXT() REPRESENTATION_CONTEXT('2D SPACE',''
  ) );
#7650 = ORIENTED_EDGE('',*,*,#7651,.F.);
#7651 = EDGE_CURVE('',#7605,#7629,#7652,.T.);
#7652 = SURFACE_CURVE('',#7653,(#7657,#7664),.PCURVE_S1.);
#7653 = LINE('',#7654,#7655);
#7654 = CARTESIAN_POINT('',(24.,284.,100.));
#7655 = VECTOR('',#7656,1.);
#7656 = DIRECTION('',(0.,1.,0.));
#7657 = PCURVE('',#6295,#7658);
#7658 = DEFINITIONAL_REPRESENTATION('',(#7659),#7663);
#7659 = LINE('',#7660,#7661);
#7660 = CARTESIAN_POINT('',(100.,0.));
#7661 = VECTOR('',#7662,1.);
#7662 = DIRECTION('',(0.,-1.));
#7663 = ( GEOMETRIC_REPRESENTATION_CONTEXT(2) 
PARAMETRIC_REPRESENTATION_CONTEXT() REPRESENTATION_CONTEXT('2D SPACE',''
  ) );
#7664 = PCURVE('',#7665,#7670);
#7665 = PLANE('',#7666);
#7666 = AXIS2_PLACEMENT_3D('',#7667,#7668,#7669);
#7667 = CARTESIAN_POINT('',(-24.,284.,100.));
#7668 = DIRECTION('',(0.,0.,1.));
#7669 = DIRECTION('',(1.,0.,0.));
#7670 = DEFINITIONAL_REPRESENTATION('',(#7671),#7675);
#7671 = LINE('',#7672,#7673);
#7672 = CARTESIAN_POINT('',(48.,0.));
#7673 = VECTOR('',#7674,1.);
#7674 = DIRECTION('',(0.,1.));
#7675 = ( GEOMETRIC_REPRESENTATION_CONTEXT(2) 
PARAMETRIC_REPRESENTATION_CONTEXT() REPRESENTATION_CONTEXT('2D SPACE',''
  ) );
#7676 = ADVANCED_FACE('',(#7677,#7918,#8032),#6323,.F.);
#7677 = FACE_BOUND('',#7678,.F.);
#7678 = EDGE_LOOP('',(#7679,#7680,#7681,#7704,#7727,#7748,#7749,#7772,
    #7795,#7816,#7817,#7840,#7868,#7897));
#7679 = ORIENTED_EDGE('',*,*,#7604,.F.);
#7680 = ORIENTED_EDGE('',*,*,#6307,.T.);
#7681 = ORIENTED_EDGE('',*,*,#7682,.F.);
#7682 = EDGE_CURVE('',#7683,#6308,#7685,.T.);
#7683 = VERTEX_POINT('',#7684);
#7684 = CARTESIAN_POINT('',(21.,284.,75.));
#7685 = SURFACE_CURVE('',#7686,(#7690,#7697),.PCURVE_S1.);
#7686 = LINE('',#7687,#7688);
#7687 = CARTESIAN_POINT('',(21.,284.,75.));
#7688 = VECTOR('',#7689,1.);
#7689 = DIRECTION('',(0.,0.,-1.));
#7690 = PCURVE('',#6323,#7691);
#7691 = DEFINITIONAL_REPRESENTATION('',(#7692),#7696);
#7692 = LINE('',#7693,#7694);
#7693 = CARTESIAN_POINT('',(75.,45.));
#7694 = VECTOR('',#7695,1.);
#7695 = DIRECTION('',(-1.,0.));
#7696 = ( GEOMETRIC_REPRESENTATION_CONTEXT(2) 
PARAMETRIC_REPRESENTATION_CONTEXT() REPRESENTATION_CONTEXT('2D SPACE',''
  ) );
#7697 = PCURVE('',#6351,#7698);
#7698 = DEFINITIONAL_REPRESENTATION('',(#7699),#7703);
#7699 = LINE('',#7700,#7701);
#7700 = CARTESIAN_POINT('',(-38.12012478773,-6.379875212264));
#7701 = VECTOR('',#7702,1.);
#7702 = DIRECTION('',(1.,0.));
#7703 = ( GEOMETRIC_REPRESENTATION_CONTEXT(2) 
PARAMETRIC_REPRESENTATION_CONTEXT() REPRESENTATION_CONTEXT('2D SPACE',''
  ) );
#7704 = ORIENTED_EDGE('',*,*,#7705,.F.);
#7705 = EDGE_CURVE('',#7706,#7683,#7708,.T.);
#7706 = VERTEX_POINT('',#7707);
#7707 = CARTESIAN_POINT('',(15.,284.,75.));
#7708 = SURFACE_CURVE('',#7709,(#7713,#7720),.PCURVE_S1.);
#7709 = LINE('',#7710,#7711);
#7710 = CARTESIAN_POINT('',(15.,284.,75.));
#7711 = VECTOR('',#7712,1.);
#7712 = DIRECTION('',(1.,0.,0.));
#7713 = PCURVE('',#6323,#7714);
#7714 = DEFINITIONAL_REPRESENTATION('',(#7715),#7719);
#7715 = LINE('',#7716,#7717);
#7716 = CARTESIAN_POINT('',(75.,39.));
#7717 = VECTOR('',#7718,1.);
#7718 = DIRECTION('',(0.,1.));
#7719 = ( GEOMETRIC_REPRESENTATION_CONTEXT(2) 
PARAMETRIC_REPRESENTATION_CONTEXT() REPRESENTATION_CONTEXT('2D SPACE',''
  ) );
#7720 = PCURVE('',#6379,#7721);
#7721 = DEFINITIONAL_REPRESENTATION('',(#7722),#7726);
#7722 = LINE('',#7723,#7724);
#7723 = CARTESIAN_POINT('',(70.519500849056,0.));
#7724 = VECTOR('',#7725,1.);
#7725 = DIRECTION('',(0.,-1.));
#7726 = ( GEOMETRIC_REPRESENTATION_CONTEXT(2) 
PARAMETRIC_REPRESENTATION_CONTEXT() REPRESENTATION_CONTEXT('2D SPACE',''
  ) );
#7727 = ORIENTED_EDGE('',*,*,#7728,.T.);
#7728 = EDGE_CURVE('',#7706,#6392,#7729,.T.);
#7729 = SURFACE_CURVE('',#7730,(#7734,#7741),.PCURVE_S1.);
#7730 = LINE('',#7731,#7732);
#7731 = CARTESIAN_POINT('',(15.,284.,75.));
#7732 = VECTOR('',#7733,1.);
#7733 = DIRECTION('',(0.,0.,-1.));
#7734 = PCURVE('',#6323,#7735);
#7735 = DEFINITIONAL_REPRESENTATION('',(#7736),#7740);
#7736 = LINE('',#7737,#7738);
#7737 = CARTESIAN_POINT('',(75.,39.));
#7738 = VECTOR('',#7739,1.);
#7739 = DIRECTION('',(-1.,0.));
#7740 = ( GEOMETRIC_REPRESENTATION_CONTEXT(2) 
PARAMETRIC_REPRESENTATION_CONTEXT() REPRESENTATION_CONTEXT('2D SPACE',''
  ) );
#7741 = PCURVE('',#6407,#7742);
#7742 = DEFINITIONAL_REPRESENTATION('',(#7743),#7747);
#7743 = LINE('',#7744,#7745);
#7744 = CARTESIAN_POINT('',(-38.12012478773,-6.379875212264));
#7745 = VECTOR('',#7746,1.);
#7746 = DIRECTION('',(1.,0.));
#7747 = ( GEOMETRIC_REPRESENTATION_CONTEXT(2) 
PARAMETRIC_REPRESENTATION_CONTEXT() REPRESENTATION_CONTEXT('2D SPACE',''
  ) );
#7748 = ORIENTED_EDGE('',*,*,#6419,.T.);
#7749 = ORIENTED_EDGE('',*,*,#7750,.F.);
#7750 = EDGE_CURVE('',#7751,#6420,#7753,.T.);
#7751 = VERTEX_POINT('',#7752);
#7752 = CARTESIAN_POINT('',(-15.,284.,75.));
#7753 = SURFACE_CURVE('',#7754,(#7758,#7765),.PCURVE_S1.);
#7754 = LINE('',#7755,#7756);
#7755 = CARTESIAN_POINT('',(-15.,284.,75.));
#7756 = VECTOR('',#7757,1.);
#7757 = DIRECTION('',(0.,0.,-1.));
#7758 = PCURVE('',#6323,#7759);
#7759 = DEFINITIONAL_REPRESENTATION('',(#7760),#7764);
#7760 = LINE('',#7761,#7762);
#7761 = CARTESIAN_POINT('',(75.,9.));
#7762 = VECTOR('',#7763,1.);
#7763 = DIRECTION('',(-1.,0.));
#7764 = ( GEOMETRIC_REPRESENTATION_CONTEXT(2) 
PARAMETRIC_REPRESENTATION_CONTEXT() REPRESENTATION_CONTEXT('2D SPACE',''
  ) );
#7765 = PCURVE('',#6458,#7766);
#7766 = DEFINITIONAL_REPRESENTATION('',(#7767),#7771);
#7767 = LINE('',#7768,#7769);
#7768 = CARTESIAN_POINT('',(-38.12012478773,-6.379875212264));
#7769 = VECTOR('',#7770,1.);
#7770 = DIRECTION('',(1.,0.));
#7771 = ( GEOMETRIC_REPRESENTATION_CONTEXT(2) 
PARAMETRIC_REPRESENTATION_CONTEXT() REPRESENTATION_CONTEXT('2D SPACE',''
  ) );
#7772 = ORIENTED_EDGE('',*,*,#7773,.F.);
#7773 = EDGE_CURVE('',#7774,#7751,#7776,.T.);
#7774 = VERTEX_POINT('',#7775);
#7775 = CARTESIAN_POINT('',(-21.,284.,75.));
#7776 = SURFACE_CURVE('',#7777,(#7781,#7788),.PCURVE_S1.);
#7777 = LINE('',#7778,#7779);
#7778 = CARTESIAN_POINT('',(-21.,284.,75.));
#7779 = VECTOR('',#7780,1.);
#7780 = DIRECTION('',(1.,0.,0.));
#7781 = PCURVE('',#6323,#7782);
#7782 = DEFINITIONAL_REPRESENTATION('',(#7783),#7787);
#7783 = LINE('',#7784,#7785);
#7784 = CARTESIAN_POINT('',(75.,3.));
#7785 = VECTOR('',#7786,1.);
#7786 = DIRECTION('',(0.,1.));
#7787 = ( GEOMETRIC_REPRESENTATION_CONTEXT(2) 
PARAMETRIC_REPRESENTATION_CONTEXT() REPRESENTATION_CONTEXT('2D SPACE',''
  ) );
#7788 = PCURVE('',#6486,#7789);
#7789 = DEFINITIONAL_REPRESENTATION('',(#7790),#7794);
#7790 = LINE('',#7791,#7792);
#7791 = CARTESIAN_POINT('',(70.519500849056,0.));
#7792 = VECTOR('',#7793,1.);
#7793 = DIRECTION('',(0.,-1.));
#7794 = ( GEOMETRIC_REPRESENTATION_CONTEXT(2) 
PARAMETRIC_REPRESENTATION_CONTEXT() REPRESENTATION_CONTEXT('2D SPACE',''
  ) );
#7795 = ORIENTED_EDGE('',*,*,#7796,.T.);
#7796 = EDGE_CURVE('',#7774,#6499,#7797,.T.);
#7797 = SURFACE_CURVE('',#7798,(#7802,#7809),.PCURVE_S1.);
#7798 = LINE('',#7799,#7800);
#7799 = CARTESIAN_POINT('',(-21.,284.,75.));
#7800 = VECTOR('',#7801,1.);
#7801 = DIRECTION('',(0.,0.,-1.));
#7802 = PCURVE('',#6323,#7803);
#7803 = DEFINITIONAL_REPRESENTATION('',(#7804),#7808);
#7804 = LINE('',#7805,#7806);
#7805 = CARTESIAN_POINT('',(75.,3.));
#7806 = VECTOR('',#7807,1.);
#7807 = DIRECTION('',(-1.,0.));
#7808 = ( GEOMETRIC_REPRESENTATION_CONTEXT(2) 
PARAMETRIC_REPRESENTATION_CONTEXT() REPRESENTATION_CONTEXT('2D SPACE',''
  ) );
#7809 = PCURVE('',#6514,#7810);
#7810 = DEFINITIONAL_REPRESENTATION('',(#7811),#7815);
#7811 = LINE('',#7812,#7813);
#7812 = CARTESIAN_POINT('',(-38.12012478773,-6.379875212264));
#7813 = VECTOR('',#7814,1.);
#7814 = DIRECTION('',(1.,0.));
#7815 = ( GEOMETRIC_REPRESENTATION_CONTEXT(2) 
PARAMETRIC_REPRESENTATION_CONTEXT() REPRESENTATION_CONTEXT('2D SPACE',''
  ) );
#7816 = ORIENTED_EDGE('',*,*,#6526,.T.);
#7817 = ORIENTED_EDGE('',*,*,#7818,.T.);
#7818 = EDGE_CURVE('',#6527,#7819,#7821,.T.);
#7819 = VERTEX_POINT('',#7820);
#7820 = CARTESIAN_POINT('',(-24.,284.,100.));
#7821 = SURFACE_CURVE('',#7822,(#7826,#7833),.PCURVE_S1.);
#7822 = LINE('',#7823,#7824);
#7823 = CARTESIAN_POINT('',(-24.,284.,0.));
#7824 = VECTOR('',#7825,1.);
#7825 = DIRECTION('',(0.,0.,1.));
#7826 = PCURVE('',#6323,#7827);
#7827 = DEFINITIONAL_REPRESENTATION('',(#7828),#7832);
#7828 = LINE('',#7829,#7830);
#7829 = CARTESIAN_POINT('',(0.,0.));
#7830 = VECTOR('',#7831,1.);
#7831 = DIRECTION('',(1.,0.));
#7832 = ( GEOMETRIC_REPRESENTATION_CONTEXT(2) 
PARAMETRIC_REPRESENTATION_CONTEXT() REPRESENTATION_CONTEXT('2D SPACE',''
  ) );
#7833 = PCURVE('',#6565,#7834);
#7834 = DEFINITIONAL_REPRESENTATION('',(#7835),#7839);
#7835 = LINE('',#7836,#7837);
#7836 = CARTESIAN_POINT('',(0.,0.));
#7837 = VECTOR('',#7838,1.);
#7838 = DIRECTION('',(1.,0.));
#7839 = ( GEOMETRIC_REPRESENTATION_CONTEXT(2) 
PARAMETRIC_REPRESENTATION_CONTEXT() REPRESENTATION_CONTEXT('2D SPACE',''
  ) );
#7840 = ORIENTED_EDGE('',*,*,#7841,.T.);
#7841 = EDGE_CURVE('',#7819,#7842,#7844,.T.);
#7842 = VERTEX_POINT('',#7843);
#7843 = CARTESIAN_POINT('',(-8.,284.,100.));
#7844 = SURFACE_CURVE('',#7845,(#7849,#7856),.PCURVE_S1.);
#7845 = LINE('',#7846,#7847);
#7846 = CARTESIAN_POINT('',(-24.,284.,100.));
#7847 = VECTOR('',#7848,1.);
#7848 = DIRECTION('',(1.,0.,0.));
#7849 = PCURVE('',#6323,#7850);
#7850 = DEFINITIONAL_REPRESENTATION('',(#7851),#7855);
#7851 = LINE('',#7852,#7853);
#7852 = CARTESIAN_POINT('',(100.,0.));
#7853 = VECTOR('',#7854,1.);
#7854 = DIRECTION('',(0.,1.));
#7855 = ( GEOMETRIC_REPRESENTATION_CONTEXT(2) 
PARAMETRIC_REPRESENTATION_CONTEXT() REPRESENTATION_CONTEXT('2D SPACE',''
  ) );
#7856 = PCURVE('',#7857,#7862);
#7857 = PLANE('',#7858);
#7858 = AXIS2_PLACEMENT_3D('',#7859,#7860,#7861);
#7859 = CARTESIAN_POINT('',(-24.,284.,100.));
#7860 = DIRECTION('',(0.,0.,1.));
#7861 = DIRECTION('',(1.,0.,0.));
#7862 = DEFINITIONAL_REPRESENTATION('',(#7863),#7867);
#7863 = LINE('',#7864,#7865);
#7864 = CARTESIAN_POINT('',(0.,0.));
#7865 = VECTOR('',#7866,1.);
#7866 = DIRECTION('',(1.,0.));
#7867 = ( GEOMETRIC_REPRESENTATION_CONTEXT(2) 
PARAMETRIC_REPRESENTATION_CONTEXT() REPRESENTATION_CONTEXT('2D SPACE',''
  ) );
#7868 = ORIENTED_EDGE('',*,*,#7869,.F.);
#7869 = EDGE_CURVE('',#7870,#7842,#7872,.T.);
#7870 = VERTEX_POINT('',#7871);
#7871 = CARTESIAN_POINT('',(8.,284.,100.));
#7872 = SURFACE_CURVE('',#7873,(#7878,#7885),.PCURVE_S1.);
#7873 = CIRCLE('',#7874,8.);
#7874 = AXIS2_PLACEMENT_3D('',#7875,#7876,#7877);
#7875 = CARTESIAN_POINT('',(0.,284.,100.));
#7876 = DIRECTION('',(0.,1.,0.));
#7877 = DIRECTION('',(0.,-0.,1.));
#7878 = PCURVE('',#6323,#7879);
#7879 = DEFINITIONAL_REPRESENTATION('',(#7880),#7884);
#7880 = CIRCLE('',#7881,8.);
#7881 = AXIS2_PLACEMENT_2D('',#7882,#7883);
#7882 = CARTESIAN_POINT('',(100.,24.));
#7883 = DIRECTION('',(1.,0.));
#7884 = ( GEOMETRIC_REPRESENTATION_CONTEXT(2) 
PARAMETRIC_REPRESENTATION_CONTEXT() REPRESENTATION_CONTEXT('2D SPACE',''
  ) );
#7885 = PCURVE('',#7886,#7891);
#7886 = CYLINDRICAL_SURFACE('',#7887,8.);
#7887 = AXIS2_PLACEMENT_3D('',#7888,#7889,#7890);
#7888 = CARTESIAN_POINT('',(0.,283.,100.));
#7889 = DIRECTION('',(0.,1.,0.));
#7890 = DIRECTION('',(0.,-0.,1.));
#7891 = DEFINITIONAL_REPRESENTATION('',(#7892),#7896);
#7892 = LINE('',#7893,#7894);
#7893 = CARTESIAN_POINT('',(0.,1.));
#7894 = VECTOR('',#7895,1.);
#7895 = DIRECTION('',(1.,0.));
#7896 = ( GEOMETRIC_REPRESENTATION_CONTEXT(2) 
PARAMETRIC_REPRESENTATION_CONTEXT() REPRESENTATION_CONTEXT('2D SPACE',''
  ) );
#7897 = ORIENTED_EDGE('',*,*,#7898,.T.);
#7898 = EDGE_CURVE('',#7870,#7605,#7899,.T.);
#7899 = SURFACE_CURVE('',#7900,(#7904,#7911),.PCURVE_S1.);
#7900 = LINE('',#7901,#7902);
#7901 = CARTESIAN_POINT('',(-24.,284.,100.));
#7902 = VECTOR('',#7903,1.);
#7903 = DIRECTION('',(1.,0.,0.));
#7904 = PCURVE('',#6323,#7905);
#7905 = DEFINITIONAL_REPRESENTATION('',(#7906),#7910);
#7906 = LINE('',#7907,#7908);
#7907 = CARTESIAN_POINT('',(100.,0.));
#7908 = VECTOR('',#7909,1.);
#7909 = DIRECTION('',(0.,1.));
#7910 = ( GEOMETRIC_REPRESENTATION_CONTEXT(2) 
PARAMETRIC_REPRESENTATION_CONTEXT() REPRESENTATION_CONTEXT('2D SPACE',''
  ) );
#7911 = PCURVE('',#7665,#7912);
#7912 = DEFINITIONAL_REPRESENTATION('',(#7913),#7917);
#7913 = LINE('',#7914,#7915);
#7914 = CARTESIAN_POINT('',(0.,0.));
#7915 = VECTOR('',#7916,1.);
#7916 = DIRECTION('',(1.,0.));
#7917 = ( GEOMETRIC_REPRESENTATION_CONTEXT(2) 
PARAMETRIC_REPRESENTATION_CONTEXT() REPRESENTATION_CONTEXT('2D SPACE',''
  ) );
#7918 = FACE_BOUND('',#7919,.F.);
#7919 = EDGE_LOOP('',(#7920,#7950,#7978,#8006));
#7920 = ORIENTED_EDGE('',*,*,#7921,.F.);
#7921 = EDGE_CURVE('',#7922,#7924,#7926,.T.);
#7922 = VERTEX_POINT('',#7923);
#7923 = CARTESIAN_POINT('',(-20.9,284.,85.3));
#7924 = VERTEX_POINT('',#7925);
#7925 = CARTESIAN_POINT('',(-15.1,284.,85.3));
#7926 = SURFACE_CURVE('',#7927,(#7931,#7938),.PCURVE_S1.);
#7927 = LINE('',#7928,#7929);
#7928 = CARTESIAN_POINT('',(-20.9,284.,85.3));
#7929 = VECTOR('',#7930,1.);
#7930 = DIRECTION('',(1.,0.,0.));
#7931 = PCURVE('',#6323,#7932);
#7932 = DEFINITIONAL_REPRESENTATION('',(#7933),#7937);
#7933 = LINE('',#7934,#7935);
#7934 = CARTESIAN_POINT('',(85.3,3.1));
#7935 = VECTOR('',#7936,1.);
#7936 = DIRECTION('',(0.,1.));
#7937 = ( GEOMETRIC_REPRESENTATION_CONTEXT(2) 
PARAMETRIC_REPRESENTATION_CONTEXT() REPRESENTATION_CONTEXT('2D SPACE',''
  ) );
#7938 = PCURVE('',#7939,#7944);
#7939 = PLANE('',#7940);
#7940 = AXIS2_PLACEMENT_3D('',#7941,#7942,#7943);
#7941 = CARTESIAN_POINT('',(-20.9,284.,85.3));
#7942 = DIRECTION('',(0.,0.,1.));
#7943 = DIRECTION('',(1.,0.,0.));
#7944 = DEFINITIONAL_REPRESENTATION('',(#7945),#7949);
#7945 = LINE('',#7946,#7947);
#7946 = CARTESIAN_POINT('',(0.,0.));
#7947 = VECTOR('',#7948,1.);
#7948 = DIRECTION('',(1.,0.));
#7949 = ( GEOMETRIC_REPRESENTATION_CONTEXT(2) 
PARAMETRIC_REPRESENTATION_CONTEXT() REPRESENTATION_CONTEXT('2D SPACE',''
  ) );
#7950 = ORIENTED_EDGE('',*,*,#7951,.F.);
#7951 = EDGE_CURVE('',#7952,#7922,#7954,.T.);
#7952 = VERTEX_POINT('',#7953);
#7953 = CARTESIAN_POINT('',(-20.9,284.,82.));
#7954 = SURFACE_CURVE('',#7955,(#7959,#7966),.PCURVE_S1.);
#7955 = LINE('',#7956,#7957);
#7956 = CARTESIAN_POINT('',(-20.9,284.,82.));
#7957 = VECTOR('',#7958,1.);
#7958 = DIRECTION('',(0.,0.,1.));
#7959 = PCURVE('',#6323,#7960);
#7960 = DEFINITIONAL_REPRESENTATION('',(#7961),#7965);
#7961 = LINE('',#7962,#7963);
#7962 = CARTESIAN_POINT('',(82.,3.1));
#7963 = VECTOR('',#7964,1.);
#7964 = DIRECTION('',(1.,0.));
#7965 = ( GEOMETRIC_REPRESENTATION_CONTEXT(2) 
PARAMETRIC_REPRESENTATION_CONTEXT() REPRESENTATION_CONTEXT('2D SPACE',''
  ) );
#7966 = PCURVE('',#7967,#7972);
#7967 = PLANE('',#7968);
#7968 = AXIS2_PLACEMENT_3D('',#7969,#7970,#7971);
#7969 = CARTESIAN_POINT('',(-20.9,284.,82.));
#7970 = DIRECTION('',(1.,0.,0.));
#7971 = DIRECTION('',(0.,0.,1.));
#7972 = DEFINITIONAL_REPRESENTATION('',(#7973),#7977);
#7973 = LINE('',#7974,#7975);
#7974 = CARTESIAN_POINT('',(0.,0.));
#7975 = VECTOR('',#7976,1.);
#7976 = DIRECTION('',(1.,0.));
#7977 = ( GEOMETRIC_REPRESENTATION_CONTEXT(2) 
PARAMETRIC_REPRESENTATION_CONTEXT() REPRESENTATION_CONTEXT('2D SPACE',''
  ) );
#7978 = ORIENTED_EDGE('',*,*,#7979,.T.);
#7979 = EDGE_CURVE('',#7952,#7980,#7982,.T.);
#7980 = VERTEX_POINT('',#7981);
#7981 = CARTESIAN_POINT('',(-15.1,284.,82.));
#7982 = SURFACE_CURVE('',#7983,(#7987,#7994),.PCURVE_S1.);
#7983 = LINE('',#7984,#7985);
#7984 = CARTESIAN_POINT('',(-20.9,284.,82.));
#7985 = VECTOR('',#7986,1.);
#7986 = DIRECTION('',(1.,0.,0.));
#7987 = PCURVE('',#6323,#7988);
#7988 = DEFINITIONAL_REPRESENTATION('',(#7989),#7993);
#7989 = LINE('',#7990,#7991);
#7990 = CARTESIAN_POINT('',(82.,3.1));
#7991 = VECTOR('',#7992,1.);
#7992 = DIRECTION('',(0.,1.));
#7993 = ( GEOMETRIC_REPRESENTATION_CONTEXT(2) 
PARAMETRIC_REPRESENTATION_CONTEXT() REPRESENTATION_CONTEXT('2D SPACE',''
  ) );
#7994 = PCURVE('',#7995,#8000);
#7995 = PLANE('',#7996);
#7996 = AXIS2_PLACEMENT_3D('',#7997,#7998,#7999);
#7997 = CARTESIAN_POINT('',(-20.9,284.,82.));
#7998 = DIRECTION('',(0.,0.,1.));
#7999 = DIRECTION('',(1.,0.,0.));
#8000 = DEFINITIONAL_REPRESENTATION('',(#8001),#8005);
#8001 = LINE('',#8002,#8003);
#8002 = CARTESIAN_POINT('',(0.,0.));
#8003 = VECTOR('',#8004,1.);
#8004 = DIRECTION('',(1.,0.));
#8005 = ( GEOMETRIC_REPRESENTATION_CONTEXT(2) 
PARAMETRIC_REPRESENTATION_CONTEXT() REPRESENTATION_CONTEXT('2D SPACE',''
  ) );
#8006 = ORIENTED_EDGE('',*,*,#8007,.T.);
#8007 = EDGE_CURVE('',#7980,#7924,#8008,.T.);
#8008 = SURFACE_CURVE('',#8009,(#8013,#8020),.PCURVE_S1.);
#8009 = LINE('',#8010,#8011);
#8010 = CARTESIAN_POINT('',(-15.1,284.,82.));
#8011 = VECTOR('',#8012,1.);
#8012 = DIRECTION('',(0.,0.,1.));
#8013 = PCURVE('',#6323,#8014);
#8014 = DEFINITIONAL_REPRESENTATION('',(#8015),#8019);
#8015 = LINE('',#8016,#8017);
#8016 = CARTESIAN_POINT('',(82.,8.9));
#8017 = VECTOR('',#8018,1.);
#8018 = DIRECTION('',(1.,0.));
#8019 = ( GEOMETRIC_REPRESENTATION_CONTEXT(2) 
PARAMETRIC_REPRESENTATION_CONTEXT() REPRESENTATION_CONTEXT('2D SPACE',''
  ) );
#8020 = PCURVE('',#8021,#8026);
#8021 = PLANE('',#8022);
#8022 = AXIS2_PLACEMENT_3D('',#8023,#8024,#8025);
#8023 = CARTESIAN_POINT('',(-15.1,284.,82.));
#8024 = DIRECTION('',(1.,0.,0.));
#8025 = DIRECTION('',(0.,0.,1.));
#8026 = DEFINITIONAL_REPRESENTATION('',(#8027),#8031);
#8027 = LINE('',#8028,#8029);
#8028 = CARTESIAN_POINT('',(0.,0.));
#8029 = VECTOR('',#8030,1.);
#8030 = DIRECTION('',(1.,0.));
#8031 = ( GEOMETRIC_REPRESENTATION_CONTEXT(2) 
PARAMETRIC_REPRESENTATION_CONTEXT() REPRESENTATION_CONTEXT('2D SPACE',''
  ) );
#8032 = FACE_BOUND('',#8033,.F.);
#8033 = EDGE_LOOP('',(#8034,#8064,#8092,#8120));
#8034 = ORIENTED_EDGE('',*,*,#8035,.F.);
#8035 = EDGE_CURVE('',#8036,#8038,#8040,.T.);
#8036 = VERTEX_POINT('',#8037);
#8037 = CARTESIAN_POINT('',(15.1,284.,85.3));
#8038 = VERTEX_POINT('',#8039);
#8039 = CARTESIAN_POINT('',(20.9,284.,85.3));
#8040 = SURFACE_CURVE('',#8041,(#8045,#8052),.PCURVE_S1.);
#8041 = LINE('',#8042,#8043);
#8042 = CARTESIAN_POINT('',(15.1,284.,85.3));
#8043 = VECTOR('',#8044,1.);
#8044 = DIRECTION('',(1.,0.,0.));
#8045 = PCURVE('',#6323,#8046);
#8046 = DEFINITIONAL_REPRESENTATION('',(#8047),#8051);
#8047 = LINE('',#8048,#8049);
#8048 = CARTESIAN_POINT('',(85.3,39.1));
#8049 = VECTOR('',#8050,1.);
#8050 = DIRECTION('',(0.,1.));
#8051 = ( GEOMETRIC_REPRESENTATION_CONTEXT(2) 
PARAMETRIC_REPRESENTATION_CONTEXT() REPRESENTATION_CONTEXT('2D SPACE',''
  ) );
#8052 = PCURVE('',#8053,#8058);
#8053 = PLANE('',#8054);
#8054 = AXIS2_PLACEMENT_3D('',#8055,#8056,#8057);
#8055 = CARTESIAN_POINT('',(15.1,284.,85.3));
#8056 = DIRECTION('',(0.,0.,1.));
#8057 = DIRECTION('',(1.,0.,0.));
#8058 = DEFINITIONAL_REPRESENTATION('',(#8059),#8063);
#8059 = LINE('',#8060,#8061);
#8060 = CARTESIAN_POINT('',(0.,0.));
#8061 = VECTOR('',#8062,1.);
#8062 = DIRECTION('',(1.,0.));
#8063 = ( GEOMETRIC_REPRESENTATION_CONTEXT(2) 
PARAMETRIC_REPRESENTATION_CONTEXT() REPRESENTATION_CONTEXT('2D SPACE',''
  ) );
#8064 = ORIENTED_EDGE('',*,*,#8065,.F.);
#8065 = EDGE_CURVE('',#8066,#8036,#8068,.T.);
#8066 = VERTEX_POINT('',#8067);
#8067 = CARTESIAN_POINT('',(15.1,284.,82.));
#8068 = SURFACE_CURVE('',#8069,(#8073,#8080),.PCURVE_S1.);
#8069 = LINE('',#8070,#8071);
#8070 = CARTESIAN_POINT('',(15.1,284.,82.));
#8071 = VECTOR('',#8072,1.);
#8072 = DIRECTION('',(0.,0.,1.));
#8073 = PCURVE('',#6323,#8074);
#8074 = DEFINITIONAL_REPRESENTATION('',(#8075),#8079);
#8075 = LINE('',#8076,#8077);
#8076 = CARTESIAN_POINT('',(82.,39.1));
#8077 = VECTOR('',#8078,1.);
#8078 = DIRECTION('',(1.,0.));
#8079 = ( GEOMETRIC_REPRESENTATION_CONTEXT(2) 
PARAMETRIC_REPRESENTATION_CONTEXT() REPRESENTATION_CONTEXT('2D SPACE',''
  ) );
#8080 = PCURVE('',#8081,#8086);
#8081 = PLANE('',#8082);
#8082 = AXIS2_PLACEMENT_3D('',#8083,#8084,#8085);
#8083 = CARTESIAN_POINT('',(15.1,284.,82.));
#8084 = DIRECTION('',(1.,0.,0.));
#8085 = DIRECTION('',(0.,0.,1.));
#8086 = DEFINITIONAL_REPRESENTATION('',(#8087),#8091);
#8087 = LINE('',#8088,#8089);
#8088 = CARTESIAN_POINT('',(0.,0.));
#8089 = VECTOR('',#8090,1.);
#8090 = DIRECTION('',(1.,0.));
#8091 = ( GEOMETRIC_REPRESENTATION_CONTEXT(2) 
PARAMETRIC_REPRESENTATION_CONTEXT() REPRESENTATION_CONTEXT('2D SPACE',''
  ) );
#8092 = ORIENTED_EDGE('',*,*,#8093,.T.);
#8093 = EDGE_CURVE('',#8066,#8094,#8096,.T.);
#8094 = VERTEX_POINT('',#8095);
#8095 = CARTESIAN_POINT('',(20.9,284.,82.));
#8096 = SURFACE_CURVE('',#8097,(#8101,#8108),.PCURVE_S1.);
#8097 = LINE('',#8098,#8099);
#8098 = CARTESIAN_POINT('',(15.1,284.,82.));
#8099 = VECTOR('',#8100,1.);
#8100 = DIRECTION('',(1.,0.,0.));
#8101 = PCURVE('',#6323,#8102);
#8102 = DEFINITIONAL_REPRESENTATION('',(#8103),#8107);
#8103 = LINE('',#8104,#8105);
#8104 = CARTESIAN_POINT('',(82.,39.1));
#8105 = VECTOR('',#8106,1.);
#8106 = DIRECTION('',(0.,1.));
#8107 = ( GEOMETRIC_REPRESENTATION_CONTEXT(2) 
PARAMETRIC_REPRESENTATION_CONTEXT() REPRESENTATION_CONTEXT('2D SPACE',''
  ) );
#8108 = PCURVE('',#8109,#8114);
#8109 = PLANE('',#8110);
#8110 = AXIS2_PLACEMENT_3D('',#8111,#8112,#8113);
#8111 = CARTESIAN_POINT('',(15.1,284.,82.));
#8112 = DIRECTION('',(0.,0.,1.));
#8113 = DIRECTION('',(1.,0.,0.));
#8114 = DEFINITIONAL_REPRESENTATION('',(#8115),#8119);
#8115 = LINE('',#8116,#8117);
#8116 = CARTESIAN_POINT('',(0.,0.));
#8117 = VECTOR('',#8118,1.);
#8118 = DIRECTION('',(1.,0.));
#8119 = ( GEOMETRIC_REPRESENTATION_CONTEXT(2) 
PARAMETRIC_REPRESENTATION_CONTEXT() REPRESENTATION_CONTEXT('2D SPACE',''
  ) );
#8120 = ORIENTED_EDGE('',*,*,#8121,.T.);
#8121 = EDGE_CURVE('',#8094,#8038,#8122,.T.);
#8122 = SURFACE_CURVE('',#8123,(#8127,#8134),.PCURVE_S1.);
#8123 = LINE('',#8124,#8125);
#8124 = CARTESIAN_POINT('',(20.9,284.,82.));
#8125 = VECTOR('',#8126,1.);
#8126 = DIRECTION('',(0.,0.,1.));
#8127 = PCURVE('',#6323,#8128);
#8128 = DEFINITIONAL_REPRESENTATION('',(#8129),#8133);
#8129 = LINE('',#8130,#8131);
#8130 = CARTESIAN_POINT('',(82.,44.9));
#8131 = VECTOR('',#8132,1.);
#8132 = DIRECTION('',(1.,0.));
#8133 = ( GEOMETRIC_REPRESENTATION_CONTEXT(2) 
PARAMETRIC_REPRESENTATION_CONTEXT() REPRESENTATION_CONTEXT('2D SPACE',''
  ) );
#8134 = PCURVE('',#8135,#8140);
#8135 = PLANE('',#8136);
#8136 = AXIS2_PLACEMENT_3D('',#8137,#8138,#8139);
#8137 = CARTESIAN_POINT('',(20.9,284.,82.));
#8138 = DIRECTION('',(1.,0.,0.));
#8139 = DIRECTION('',(0.,0.,1.));
#8140 = DEFINITIONAL_REPRESENTATION('',(#8141),#8145);
#8141 = LINE('',#8142,#8143);
#8142 = CARTESIAN_POINT('',(0.,0.));
#8143 = VECTOR('',#8144,1.);
#8144 = DIRECTION('',(1.,0.));
#8145 = ( GEOMETRIC_REPRESENTATION_CONTEXT(2) 
PARAMETRIC_REPRESENTATION_CONTEXT() REPRESENTATION_CONTEXT('2D SPACE',''
  ) );
#8146 = ADVANCED_FACE('',(#8147),#6593,.T.);
#8147 = FACE_BOUND('',#8148,.T.);
#8148 = EDGE_LOOP('',(#8149,#8150,#8151,#8174,#8197,#8218,#8219,#8242,
    #8265,#8286,#8287,#8310,#8333,#8362));
#8149 = ORIENTED_EDGE('',*,*,#7628,.F.);
#8150 = ORIENTED_EDGE('',*,*,#6796,.T.);
#8151 = ORIENTED_EDGE('',*,*,#8152,.F.);
#8152 = EDGE_CURVE('',#8153,#6769,#8155,.T.);
#8153 = VERTEX_POINT('',#8154);
#8154 = CARTESIAN_POINT('',(21.,296.,75.));
#8155 = SURFACE_CURVE('',#8156,(#8160,#8167),.PCURVE_S1.);
#8156 = LINE('',#8157,#8158);
#8157 = CARTESIAN_POINT('',(21.,296.,75.));
#8158 = VECTOR('',#8159,1.);
#8159 = DIRECTION('',(0.,0.,-1.));
#8160 = PCURVE('',#6593,#8161);
#8161 = DEFINITIONAL_REPRESENTATION('',(#8162),#8166);
#8162 = LINE('',#8163,#8164);
#8163 = CARTESIAN_POINT('',(75.,45.));
#8164 = VECTOR('',#8165,1.);
#8165 = DIRECTION('',(-1.,0.));
#8166 = ( GEOMETRIC_REPRESENTATION_CONTEXT(2) 
PARAMETRIC_REPRESENTATION_CONTEXT() REPRESENTATION_CONTEXT('2D SPACE',''
  ) );
#8167 = PCURVE('',#6784,#8168);
#8168 = DEFINITIONAL_REPRESENTATION('',(#8169),#8173);
#8169 = LINE('',#8170,#8171);
#8170 = CARTESIAN_POINT('',(38.120124787736,6.379875212264));
#8171 = VECTOR('',#8172,1.);
#8172 = DIRECTION('',(-1.,0.));
#8173 = ( GEOMETRIC_REPRESENTATION_CONTEXT(2) 
PARAMETRIC_REPRESENTATION_CONTEXT() REPRESENTATION_CONTEXT('2D SPACE',''
  ) );
#8174 = ORIENTED_EDGE('',*,*,#8175,.F.);
#8175 = EDGE_CURVE('',#8176,#8153,#8178,.T.);
#8176 = VERTEX_POINT('',#8177);
#8177 = CARTESIAN_POINT('',(15.,296.,75.));
#8178 = SURFACE_CURVE('',#8179,(#8183,#8190),.PCURVE_S1.);
#8179 = LINE('',#8180,#8181);
#8180 = CARTESIAN_POINT('',(15.,296.,75.));
#8181 = VECTOR('',#8182,1.);
#8182 = DIRECTION('',(1.,0.,0.));
#8183 = PCURVE('',#6593,#8184);
#8184 = DEFINITIONAL_REPRESENTATION('',(#8185),#8189);
#8185 = LINE('',#8186,#8187);
#8186 = CARTESIAN_POINT('',(75.,39.));
#8187 = VECTOR('',#8188,1.);
#8188 = DIRECTION('',(0.,1.));
#8189 = ( GEOMETRIC_REPRESENTATION_CONTEXT(2) 
PARAMETRIC_REPRESENTATION_CONTEXT() REPRESENTATION_CONTEXT('2D SPACE',''
  ) );
#8190 = PCURVE('',#6756,#8191);
#8191 = DEFINITIONAL_REPRESENTATION('',(#8192),#8196);
#8192 = LINE('',#8193,#8194);
#8193 = CARTESIAN_POINT('',(70.519500849056,0.));
#8194 = VECTOR('',#8195,1.);
#8195 = DIRECTION('',(0.,-1.));
#8196 = ( GEOMETRIC_REPRESENTATION_CONTEXT(2) 
PARAMETRIC_REPRESENTATION_CONTEXT() REPRESENTATION_CONTEXT('2D SPACE',''
  ) );
#8197 = ORIENTED_EDGE('',*,*,#8198,.T.);
#8198 = EDGE_CURVE('',#8176,#6690,#8199,.T.);
#8199 = SURFACE_CURVE('',#8200,(#8204,#8211),.PCURVE_S1.);
#8200 = LINE('',#8201,#8202);
#8201 = CARTESIAN_POINT('',(15.,296.,75.));
#8202 = VECTOR('',#8203,1.);
#8203 = DIRECTION('',(0.,0.,-1.));
#8204 = PCURVE('',#6593,#8205);
#8205 = DEFINITIONAL_REPRESENTATION('',(#8206),#8210);
#8206 = LINE('',#8207,#8208);
#8207 = CARTESIAN_POINT('',(75.,39.));
#8208 = VECTOR('',#8209,1.);
#8209 = DIRECTION('',(-1.,0.));
#8210 = ( GEOMETRIC_REPRESENTATION_CONTEXT(2) 
PARAMETRIC_REPRESENTATION_CONTEXT() REPRESENTATION_CONTEXT('2D SPACE',''
  ) );
#8211 = PCURVE('',#6728,#8212);
#8212 = DEFINITIONAL_REPRESENTATION('',(#8213),#8217);
#8213 = LINE('',#8214,#8215);
#8214 = CARTESIAN_POINT('',(38.120124787736,6.379875212264));
#8215 = VECTOR('',#8216,1.);
#8216 = DIRECTION('',(-1.,0.));
#8217 = ( GEOMETRIC_REPRESENTATION_CONTEXT(2) 
PARAMETRIC_REPRESENTATION_CONTEXT() REPRESENTATION_CONTEXT('2D SPACE',''
  ) );
#8218 = ORIENTED_EDGE('',*,*,#6689,.T.);
#8219 = ORIENTED_EDGE('',*,*,#8220,.F.);
#8220 = EDGE_CURVE('',#8221,#6662,#8223,.T.);
#8221 = VERTEX_POINT('',#8222);
#8222 = CARTESIAN_POINT('',(-15.,296.,75.));
#8223 = SURFACE_CURVE('',#8224,(#8228,#8235),.PCURVE_S1.);
#8224 = LINE('',#8225,#8226);
#8225 = CARTESIAN_POINT('',(-15.,296.,75.));
#8226 = VECTOR('',#8227,1.);
#8227 = DIRECTION('',(0.,0.,-1.));
#8228 = PCURVE('',#6593,#8229);
#8229 = DEFINITIONAL_REPRESENTATION('',(#8230),#8234);
#8230 = LINE('',#8231,#8232);
#8231 = CARTESIAN_POINT('',(75.,9.));
#8232 = VECTOR('',#8233,1.);
#8233 = DIRECTION('',(-1.,0.));
#8234 = ( GEOMETRIC_REPRESENTATION_CONTEXT(2) 
PARAMETRIC_REPRESENTATION_CONTEXT() REPRESENTATION_CONTEXT('2D SPACE',''
  ) );
#8235 = PCURVE('',#6677,#8236);
#8236 = DEFINITIONAL_REPRESENTATION('',(#8237),#8241);
#8237 = LINE('',#8238,#8239);
#8238 = CARTESIAN_POINT('',(38.120124787736,6.379875212264));
#8239 = VECTOR('',#8240,1.);
#8240 = DIRECTION('',(-1.,0.));
#8241 = ( GEOMETRIC_REPRESENTATION_CONTEXT(2) 
PARAMETRIC_REPRESENTATION_CONTEXT() REPRESENTATION_CONTEXT('2D SPACE',''
  ) );
#8242 = ORIENTED_EDGE('',*,*,#8243,.F.);
#8243 = EDGE_CURVE('',#8244,#8221,#8246,.T.);
#8244 = VERTEX_POINT('',#8245);
#8245 = CARTESIAN_POINT('',(-21.,296.,75.));
#8246 = SURFACE_CURVE('',#8247,(#8251,#8258),.PCURVE_S1.);
#8247 = LINE('',#8248,#8249);
#8248 = CARTESIAN_POINT('',(-21.,296.,75.));
#8249 = VECTOR('',#8250,1.);
#8250 = DIRECTION('',(1.,0.,0.));
#8251 = PCURVE('',#6593,#8252);
#8252 = DEFINITIONAL_REPRESENTATION('',(#8253),#8257);
#8253 = LINE('',#8254,#8255);
#8254 = CARTESIAN_POINT('',(75.,3.));
#8255 = VECTOR('',#8256,1.);
#8256 = DIRECTION('',(0.,1.));
#8257 = ( GEOMETRIC_REPRESENTATION_CONTEXT(2) 
PARAMETRIC_REPRESENTATION_CONTEXT() REPRESENTATION_CONTEXT('2D SPACE',''
  ) );
#8258 = PCURVE('',#6649,#8259);
#8259 = DEFINITIONAL_REPRESENTATION('',(#8260),#8264);
#8260 = LINE('',#8261,#8262);
#8261 = CARTESIAN_POINT('',(70.519500849056,0.));
#8262 = VECTOR('',#8263,1.);
#8263 = DIRECTION('',(0.,-1.));
#8264 = ( GEOMETRIC_REPRESENTATION_CONTEXT(2) 
PARAMETRIC_REPRESENTATION_CONTEXT() REPRESENTATION_CONTEXT('2D SPACE',''
  ) );
#8265 = ORIENTED_EDGE('',*,*,#8266,.T.);
#8266 = EDGE_CURVE('',#8244,#6578,#8267,.T.);
#8267 = SURFACE_CURVE('',#8268,(#8272,#8279),.PCURVE_S1.);
#8268 = LINE('',#8269,#8270);
#8269 = CARTESIAN_POINT('',(-21.,296.,75.));
#8270 = VECTOR('',#8271,1.);
#8271 = DIRECTION('',(0.,0.,-1.));
#8272 = PCURVE('',#6593,#8273);
#8273 = DEFINITIONAL_REPRESENTATION('',(#8274),#8278);
#8274 = LINE('',#8275,#8276);
#8275 = CARTESIAN_POINT('',(75.,3.));
#8276 = VECTOR('',#8277,1.);
#8277 = DIRECTION('',(-1.,0.));
#8278 = ( GEOMETRIC_REPRESENTATION_CONTEXT(2) 
PARAMETRIC_REPRESENTATION_CONTEXT() REPRESENTATION_CONTEXT('2D SPACE',''
  ) );
#8279 = PCURVE('',#6621,#8280);
#8280 = DEFINITIONAL_REPRESENTATION('',(#8281),#8285);
#8281 = LINE('',#8282,#8283);
#8282 = CARTESIAN_POINT('',(38.120124787736,6.379875212264));
#8283 = VECTOR('',#8284,1.);
#8284 = DIRECTION('',(-1.,0.));
#8285 = ( GEOMETRIC_REPRESENTATION_CONTEXT(2) 
PARAMETRIC_REPRESENTATION_CONTEXT() REPRESENTATION_CONTEXT('2D SPACE',''
  ) );
#8286 = ORIENTED_EDGE('',*,*,#6577,.T.);
#8287 = ORIENTED_EDGE('',*,*,#8288,.T.);
#8288 = EDGE_CURVE('',#6550,#8289,#8291,.T.);
#8289 = VERTEX_POINT('',#8290);
#8290 = CARTESIAN_POINT('',(-24.,296.,100.));
#8291 = SURFACE_CURVE('',#8292,(#8296,#8303),.PCURVE_S1.);
#8292 = LINE('',#8293,#8294);
#8293 = CARTESIAN_POINT('',(-24.,296.,0.));
#8294 = VECTOR('',#8295,1.);
#8295 = DIRECTION('',(0.,0.,1.));
#8296 = PCURVE('',#6593,#8297);
#8297 = DEFINITIONAL_REPRESENTATION('',(#8298),#8302);
#8298 = LINE('',#8299,#8300);
#8299 = CARTESIAN_POINT('',(0.,0.));
#8300 = VECTOR('',#8301,1.);
#8301 = DIRECTION('',(1.,0.));
#8302 = ( GEOMETRIC_REPRESENTATION_CONTEXT(2) 
PARAMETRIC_REPRESENTATION_CONTEXT() REPRESENTATION_CONTEXT('2D SPACE',''
  ) );
#8303 = PCURVE('',#6565,#8304);
#8304 = DEFINITIONAL_REPRESENTATION('',(#8305),#8309);
#8305 = LINE('',#8306,#8307);
#8306 = CARTESIAN_POINT('',(0.,-12.));
#8307 = VECTOR('',#8308,1.);
#8308 = DIRECTION('',(1.,0.));
#8309 = ( GEOMETRIC_REPRESENTATION_CONTEXT(2) 
PARAMETRIC_REPRESENTATION_CONTEXT() REPRESENTATION_CONTEXT('2D SPACE',''
  ) );
#8310 = ORIENTED_EDGE('',*,*,#8311,.T.);
#8311 = EDGE_CURVE('',#8289,#8312,#8314,.T.);
#8312 = VERTEX_POINT('',#8313);
#8313 = CARTESIAN_POINT('',(-8.,296.,100.));
#8314 = SURFACE_CURVE('',#8315,(#8319,#8326),.PCURVE_S1.);
#8315 = LINE('',#8316,#8317);
#8316 = CARTESIAN_POINT('',(-24.,296.,100.));
#8317 = VECTOR('',#8318,1.);
#8318 = DIRECTION('',(1.,0.,0.));
#8319 = PCURVE('',#6593,#8320);
#8320 = DEFINITIONAL_REPRESENTATION('',(#8321),#8325);
#8321 = LINE('',#8322,#8323);
#8322 = CARTESIAN_POINT('',(100.,0.));
#8323 = VECTOR('',#8324,1.);
#8324 = DIRECTION('',(0.,1.));
#8325 = ( GEOMETRIC_REPRESENTATION_CONTEXT(2) 
PARAMETRIC_REPRESENTATION_CONTEXT() REPRESENTATION_CONTEXT('2D SPACE',''
  ) );
#8326 = PCURVE('',#7857,#8327);
#8327 = DEFINITIONAL_REPRESENTATION('',(#8328),#8332);
#8328 = LINE('',#8329,#8330);
#8329 = CARTESIAN_POINT('',(0.,12.));
#8330 = VECTOR('',#8331,1.);
#8331 = DIRECTION('',(1.,0.));
#8332 = ( GEOMETRIC_REPRESENTATION_CONTEXT(2) 
PARAMETRIC_REPRESENTATION_CONTEXT() REPRESENTATION_CONTEXT('2D SPACE',''
  ) );
#8333 = ORIENTED_EDGE('',*,*,#8334,.F.);
#8334 = EDGE_CURVE('',#8335,#8312,#8337,.T.);
#8335 = VERTEX_POINT('',#8336);
#8336 = CARTESIAN_POINT('',(8.,296.,100.));
#8337 = SURFACE_CURVE('',#8338,(#8343,#8350),.PCURVE_S1.);
#8338 = CIRCLE('',#8339,8.);
#8339 = AXIS2_PLACEMENT_3D('',#8340,#8341,#8342);
#8340 = CARTESIAN_POINT('',(0.,296.,100.));
#8341 = DIRECTION('',(0.,1.,0.));
#8342 = DIRECTION('',(0.,-0.,1.));
#8343 = PCURVE('',#6593,#8344);
#8344 = DEFINITIONAL_REPRESENTATION('',(#8345),#8349);
#8345 = CIRCLE('',#8346,8.);
#8346 = AXIS2_PLACEMENT_2D('',#8347,#8348);
#8347 = CARTESIAN_POINT('',(100.,24.));
#8348 = DIRECTION('',(1.,0.));
#8349 = ( GEOMETRIC_REPRESENTATION_CONTEXT(2) 
PARAMETRIC_REPRESENTATION_CONTEXT() REPRESENTATION_CONTEXT('2D SPACE',''
  ) );
#8350 = PCURVE('',#8351,#8356);
#8351 = CYLINDRICAL_SURFACE('',#8352,8.);
#8352 = AXIS2_PLACEMENT_3D('',#8353,#8354,#8355);
#8353 = CARTESIAN_POINT('',(0.,283.,100.));
#8354 = DIRECTION('',(0.,1.,0.));
#8355 = DIRECTION('',(0.,-0.,1.));
#8356 = DEFINITIONAL_REPRESENTATION('',(#8357),#8361);
#8357 = LINE('',#8358,#8359);
#8358 = CARTESIAN_POINT('',(0.,13.));
#8359 = VECTOR('',#8360,1.);
#8360 = DIRECTION('',(1.,0.));
#8361 = ( GEOMETRIC_REPRESENTATION_CONTEXT(2) 
PARAMETRIC_REPRESENTATION_CONTEXT() REPRESENTATION_CONTEXT('2D SPACE',''
  ) );
#8362 = ORIENTED_EDGE('',*,*,#8363,.T.);
#8363 = EDGE_CURVE('',#8335,#7629,#8364,.T.);
#8364 = SURFACE_CURVE('',#8365,(#8369,#8376),.PCURVE_S1.);
#8365 = LINE('',#8366,#8367);
#8366 = CARTESIAN_POINT('',(-24.,296.,100.));
#8367 = VECTOR('',#8368,1.);
#8368 = DIRECTION('',(1.,0.,0.));
#8369 = PCURVE('',#6593,#8370);
#8370 = DEFINITIONAL_REPRESENTATION('',(#8371),#8375);
#8371 = LINE('',#8372,#8373);
#8372 = CARTESIAN_POINT('',(100.,0.));
#8373 = VECTOR('',#8374,1.);
#8374 = DIRECTION('',(0.,1.));
#8375 = ( GEOMETRIC_REPRESENTATION_CONTEXT(2) 
PARAMETRIC_REPRESENTATION_CONTEXT() REPRESENTATION_CONTEXT('2D SPACE',''
  ) );
#8376 = PCURVE('',#7665,#8377);
#8377 = DEFINITIONAL_REPRESENTATION('',(#8378),#8382);
#8378 = LINE('',#8379,#8380);
#8379 = CARTESIAN_POINT('',(0.,12.));
#8380 = VECTOR('',#8381,1.);
#8381 = DIRECTION('',(1.,0.));
#8382 = ( GEOMETRIC_REPRESENTATION_CONTEXT(2) 
PARAMETRIC_REPRESENTATION_CONTEXT() REPRESENTATION_CONTEXT('2D SPACE',''
  ) );
#8383 = ADVANCED_FACE('',(#8384),#6351,.F.);
#8384 = FACE_BOUND('',#8385,.F.);
#8385 = EDGE_LOOP('',(#8386,#8387,#8408));
#8386 = ORIENTED_EDGE('',*,*,#6335,.T.);
#8387 = ORIENTED_EDGE('',*,*,#8388,.T.);
#8388 = EDGE_CURVE('',#6336,#7683,#8389,.T.);
#8389 = SURFACE_CURVE('',#8390,(#8394,#8401),.PCURVE_S1.);
#8390 = LINE('',#8391,#8392);
#8391 = CARTESIAN_POINT('',(21.,262.,8.));
#8392 = VECTOR('',#8393,1.);
#8393 = DIRECTION('',(0.,0.311970444134,0.950091807136));
#8394 = PCURVE('',#6351,#8395);
#8395 = DEFINITIONAL_REPRESENTATION('',(#8396),#8400);
#8396 = LINE('',#8397,#8398);
#8397 = CARTESIAN_POINT('',(28.879875212264,15.620124787736));
#8398 = VECTOR('',#8399,1.);
#8399 = DIRECTION('',(-0.950091807136,-0.311970444134));
#8400 = ( GEOMETRIC_REPRESENTATION_CONTEXT(2) 
PARAMETRIC_REPRESENTATION_CONTEXT() REPRESENTATION_CONTEXT('2D SPACE',''
  ) );
#8401 = PCURVE('',#6379,#8402);
#8402 = DEFINITIONAL_REPRESENTATION('',(#8403),#8407);
#8403 = LINE('',#8404,#8405);
#8404 = CARTESIAN_POINT('',(0.,-6.));
#8405 = VECTOR('',#8406,1.);
#8406 = DIRECTION('',(1.,0.));
#8407 = ( GEOMETRIC_REPRESENTATION_CONTEXT(2) 
PARAMETRIC_REPRESENTATION_CONTEXT() REPRESENTATION_CONTEXT('2D SPACE',''
  ) );
#8408 = ORIENTED_EDGE('',*,*,#7682,.T.);
#8409 = ADVANCED_FACE('',(#8410),#6784,.T.);
#8410 = FACE_BOUND('',#8411,.T.);
#8411 = EDGE_LOOP('',(#8412,#8413,#8434));
#8412 = ORIENTED_EDGE('',*,*,#6768,.T.);
#8413 = ORIENTED_EDGE('',*,*,#8414,.T.);
#8414 = EDGE_CURVE('',#6741,#8153,#8415,.T.);
#8415 = SURFACE_CURVE('',#8416,(#8420,#8427),.PCURVE_S1.);
#8416 = LINE('',#8417,#8418);
#8417 = CARTESIAN_POINT('',(21.,318.,8.));
#8418 = VECTOR('',#8419,1.);
#8419 = DIRECTION('',(0.,-0.311970444134,0.950091807136));
#8420 = PCURVE('',#6784,#8421);
#8421 = DEFINITIONAL_REPRESENTATION('',(#8422),#8426);
#8422 = LINE('',#8423,#8424);
#8423 = CARTESIAN_POINT('',(-28.87987521226,-15.62012478773));
#8424 = VECTOR('',#8425,1.);
#8425 = DIRECTION('',(0.950091807136,0.311970444134));
#8426 = ( GEOMETRIC_REPRESENTATION_CONTEXT(2) 
PARAMETRIC_REPRESENTATION_CONTEXT() REPRESENTATION_CONTEXT('2D SPACE',''
  ) );
#8427 = PCURVE('',#6756,#8428);
#8428 = DEFINITIONAL_REPRESENTATION('',(#8429),#8433);
#8429 = LINE('',#8430,#8431);
#8430 = CARTESIAN_POINT('',(0.,-6.));
#8431 = VECTOR('',#8432,1.);
#8432 = DIRECTION('',(1.,0.));
#8433 = ( GEOMETRIC_REPRESENTATION_CONTEXT(2) 
PARAMETRIC_REPRESENTATION_CONTEXT() REPRESENTATION_CONTEXT('2D SPACE',''
  ) );
#8434 = ORIENTED_EDGE('',*,*,#8152,.T.);
#8435 = ADVANCED_FACE('',(#8436),#6379,.T.);
#8436 = FACE_BOUND('',#8437,.T.);
#8437 = EDGE_LOOP('',(#8438,#8439,#8440,#8441));
#8438 = ORIENTED_EDGE('',*,*,#6363,.T.);
#8439 = ORIENTED_EDGE('',*,*,#8388,.T.);
#8440 = ORIENTED_EDGE('',*,*,#7705,.F.);
#8441 = ORIENTED_EDGE('',*,*,#8442,.F.);
#8442 = EDGE_CURVE('',#6364,#7706,#8443,.T.);
#8443 = SURFACE_CURVE('',#8444,(#8448,#8455),.PCURVE_S1.);
#8444 = LINE('',#8445,#8446);
#8445 = CARTESIAN_POINT('',(15.,262.,8.));
#8446 = VECTOR('',#8447,1.);
#8447 = DIRECTION('',(0.,0.311970444134,0.950091807136));
#8448 = PCURVE('',#6379,#8449);
#8449 = DEFINITIONAL_REPRESENTATION('',(#8450),#8454);
#8450 = LINE('',#8451,#8452);
#8451 = CARTESIAN_POINT('',(0.,0.));
#8452 = VECTOR('',#8453,1.);
#8453 = DIRECTION('',(1.,0.));
#8454 = ( GEOMETRIC_REPRESENTATION_CONTEXT(2) 
PARAMETRIC_REPRESENTATION_CONTEXT() REPRESENTATION_CONTEXT('2D SPACE',''
  ) );
#8455 = PCURVE('',#6407,#8456);
#8456 = DEFINITIONAL_REPRESENTATION('',(#8457),#8461);
#8457 = LINE('',#8458,#8459);
#8458 = CARTESIAN_POINT('',(28.879875212264,15.620124787736));
#8459 = VECTOR('',#8460,1.);
#8460 = DIRECTION('',(-0.950091807136,-0.311970444134));
#8461 = ( GEOMETRIC_REPRESENTATION_CONTEXT(2) 
PARAMETRIC_REPRESENTATION_CONTEXT() REPRESENTATION_CONTEXT('2D SPACE',''
  ) );
#8462 = ADVANCED_FACE('',(#8463),#6756,.F.);
#8463 = FACE_BOUND('',#8464,.F.);
#8464 = EDGE_LOOP('',(#8465,#8466,#8467,#8468));
#8465 = ORIENTED_EDGE('',*,*,#6740,.T.);
#8466 = ORIENTED_EDGE('',*,*,#8414,.T.);
#8467 = ORIENTED_EDGE('',*,*,#8175,.F.);
#8468 = ORIENTED_EDGE('',*,*,#8469,.F.);
#8469 = EDGE_CURVE('',#6713,#8176,#8470,.T.);
#8470 = SURFACE_CURVE('',#8471,(#8475,#8482),.PCURVE_S1.);
#8471 = LINE('',#8472,#8473);
#8472 = CARTESIAN_POINT('',(15.,318.,8.));
#8473 = VECTOR('',#8474,1.);
#8474 = DIRECTION('',(0.,-0.311970444134,0.950091807136));
#8475 = PCURVE('',#6756,#8476);
#8476 = DEFINITIONAL_REPRESENTATION('',(#8477),#8481);
#8477 = LINE('',#8478,#8479);
#8478 = CARTESIAN_POINT('',(0.,0.));
#8479 = VECTOR('',#8480,1.);
#8480 = DIRECTION('',(1.,0.));
#8481 = ( GEOMETRIC_REPRESENTATION_CONTEXT(2) 
PARAMETRIC_REPRESENTATION_CONTEXT() REPRESENTATION_CONTEXT('2D SPACE',''
  ) );
#8482 = PCURVE('',#6728,#8483);
#8483 = DEFINITIONAL_REPRESENTATION('',(#8484),#8488);
#8484 = LINE('',#8485,#8486);
#8485 = CARTESIAN_POINT('',(-28.87987521226,-15.62012478773));
#8486 = VECTOR('',#8487,1.);
#8487 = DIRECTION('',(0.950091807136,0.311970444134));
#8488 = ( GEOMETRIC_REPRESENTATION_CONTEXT(2) 
PARAMETRIC_REPRESENTATION_CONTEXT() REPRESENTATION_CONTEXT('2D SPACE',''
  ) );
#8489 = ADVANCED_FACE('',(#8490),#6407,.T.);
#8490 = FACE_BOUND('',#8491,.T.);
#8491 = EDGE_LOOP('',(#8492,#8493,#8494));
#8492 = ORIENTED_EDGE('',*,*,#6391,.T.);
#8493 = ORIENTED_EDGE('',*,*,#8442,.T.);
#8494 = ORIENTED_EDGE('',*,*,#7728,.T.);
#8495 = ADVANCED_FACE('',(#8496),#6728,.F.);
#8496 = FACE_BOUND('',#8497,.F.);
#8497 = EDGE_LOOP('',(#8498,#8499,#8500));
#8498 = ORIENTED_EDGE('',*,*,#6712,.T.);
#8499 = ORIENTED_EDGE('',*,*,#8469,.T.);
#8500 = ORIENTED_EDGE('',*,*,#8198,.T.);
#8501 = ADVANCED_FACE('',(#8502),#6458,.F.);
#8502 = FACE_BOUND('',#8503,.F.);
#8503 = EDGE_LOOP('',(#8504,#8505,#8526));
#8504 = ORIENTED_EDGE('',*,*,#6442,.T.);
#8505 = ORIENTED_EDGE('',*,*,#8506,.T.);
#8506 = EDGE_CURVE('',#6443,#7751,#8507,.T.);
#8507 = SURFACE_CURVE('',#8508,(#8512,#8519),.PCURVE_S1.);
#8508 = LINE('',#8509,#8510);
#8509 = CARTESIAN_POINT('',(-15.,262.,8.));
#8510 = VECTOR('',#8511,1.);
#8511 = DIRECTION('',(0.,0.311970444134,0.950091807136));
#8512 = PCURVE('',#6458,#8513);
#8513 = DEFINITIONAL_REPRESENTATION('',(#8514),#8518);
#8514 = LINE('',#8515,#8516);
#8515 = CARTESIAN_POINT('',(28.879875212264,15.620124787736));
#8516 = VECTOR('',#8517,1.);
#8517 = DIRECTION('',(-0.950091807136,-0.311970444134));
#8518 = ( GEOMETRIC_REPRESENTATION_CONTEXT(2) 
PARAMETRIC_REPRESENTATION_CONTEXT() REPRESENTATION_CONTEXT('2D SPACE',''
  ) );
#8519 = PCURVE('',#6486,#8520);
#8520 = DEFINITIONAL_REPRESENTATION('',(#8521),#8525);
#8521 = LINE('',#8522,#8523);
#8522 = CARTESIAN_POINT('',(0.,-6.));
#8523 = VECTOR('',#8524,1.);
#8524 = DIRECTION('',(1.,0.));
#8525 = ( GEOMETRIC_REPRESENTATION_CONTEXT(2) 
PARAMETRIC_REPRESENTATION_CONTEXT() REPRESENTATION_CONTEXT('2D SPACE',''
  ) );
#8526 = ORIENTED_EDGE('',*,*,#7750,.T.);
#8527 = ADVANCED_FACE('',(#8528),#6677,.T.);
#8528 = FACE_BOUND('',#8529,.T.);
#8529 = EDGE_LOOP('',(#8530,#8531,#8552));
#8530 = ORIENTED_EDGE('',*,*,#6661,.T.);
#8531 = ORIENTED_EDGE('',*,*,#8532,.T.);
#8532 = EDGE_CURVE('',#6634,#8221,#8533,.T.);
#8533 = SURFACE_CURVE('',#8534,(#8538,#8545),.PCURVE_S1.);
#8534 = LINE('',#8535,#8536);
#8535 = CARTESIAN_POINT('',(-15.,318.,8.));
#8536 = VECTOR('',#8537,1.);
#8537 = DIRECTION('',(0.,-0.311970444134,0.950091807136));
#8538 = PCURVE('',#6677,#8539);
#8539 = DEFINITIONAL_REPRESENTATION('',(#8540),#8544);
#8540 = LINE('',#8541,#8542);
#8541 = CARTESIAN_POINT('',(-28.87987521226,-15.62012478773));
#8542 = VECTOR('',#8543,1.);
#8543 = DIRECTION('',(0.950091807136,0.311970444134));
#8544 = ( GEOMETRIC_REPRESENTATION_CONTEXT(2) 
PARAMETRIC_REPRESENTATION_CONTEXT() REPRESENTATION_CONTEXT('2D SPACE',''
  ) );
#8545 = PCURVE('',#6649,#8546);
#8546 = DEFINITIONAL_REPRESENTATION('',(#8547),#8551);
#8547 = LINE('',#8548,#8549);
#8548 = CARTESIAN_POINT('',(0.,-6.));
#8549 = VECTOR('',#8550,1.);
#8550 = DIRECTION('',(1.,0.));
#8551 = ( GEOMETRIC_REPRESENTATION_CONTEXT(2) 
PARAMETRIC_REPRESENTATION_CONTEXT() REPRESENTATION_CONTEXT('2D SPACE',''
  ) );
#8552 = ORIENTED_EDGE('',*,*,#8220,.T.);
#8553 = ADVANCED_FACE('',(#8554),#6486,.T.);
#8554 = FACE_BOUND('',#8555,.T.);
#8555 = EDGE_LOOP('',(#8556,#8557,#8558,#8559));
#8556 = ORIENTED_EDGE('',*,*,#6470,.T.);
#8557 = ORIENTED_EDGE('',*,*,#8506,.T.);
#8558 = ORIENTED_EDGE('',*,*,#7773,.F.);
#8559 = ORIENTED_EDGE('',*,*,#8560,.F.);
#8560 = EDGE_CURVE('',#6471,#7774,#8561,.T.);
#8561 = SURFACE_CURVE('',#8562,(#8566,#8573),.PCURVE_S1.);
#8562 = LINE('',#8563,#8564);
#8563 = CARTESIAN_POINT('',(-21.,262.,8.));
#8564 = VECTOR('',#8565,1.);
#8565 = DIRECTION('',(0.,0.311970444134,0.950091807136));
#8566 = PCURVE('',#6486,#8567);
#8567 = DEFINITIONAL_REPRESENTATION('',(#8568),#8572);
#8568 = LINE('',#8569,#8570);
#8569 = CARTESIAN_POINT('',(0.,0.));
#8570 = VECTOR('',#8571,1.);
#8571 = DIRECTION('',(1.,0.));
#8572 = ( GEOMETRIC_REPRESENTATION_CONTEXT(2) 
PARAMETRIC_REPRESENTATION_CONTEXT() REPRESENTATION_CONTEXT('2D SPACE',''
  ) );
#8573 = PCURVE('',#6514,#8574);
#8574 = DEFINITIONAL_REPRESENTATION('',(#8575),#8579);
#8575 = LINE('',#8576,#8577);
#8576 = CARTESIAN_POINT('',(28.879875212264,15.620124787736));
#8577 = VECTOR('',#8578,1.);
#8578 = DIRECTION('',(-0.950091807136,-0.311970444134));
#8579 = ( GEOMETRIC_REPRESENTATION_CONTEXT(2) 
PARAMETRIC_REPRESENTATION_CONTEXT() REPRESENTATION_CONTEXT('2D SPACE',''
  ) );
#8580 = ADVANCED_FACE('',(#8581),#6649,.F.);
#8581 = FACE_BOUND('',#8582,.F.);
#8582 = EDGE_LOOP('',(#8583,#8584,#8585,#8586));
#8583 = ORIENTED_EDGE('',*,*,#6633,.T.);
#8584 = ORIENTED_EDGE('',*,*,#8532,.T.);
#8585 = ORIENTED_EDGE('',*,*,#8243,.F.);
#8586 = ORIENTED_EDGE('',*,*,#8587,.F.);
#8587 = EDGE_CURVE('',#6606,#8244,#8588,.T.);
#8588 = SURFACE_CURVE('',#8589,(#8593,#8600),.PCURVE_S1.);
#8589 = LINE('',#8590,#8591);
#8590 = CARTESIAN_POINT('',(-21.,318.,8.));
#8591 = VECTOR('',#8592,1.);
#8592 = DIRECTION('',(0.,-0.311970444134,0.950091807136));
#8593 = PCURVE('',#6649,#8594);
#8594 = DEFINITIONAL_REPRESENTATION('',(#8595),#8599);
#8595 = LINE('',#8596,#8597);
#8596 = CARTESIAN_POINT('',(0.,0.));
#8597 = VECTOR('',#8598,1.);
#8598 = DIRECTION('',(1.,0.));
#8599 = ( GEOMETRIC_REPRESENTATION_CONTEXT(2) 
PARAMETRIC_REPRESENTATION_CONTEXT() REPRESENTATION_CONTEXT('2D SPACE',''
  ) );
#8600 = PCURVE('',#6621,#8601);
#8601 = DEFINITIONAL_REPRESENTATION('',(#8602),#8606);
#8602 = LINE('',#8603,#8604);
#8603 = CARTESIAN_POINT('',(-28.87987521226,-15.62012478773));
#8604 = VECTOR('',#8605,1.);
#8605 = DIRECTION('',(0.950091807136,0.311970444134));
#8606 = ( GEOMETRIC_REPRESENTATION_CONTEXT(2) 
PARAMETRIC_REPRESENTATION_CONTEXT() REPRESENTATION_CONTEXT('2D SPACE',''
  ) );
#8607 = ADVANCED_FACE('',(#8608),#6514,.T.);
#8608 = FACE_BOUND('',#8609,.T.);
#8609 = EDGE_LOOP('',(#8610,#8611,#8612));
#8610 = ORIENTED_EDGE('',*,*,#6498,.T.);
#8611 = ORIENTED_EDGE('',*,*,#8560,.T.);
#8612 = ORIENTED_EDGE('',*,*,#7796,.T.);
#8613 = ADVANCED_FACE('',(#8614),#6621,.F.);
#8614 = FACE_BOUND('',#8615,.F.);
#8615 = EDGE_LOOP('',(#8616,#8617,#8618));
#8616 = ORIENTED_EDGE('',*,*,#6605,.T.);
#8617 = ORIENTED_EDGE('',*,*,#8587,.T.);
#8618 = ORIENTED_EDGE('',*,*,#8266,.T.);
#8619 = ADVANCED_FACE('',(#8620),#6565,.F.);
#8620 = FACE_BOUND('',#8621,.F.);
#8621 = EDGE_LOOP('',(#8622,#8623,#8624,#8625));
#8622 = ORIENTED_EDGE('',*,*,#7818,.F.);
#8623 = ORIENTED_EDGE('',*,*,#6549,.T.);
#8624 = ORIENTED_EDGE('',*,*,#8288,.T.);
#8625 = ORIENTED_EDGE('',*,*,#8626,.F.);
#8626 = EDGE_CURVE('',#7819,#8289,#8627,.T.);
#8627 = SURFACE_CURVE('',#8628,(#8632,#8639),.PCURVE_S1.);
#8628 = LINE('',#8629,#8630);
#8629 = CARTESIAN_POINT('',(-24.,284.,100.));
#8630 = VECTOR('',#8631,1.);
#8631 = DIRECTION('',(0.,1.,0.));
#8632 = PCURVE('',#6565,#8633);
#8633 = DEFINITIONAL_REPRESENTATION('',(#8634),#8638);
#8634 = LINE('',#8635,#8636);
#8635 = CARTESIAN_POINT('',(100.,0.));
#8636 = VECTOR('',#8637,1.);
#8637 = DIRECTION('',(0.,-1.));
#8638 = ( GEOMETRIC_REPRESENTATION_CONTEXT(2) 
PARAMETRIC_REPRESENTATION_CONTEXT() REPRESENTATION_CONTEXT('2D SPACE',''
  ) );
#8639 = PCURVE('',#7857,#8640);
#8640 = DEFINITIONAL_REPRESENTATION('',(#8641),#8645);
#8641 = LINE('',#8642,#8643);
#8642 = CARTESIAN_POINT('',(0.,0.));
#8643 = VECTOR('',#8644,1.);
#8644 = DIRECTION('',(0.,1.));
#8645 = ( GEOMETRIC_REPRESENTATION_CONTEXT(2) 
PARAMETRIC_REPRESENTATION_CONTEXT() REPRESENTATION_CONTEXT('2D SPACE',''
  ) );
#8646 = ADVANCED_FACE('',(#8647),#6837,.F.);
#8647 = FACE_BOUND('',#8648,.F.);
#8648 = EDGE_LOOP('',(#8649,#8650,#8671,#8672));
#8649 = ORIENTED_EDGE('',*,*,#7306,.F.);
#8650 = ORIENTED_EDGE('',*,*,#8651,.T.);
#8651 = EDGE_CURVE('',#7279,#6822,#8652,.T.);
#8652 = SURFACE_CURVE('',#8653,(#8657,#8664),.PCURVE_S1.);
#8653 = LINE('',#8654,#8655);
#8654 = CARTESIAN_POINT('',(31.25,281.75,0.));
#8655 = VECTOR('',#8656,1.);
#8656 = DIRECTION('',(0.,0.,1.));
#8657 = PCURVE('',#6837,#8658);
#8658 = DEFINITIONAL_REPRESENTATION('',(#8659),#8663);
#8659 = LINE('',#8660,#8661);
#8660 = CARTESIAN_POINT('',(0.,0.));
#8661 = VECTOR('',#8662,1.);
#8662 = DIRECTION('',(0.,-1.));
#8663 = ( GEOMETRIC_REPRESENTATION_CONTEXT(2) 
PARAMETRIC_REPRESENTATION_CONTEXT() REPRESENTATION_CONTEXT('2D SPACE',''
  ) );
#8664 = PCURVE('',#6929,#8665);
#8665 = DEFINITIONAL_REPRESENTATION('',(#8666),#8670);
#8666 = LINE('',#8667,#8668);
#8667 = CARTESIAN_POINT('',(3.14159265359,0.));
#8668 = VECTOR('',#8669,1.);
#8669 = DIRECTION('',(0.,-1.));
#8670 = ( GEOMETRIC_REPRESENTATION_CONTEXT(2) 
PARAMETRIC_REPRESENTATION_CONTEXT() REPRESENTATION_CONTEXT('2D SPACE',''
  ) );
#8671 = ORIENTED_EDGE('',*,*,#6819,.F.);
#8672 = ORIENTED_EDGE('',*,*,#8673,.F.);
#8673 = EDGE_CURVE('',#7307,#6820,#8674,.T.);
#8674 = SURFACE_CURVE('',#8675,(#8679,#8686),.PCURVE_S1.);
#8675 = LINE('',#8676,#8677);
#8676 = CARTESIAN_POINT('',(31.25,298.25,0.));
#8677 = VECTOR('',#8678,1.);
#8678 = DIRECTION('',(0.,0.,1.));
#8679 = PCURVE('',#6837,#8680);
#8680 = DEFINITIONAL_REPRESENTATION('',(#8681),#8685);
#8681 = LINE('',#8682,#8683);
#8682 = CARTESIAN_POINT('',(16.5,0.));
#8683 = VECTOR('',#8684,1.);
#8684 = DIRECTION('',(0.,-1.));
#8685 = ( GEOMETRIC_REPRESENTATION_CONTEXT(2) 
PARAMETRIC_REPRESENTATION_CONTEXT() REPRESENTATION_CONTEXT('2D SPACE',''
  ) );
#8686 = PCURVE('',#6870,#8687);
#8687 = DEFINITIONAL_REPRESENTATION('',(#8688),#8692);
#8688 = LINE('',#8689,#8690);
#8689 = CARTESIAN_POINT('',(0.,0.));
#8690 = VECTOR('',#8691,1.);
#8691 = DIRECTION('',(0.,-1.));
#8692 = ( GEOMETRIC_REPRESENTATION_CONTEXT(2) 
PARAMETRIC_REPRESENTATION_CONTEXT() REPRESENTATION_CONTEXT('2D SPACE',''
  ) );
#8693 = ADVANCED_FACE('',(#8694),#6929,.F.);
#8694 = FACE_BOUND('',#8695,.F.);
#8695 = EDGE_LOOP('',(#8696,#8697,#8718,#8719));
#8696 = ORIENTED_EDGE('',*,*,#7276,.F.);
#8697 = ORIENTED_EDGE('',*,*,#8698,.T.);
#8698 = EDGE_CURVE('',#7277,#6883,#8699,.T.);
#8699 = SURFACE_CURVE('',#8700,(#8704,#8711),.PCURVE_S1.);
#8700 = LINE('',#8701,#8702);
#8701 = CARTESIAN_POINT('',(36.75,281.75,0.));
#8702 = VECTOR('',#8703,1.);
#8703 = DIRECTION('',(0.,0.,1.));
#8704 = PCURVE('',#6929,#8705);
#8705 = DEFINITIONAL_REPRESENTATION('',(#8706),#8710);
#8706 = LINE('',#8707,#8708);
#8707 = CARTESIAN_POINT('',(0.,0.));
#8708 = VECTOR('',#8709,1.);
#8709 = DIRECTION('',(0.,-1.));
#8710 = ( GEOMETRIC_REPRESENTATION_CONTEXT(2) 
PARAMETRIC_REPRESENTATION_CONTEXT() REPRESENTATION_CONTEXT('2D SPACE',''
  ) );
#8711 = PCURVE('',#6898,#8712);
#8712 = DEFINITIONAL_REPRESENTATION('',(#8713),#8717);
#8713 = LINE('',#8714,#8715);
#8714 = CARTESIAN_POINT('',(16.5,0.));
#8715 = VECTOR('',#8716,1.);
#8716 = DIRECTION('',(0.,-1.));
#8717 = ( GEOMETRIC_REPRESENTATION_CONTEXT(2) 
PARAMETRIC_REPRESENTATION_CONTEXT() REPRESENTATION_CONTEXT('2D SPACE',''
  ) );
#8718 = ORIENTED_EDGE('',*,*,#6910,.T.);
#8719 = ORIENTED_EDGE('',*,*,#8651,.F.);
#8720 = ADVANCED_FACE('',(#8721),#6898,.F.);
#8721 = FACE_BOUND('',#8722,.F.);
#8722 = EDGE_LOOP('',(#8723,#8724,#8745,#8746));
#8723 = ORIENTED_EDGE('',*,*,#7357,.F.);
#8724 = ORIENTED_EDGE('',*,*,#8725,.T.);
#8725 = EDGE_CURVE('',#7330,#6850,#8726,.T.);
#8726 = SURFACE_CURVE('',#8727,(#8731,#8738),.PCURVE_S1.);
#8727 = LINE('',#8728,#8729);
#8728 = CARTESIAN_POINT('',(36.75,298.25,0.));
#8729 = VECTOR('',#8730,1.);
#8730 = DIRECTION('',(0.,0.,1.));
#8731 = PCURVE('',#6898,#8732);
#8732 = DEFINITIONAL_REPRESENTATION('',(#8733),#8737);
#8733 = LINE('',#8734,#8735);
#8734 = CARTESIAN_POINT('',(0.,0.));
#8735 = VECTOR('',#8736,1.);
#8736 = DIRECTION('',(0.,-1.));
#8737 = ( GEOMETRIC_REPRESENTATION_CONTEXT(2) 
PARAMETRIC_REPRESENTATION_CONTEXT() REPRESENTATION_CONTEXT('2D SPACE',''
  ) );
#8738 = PCURVE('',#6870,#8739);
#8739 = DEFINITIONAL_REPRESENTATION('',(#8740),#8744);
#8740 = LINE('',#8741,#8742);
#8741 = CARTESIAN_POINT('',(3.14159265359,0.));
#8742 = VECTOR('',#8743,1.);
#8743 = DIRECTION('',(0.,-1.));
#8744 = ( GEOMETRIC_REPRESENTATION_CONTEXT(2) 
PARAMETRIC_REPRESENTATION_CONTEXT() REPRESENTATION_CONTEXT('2D SPACE',''
  ) );
#8745 = ORIENTED_EDGE('',*,*,#6882,.F.);
#8746 = ORIENTED_EDGE('',*,*,#8698,.F.);
#8747 = ADVANCED_FACE('',(#8748),#6870,.F.);
#8748 = FACE_BOUND('',#8749,.F.);
#8749 = EDGE_LOOP('',(#8750,#8751,#8752,#8753));
#8750 = ORIENTED_EDGE('',*,*,#7329,.F.);
#8751 = ORIENTED_EDGE('',*,*,#8673,.T.);
#8752 = ORIENTED_EDGE('',*,*,#6849,.T.);
#8753 = ORIENTED_EDGE('',*,*,#8725,.F.);
#8754 = ADVANCED_FACE('',(#8755,#8888),#7665,.T.);
#8755 = FACE_BOUND('',#8756,.T.);
#8756 = EDGE_LOOP('',(#8757,#8758,#8781,#8809,#8837,#8865,#8886,#8887));
#8757 = ORIENTED_EDGE('',*,*,#8363,.F.);
#8758 = ORIENTED_EDGE('',*,*,#8759,.F.);
#8759 = EDGE_CURVE('',#8760,#8335,#8762,.T.);
#8760 = VERTEX_POINT('',#8761);
#8761 = CARTESIAN_POINT('',(8.,293.6,100.));
#8762 = SURFACE_CURVE('',#8763,(#8767,#8774),.PCURVE_S1.);
#8763 = LINE('',#8764,#8765);
#8764 = CARTESIAN_POINT('',(8.,283.,100.));
#8765 = VECTOR('',#8766,1.);
#8766 = DIRECTION('',(0.,1.,0.));
#8767 = PCURVE('',#7665,#8768);
#8768 = DEFINITIONAL_REPRESENTATION('',(#8769),#8773);
#8769 = LINE('',#8770,#8771);
#8770 = CARTESIAN_POINT('',(32.,-1.));
#8771 = VECTOR('',#8772,1.);
#8772 = DIRECTION('',(0.,1.));
#8773 = ( GEOMETRIC_REPRESENTATION_CONTEXT(2) 
PARAMETRIC_REPRESENTATION_CONTEXT() REPRESENTATION_CONTEXT('2D SPACE',''
  ) );
#8774 = PCURVE('',#8351,#8775);
#8775 = DEFINITIONAL_REPRESENTATION('',(#8776),#8780);
#8776 = LINE('',#8777,#8778);
#8777 = CARTESIAN_POINT('',(1.570796326795,0.));
#8778 = VECTOR('',#8779,1.);
#8779 = DIRECTION('',(0.,1.));
#8780 = ( GEOMETRIC_REPRESENTATION_CONTEXT(2) 
PARAMETRIC_REPRESENTATION_CONTEXT() REPRESENTATION_CONTEXT('2D SPACE',''
  ) );
#8781 = ORIENTED_EDGE('',*,*,#8782,.F.);
#8782 = EDGE_CURVE('',#8783,#8760,#8785,.T.);
#8783 = VERTEX_POINT('',#8784);
#8784 = CARTESIAN_POINT('',(11.15,293.6,100.));
#8785 = SURFACE_CURVE('',#8786,(#8790,#8797),.PCURVE_S1.);
#8786 = LINE('',#8787,#8788);
#8787 = CARTESIAN_POINT('',(-12.,293.6,100.));
#8788 = VECTOR('',#8789,1.);
#8789 = DIRECTION('',(-1.,0.,0.));
#8790 = PCURVE('',#7665,#8791);
#8791 = DEFINITIONAL_REPRESENTATION('',(#8792),#8796);
#8792 = LINE('',#8793,#8794);
#8793 = CARTESIAN_POINT('',(12.,9.6));
#8794 = VECTOR('',#8795,1.);
#8795 = DIRECTION('',(-1.,0.));
#8796 = ( GEOMETRIC_REPRESENTATION_CONTEXT(2) 
PARAMETRIC_REPRESENTATION_CONTEXT() REPRESENTATION_CONTEXT('2D SPACE',''
  ) );
#8797 = PCURVE('',#8798,#8803);
#8798 = PLANE('',#8799);
#8799 = AXIS2_PLACEMENT_3D('',#8800,#8801,#8802);
#8800 = CARTESIAN_POINT('',(0.,293.6,100.));
#8801 = DIRECTION('',(0.,1.,0.));
#8802 = DIRECTION('',(0.,-0.,1.));
#8803 = DEFINITIONAL_REPRESENTATION('',(#8804),#8808);
#8804 = LINE('',#8805,#8806);
#8805 = CARTESIAN_POINT('',(0.,-12.));
#8806 = VECTOR('',#8807,1.);
#8807 = DIRECTION('',(0.,-1.));
#8808 = ( GEOMETRIC_REPRESENTATION_CONTEXT(2) 
PARAMETRIC_REPRESENTATION_CONTEXT() REPRESENTATION_CONTEXT('2D SPACE',''
  ) );
#8809 = ORIENTED_EDGE('',*,*,#8810,.F.);
#8810 = EDGE_CURVE('',#8811,#8783,#8813,.T.);
#8811 = VERTEX_POINT('',#8812);
#8812 = CARTESIAN_POINT('',(11.15,286.4,100.));
#8813 = SURFACE_CURVE('',#8814,(#8818,#8825),.PCURVE_S1.);
#8814 = LINE('',#8815,#8816);
#8815 = CARTESIAN_POINT('',(11.15,286.4,100.));
#8816 = VECTOR('',#8817,1.);
#8817 = DIRECTION('',(0.,1.,0.));
#8818 = PCURVE('',#7665,#8819);
#8819 = DEFINITIONAL_REPRESENTATION('',(#8820),#8824);
#8820 = LINE('',#8821,#8822);
#8821 = CARTESIAN_POINT('',(35.15,2.4));
#8822 = VECTOR('',#8823,1.);
#8823 = DIRECTION('',(0.,1.));
#8824 = ( GEOMETRIC_REPRESENTATION_CONTEXT(2) 
PARAMETRIC_REPRESENTATION_CONTEXT() REPRESENTATION_CONTEXT('2D SPACE',''
  ) );
#8825 = PCURVE('',#8826,#8831);
#8826 = CYLINDRICAL_SURFACE('',#8827,11.15);
#8827 = AXIS2_PLACEMENT_3D('',#8828,#8829,#8830);
#8828 = CARTESIAN_POINT('',(0.,286.4,100.));
#8829 = DIRECTION('',(0.,1.,0.));
#8830 = DIRECTION('',(0.,-0.,1.));
#8831 = DEFINITIONAL_REPRESENTATION('',(#8832),#8836);
#8832 = LINE('',#8833,#8834);
#8833 = CARTESIAN_POINT('',(1.570796326795,0.));
#8834 = VECTOR('',#8835,1.);
#8835 = DIRECTION('',(0.,1.));
#8836 = ( GEOMETRIC_REPRESENTATION_CONTEXT(2) 
PARAMETRIC_REPRESENTATION_CONTEXT() REPRESENTATION_CONTEXT('2D SPACE',''
  ) );
#8837 = ORIENTED_EDGE('',*,*,#8838,.T.);
#8838 = EDGE_CURVE('',#8811,#8839,#8841,.T.);
#8839 = VERTEX_POINT('',#8840);
#8840 = CARTESIAN_POINT('',(8.,286.4,100.));
#8841 = SURFACE_CURVE('',#8842,(#8846,#8853),.PCURVE_S1.);
#8842 = LINE('',#8843,#8844);
#8843 = CARTESIAN_POINT('',(-12.,286.4,100.));
#8844 = VECTOR('',#8845,1.);
#8845 = DIRECTION('',(-1.,0.,0.));
#8846 = PCURVE('',#7665,#8847);
#8847 = DEFINITIONAL_REPRESENTATION('',(#8848),#8852);
#8848 = LINE('',#8849,#8850);
#8849 = CARTESIAN_POINT('',(12.,2.4));
#8850 = VECTOR('',#8851,1.);
#8851 = DIRECTION('',(-1.,0.));
#8852 = ( GEOMETRIC_REPRESENTATION_CONTEXT(2) 
PARAMETRIC_REPRESENTATION_CONTEXT() REPRESENTATION_CONTEXT('2D SPACE',''
  ) );
#8853 = PCURVE('',#8854,#8859);
#8854 = PLANE('',#8855);
#8855 = AXIS2_PLACEMENT_3D('',#8856,#8857,#8858);
#8856 = CARTESIAN_POINT('',(0.,286.4,100.));
#8857 = DIRECTION('',(0.,1.,0.));
#8858 = DIRECTION('',(0.,-0.,1.));
#8859 = DEFINITIONAL_REPRESENTATION('',(#8860),#8864);
#8860 = LINE('',#8861,#8862);
#8861 = CARTESIAN_POINT('',(0.,-12.));
#8862 = VECTOR('',#8863,1.);
#8863 = DIRECTION('',(0.,-1.));
#8864 = ( GEOMETRIC_REPRESENTATION_CONTEXT(2) 
PARAMETRIC_REPRESENTATION_CONTEXT() REPRESENTATION_CONTEXT('2D SPACE',''
  ) );
#8865 = ORIENTED_EDGE('',*,*,#8866,.F.);
#8866 = EDGE_CURVE('',#7870,#8839,#8867,.T.);
#8867 = SURFACE_CURVE('',#8868,(#8872,#8879),.PCURVE_S1.);
#8868 = LINE('',#8869,#8870);
#8869 = CARTESIAN_POINT('',(8.,283.,100.));
#8870 = VECTOR('',#8871,1.);
#8871 = DIRECTION('',(0.,1.,0.));
#8872 = PCURVE('',#7665,#8873);
#8873 = DEFINITIONAL_REPRESENTATION('',(#8874),#8878);
#8874 = LINE('',#8875,#8876);
#8875 = CARTESIAN_POINT('',(32.,-1.));
#8876 = VECTOR('',#8877,1.);
#8877 = DIRECTION('',(0.,1.));
#8878 = ( GEOMETRIC_REPRESENTATION_CONTEXT(2) 
PARAMETRIC_REPRESENTATION_CONTEXT() REPRESENTATION_CONTEXT('2D SPACE',''
  ) );
#8879 = PCURVE('',#7886,#8880);
#8880 = DEFINITIONAL_REPRESENTATION('',(#8881),#8885);
#8881 = LINE('',#8882,#8883);
#8882 = CARTESIAN_POINT('',(1.570796326795,0.));
#8883 = VECTOR('',#8884,1.);
#8884 = DIRECTION('',(0.,1.));
#8885 = ( GEOMETRIC_REPRESENTATION_CONTEXT(2) 
PARAMETRIC_REPRESENTATION_CONTEXT() REPRESENTATION_CONTEXT('2D SPACE',''
  ) );
#8886 = ORIENTED_EDGE('',*,*,#7898,.T.);
#8887 = ORIENTED_EDGE('',*,*,#7651,.T.);
#8888 = FACE_BOUND('',#8889,.T.);
#8889 = EDGE_LOOP('',(#8890));
#8890 = ORIENTED_EDGE('',*,*,#8891,.F.);
#8891 = EDGE_CURVE('',#8892,#8892,#8894,.T.);
#8892 = VERTEX_POINT('',#8893);
#8893 = CARTESIAN_POINT('',(19.7,290.,100.));
#8894 = SURFACE_CURVE('',#8895,(#8900,#8907),.PCURVE_S1.);
#8895 = CIRCLE('',#8896,1.7);
#8896 = AXIS2_PLACEMENT_3D('',#8897,#8898,#8899);
#8897 = CARTESIAN_POINT('',(18.,290.,100.));
#8898 = DIRECTION('',(0.,0.,1.));
#8899 = DIRECTION('',(1.,0.,-0.));
#8900 = PCURVE('',#7665,#8901);
#8901 = DEFINITIONAL_REPRESENTATION('',(#8902),#8906);
#8902 = CIRCLE('',#8903,1.7);
#8903 = AXIS2_PLACEMENT_2D('',#8904,#8905);
#8904 = CARTESIAN_POINT('',(42.,6.));
#8905 = DIRECTION('',(1.,0.));
#8906 = ( GEOMETRIC_REPRESENTATION_CONTEXT(2) 
PARAMETRIC_REPRESENTATION_CONTEXT() REPRESENTATION_CONTEXT('2D SPACE',''
  ) );
#8907 = PCURVE('',#8908,#8913);
#8908 = CYLINDRICAL_SURFACE('',#8909,1.7);
#8909 = AXIS2_PLACEMENT_3D('',#8910,#8911,#8912);
#8910 = CARTESIAN_POINT('',(18.,290.,80.));
#8911 = DIRECTION('',(0.,0.,1.));
#8912 = DIRECTION('',(1.,0.,-0.));
#8913 = DEFINITIONAL_REPRESENTATION('',(#8914),#8918);
#8914 = LINE('',#8915,#8916);
#8915 = CARTESIAN_POINT('',(0.,20.));
#8916 = VECTOR('',#8917,1.);
#8917 = DIRECTION('',(1.,0.));
#8918 = ( GEOMETRIC_REPRESENTATION_CONTEXT(2) 
PARAMETRIC_REPRESENTATION_CONTEXT() REPRESENTATION_CONTEXT('2D SPACE',''
  ) );
#8919 = ADVANCED_FACE('',(#8920),#7886,.F.);
#8920 = FACE_BOUND('',#8921,.F.);
#8921 = EDGE_LOOP('',(#8922,#8923,#8924,#8947));
#8922 = ORIENTED_EDGE('',*,*,#8866,.F.);
#8923 = ORIENTED_EDGE('',*,*,#7869,.T.);
#8924 = ORIENTED_EDGE('',*,*,#8925,.T.);
#8925 = EDGE_CURVE('',#7842,#8926,#8928,.T.);
#8926 = VERTEX_POINT('',#8927);
#8927 = CARTESIAN_POINT('',(-8.,286.4,100.));
#8928 = SURFACE_CURVE('',#8929,(#8933,#8940),.PCURVE_S1.);
#8929 = LINE('',#8930,#8931);
#8930 = CARTESIAN_POINT('',(-8.,283.,100.));
#8931 = VECTOR('',#8932,1.);
#8932 = DIRECTION('',(0.,1.,0.));
#8933 = PCURVE('',#7886,#8934);
#8934 = DEFINITIONAL_REPRESENTATION('',(#8935),#8939);
#8935 = LINE('',#8936,#8937);
#8936 = CARTESIAN_POINT('',(4.712388980385,0.));
#8937 = VECTOR('',#8938,1.);
#8938 = DIRECTION('',(0.,1.));
#8939 = ( GEOMETRIC_REPRESENTATION_CONTEXT(2) 
PARAMETRIC_REPRESENTATION_CONTEXT() REPRESENTATION_CONTEXT('2D SPACE',''
  ) );
#8940 = PCURVE('',#7857,#8941);
#8941 = DEFINITIONAL_REPRESENTATION('',(#8942),#8946);
#8942 = LINE('',#8943,#8944);
#8943 = CARTESIAN_POINT('',(16.,-1.));
#8944 = VECTOR('',#8945,1.);
#8945 = DIRECTION('',(0.,1.));
#8946 = ( GEOMETRIC_REPRESENTATION_CONTEXT(2) 
PARAMETRIC_REPRESENTATION_CONTEXT() REPRESENTATION_CONTEXT('2D SPACE',''
  ) );
#8947 = ORIENTED_EDGE('',*,*,#8948,.F.);
#8948 = EDGE_CURVE('',#8839,#8926,#8949,.T.);
#8949 = SURFACE_CURVE('',#8950,(#8955,#8962),.PCURVE_S1.);
#8950 = CIRCLE('',#8951,8.);
#8951 = AXIS2_PLACEMENT_3D('',#8952,#8953,#8954);
#8952 = CARTESIAN_POINT('',(0.,286.4,100.));
#8953 = DIRECTION('',(0.,1.,0.));
#8954 = DIRECTION('',(0.,-0.,1.));
#8955 = PCURVE('',#7886,#8956);
#8956 = DEFINITIONAL_REPRESENTATION('',(#8957),#8961);
#8957 = LINE('',#8958,#8959);
#8958 = CARTESIAN_POINT('',(0.,3.4));
#8959 = VECTOR('',#8960,1.);
#8960 = DIRECTION('',(1.,0.));
#8961 = ( GEOMETRIC_REPRESENTATION_CONTEXT(2) 
PARAMETRIC_REPRESENTATION_CONTEXT() REPRESENTATION_CONTEXT('2D SPACE',''
  ) );
#8962 = PCURVE('',#8854,#8963);
#8963 = DEFINITIONAL_REPRESENTATION('',(#8964),#8968);
#8964 = CIRCLE('',#8965,8.);
#8965 = AXIS2_PLACEMENT_2D('',#8966,#8967);
#8966 = CARTESIAN_POINT('',(0.,0.));
#8967 = DIRECTION('',(1.,0.));
#8968 = ( GEOMETRIC_REPRESENTATION_CONTEXT(2) 
PARAMETRIC_REPRESENTATION_CONTEXT() REPRESENTATION_CONTEXT('2D SPACE',''
  ) );
#8969 = ADVANCED_FACE('',(#8970,#9066),#7857,.T.);
#8970 = FACE_BOUND('',#8971,.T.);
#8971 = EDGE_LOOP('',(#8972,#8973,#8974,#8975,#8976,#8999,#9022,#9045));
#8972 = ORIENTED_EDGE('',*,*,#8311,.F.);
#8973 = ORIENTED_EDGE('',*,*,#8626,.F.);
#8974 = ORIENTED_EDGE('',*,*,#7841,.T.);
#8975 = ORIENTED_EDGE('',*,*,#8925,.T.);
#8976 = ORIENTED_EDGE('',*,*,#8977,.T.);
#8977 = EDGE_CURVE('',#8926,#8978,#8980,.T.);
#8978 = VERTEX_POINT('',#8979);
#8979 = CARTESIAN_POINT('',(-11.15,286.4,100.));
#8980 = SURFACE_CURVE('',#8981,(#8985,#8992),.PCURVE_S1.);
#8981 = LINE('',#8982,#8983);
#8982 = CARTESIAN_POINT('',(-12.,286.4,100.));
#8983 = VECTOR('',#8984,1.);
#8984 = DIRECTION('',(-1.,0.,0.));
#8985 = PCURVE('',#7857,#8986);
#8986 = DEFINITIONAL_REPRESENTATION('',(#8987),#8991);
#8987 = LINE('',#8988,#8989);
#8988 = CARTESIAN_POINT('',(12.,2.4));
#8989 = VECTOR('',#8990,1.);
#8990 = DIRECTION('',(-1.,0.));
#8991 = ( GEOMETRIC_REPRESENTATION_CONTEXT(2) 
PARAMETRIC_REPRESENTATION_CONTEXT() REPRESENTATION_CONTEXT('2D SPACE',''
  ) );
#8992 = PCURVE('',#8854,#8993);
#8993 = DEFINITIONAL_REPRESENTATION('',(#8994),#8998);
#8994 = LINE('',#8995,#8996);
#8995 = CARTESIAN_POINT('',(0.,-12.));
#8996 = VECTOR('',#8997,1.);
#8997 = DIRECTION('',(0.,-1.));
#8998 = ( GEOMETRIC_REPRESENTATION_CONTEXT(2) 
PARAMETRIC_REPRESENTATION_CONTEXT() REPRESENTATION_CONTEXT('2D SPACE',''
  ) );
#8999 = ORIENTED_EDGE('',*,*,#9000,.T.);
#9000 = EDGE_CURVE('',#8978,#9001,#9003,.T.);
#9001 = VERTEX_POINT('',#9002);
#9002 = CARTESIAN_POINT('',(-11.15,293.6,100.));
#9003 = SURFACE_CURVE('',#9004,(#9008,#9015),.PCURVE_S1.);
#9004 = LINE('',#9005,#9006);
#9005 = CARTESIAN_POINT('',(-11.15,286.4,100.));
#9006 = VECTOR('',#9007,1.);
#9007 = DIRECTION('',(0.,1.,0.));
#9008 = PCURVE('',#7857,#9009);
#9009 = DEFINITIONAL_REPRESENTATION('',(#9010),#9014);
#9010 = LINE('',#9011,#9012);
#9011 = CARTESIAN_POINT('',(12.85,2.4));
#9012 = VECTOR('',#9013,1.);
#9013 = DIRECTION('',(0.,1.));
#9014 = ( GEOMETRIC_REPRESENTATION_CONTEXT(2) 
PARAMETRIC_REPRESENTATION_CONTEXT() REPRESENTATION_CONTEXT('2D SPACE',''
  ) );
#9015 = PCURVE('',#8826,#9016);
#9016 = DEFINITIONAL_REPRESENTATION('',(#9017),#9021);
#9017 = LINE('',#9018,#9019);
#9018 = CARTESIAN_POINT('',(4.712388980385,0.));
#9019 = VECTOR('',#9020,1.);
#9020 = DIRECTION('',(0.,1.));
#9021 = ( GEOMETRIC_REPRESENTATION_CONTEXT(2) 
PARAMETRIC_REPRESENTATION_CONTEXT() REPRESENTATION_CONTEXT('2D SPACE',''
  ) );
#9022 = ORIENTED_EDGE('',*,*,#9023,.F.);
#9023 = EDGE_CURVE('',#9024,#9001,#9026,.T.);
#9024 = VERTEX_POINT('',#9025);
#9025 = CARTESIAN_POINT('',(-8.,293.6,100.));
#9026 = SURFACE_CURVE('',#9027,(#9031,#9038),.PCURVE_S1.);
#9027 = LINE('',#9028,#9029);
#9028 = CARTESIAN_POINT('',(-12.,293.6,100.));
#9029 = VECTOR('',#9030,1.);
#9030 = DIRECTION('',(-1.,0.,0.));
#9031 = PCURVE('',#7857,#9032);
#9032 = DEFINITIONAL_REPRESENTATION('',(#9033),#9037);
#9033 = LINE('',#9034,#9035);
#9034 = CARTESIAN_POINT('',(12.,9.6));
#9035 = VECTOR('',#9036,1.);
#9036 = DIRECTION('',(-1.,0.));
#9037 = ( GEOMETRIC_REPRESENTATION_CONTEXT(2) 
PARAMETRIC_REPRESENTATION_CONTEXT() REPRESENTATION_CONTEXT('2D SPACE',''
  ) );
#9038 = PCURVE('',#8798,#9039);
#9039 = DEFINITIONAL_REPRESENTATION('',(#9040),#9044);
#9040 = LINE('',#9041,#9042);
#9041 = CARTESIAN_POINT('',(0.,-12.));
#9042 = VECTOR('',#9043,1.);
#9043 = DIRECTION('',(0.,-1.));
#9044 = ( GEOMETRIC_REPRESENTATION_CONTEXT(2) 
PARAMETRIC_REPRESENTATION_CONTEXT() REPRESENTATION_CONTEXT('2D SPACE',''
  ) );
#9045 = ORIENTED_EDGE('',*,*,#9046,.T.);
#9046 = EDGE_CURVE('',#9024,#8312,#9047,.T.);
#9047 = SURFACE_CURVE('',#9048,(#9052,#9059),.PCURVE_S1.);
#9048 = LINE('',#9049,#9050);
#9049 = CARTESIAN_POINT('',(-8.,283.,100.));
#9050 = VECTOR('',#9051,1.);
#9051 = DIRECTION('',(0.,1.,0.));
#9052 = PCURVE('',#7857,#9053);
#9053 = DEFINITIONAL_REPRESENTATION('',(#9054),#9058);
#9054 = LINE('',#9055,#9056);
#9055 = CARTESIAN_POINT('',(16.,-1.));
#9056 = VECTOR('',#9057,1.);
#9057 = DIRECTION('',(0.,1.));
#9058 = ( GEOMETRIC_REPRESENTATION_CONTEXT(2) 
PARAMETRIC_REPRESENTATION_CONTEXT() REPRESENTATION_CONTEXT('2D SPACE',''
  ) );
#9059 = PCURVE('',#8351,#9060);
#9060 = DEFINITIONAL_REPRESENTATION('',(#9061),#9065);
#9061 = LINE('',#9062,#9063);
#9062 = CARTESIAN_POINT('',(4.712388980385,0.));
#9063 = VECTOR('',#9064,1.);
#9064 = DIRECTION('',(0.,1.));
#9065 = ( GEOMETRIC_REPRESENTATION_CONTEXT(2) 
PARAMETRIC_REPRESENTATION_CONTEXT() REPRESENTATION_CONTEXT('2D SPACE',''
  ) );
#9066 = FACE_BOUND('',#9067,.T.);
#9067 = EDGE_LOOP('',(#9068));
#9068 = ORIENTED_EDGE('',*,*,#9069,.F.);
#9069 = EDGE_CURVE('',#9070,#9070,#9072,.T.);
#9070 = VERTEX_POINT('',#9071);
#9071 = CARTESIAN_POINT('',(-16.3,290.,100.));
#9072 = SURFACE_CURVE('',#9073,(#9078,#9085),.PCURVE_S1.);
#9073 = CIRCLE('',#9074,1.7);
#9074 = AXIS2_PLACEMENT_3D('',#9075,#9076,#9077);
#9075 = CARTESIAN_POINT('',(-18.,290.,100.));
#9076 = DIRECTION('',(0.,0.,1.));
#9077 = DIRECTION('',(1.,0.,-0.));
#9078 = PCURVE('',#7857,#9079);
#9079 = DEFINITIONAL_REPRESENTATION('',(#9080),#9084);
#9080 = CIRCLE('',#9081,1.7);
#9081 = AXIS2_PLACEMENT_2D('',#9082,#9083);
#9082 = CARTESIAN_POINT('',(6.,6.));
#9083 = DIRECTION('',(1.,0.));
#9084 = ( GEOMETRIC_REPRESENTATION_CONTEXT(2) 
PARAMETRIC_REPRESENTATION_CONTEXT() REPRESENTATION_CONTEXT('2D SPACE',''
  ) );
#9085 = PCURVE('',#9086,#9091);
#9086 = CYLINDRICAL_SURFACE('',#9087,1.7);
#9087 = AXIS2_PLACEMENT_3D('',#9088,#9089,#9090);
#9088 = CARTESIAN_POINT('',(-18.,290.,80.));
#9089 = DIRECTION('',(0.,0.,1.));
#9090 = DIRECTION('',(1.,0.,-0.));
#9091 = DEFINITIONAL_REPRESENTATION('',(#9092),#9096);
#9092 = LINE('',#9093,#9094);
#9093 = CARTESIAN_POINT('',(0.,20.));
#9094 = VECTOR('',#9095,1.);
#9095 = DIRECTION('',(1.,0.));
#9096 = ( GEOMETRIC_REPRESENTATION_CONTEXT(2) 
PARAMETRIC_REPRESENTATION_CONTEXT() REPRESENTATION_CONTEXT('2D SPACE',''
  ) );
#9097 = ADVANCED_FACE('',(#9098,#9173),#7939,.F.);
#9098 = FACE_BOUND('',#9099,.F.);
#9099 = EDGE_LOOP('',(#9100,#9123,#9124,#9147));
#9100 = ORIENTED_EDGE('',*,*,#9101,.F.);
#9101 = EDGE_CURVE('',#7922,#9102,#9104,.T.);
#9102 = VERTEX_POINT('',#9103);
#9103 = CARTESIAN_POINT('',(-20.9,293.5,85.3));
#9104 = SURFACE_CURVE('',#9105,(#9109,#9116),.PCURVE_S1.);
#9105 = LINE('',#9106,#9107);
#9106 = CARTESIAN_POINT('',(-20.9,284.,85.3));
#9107 = VECTOR('',#9108,1.);
#9108 = DIRECTION('',(0.,1.,0.));
#9109 = PCURVE('',#7939,#9110);
#9110 = DEFINITIONAL_REPRESENTATION('',(#9111),#9115);
#9111 = LINE('',#9112,#9113);
#9112 = CARTESIAN_POINT('',(0.,0.));
#9113 = VECTOR('',#9114,1.);
#9114 = DIRECTION('',(0.,1.));
#9115 = ( GEOMETRIC_REPRESENTATION_CONTEXT(2) 
PARAMETRIC_REPRESENTATION_CONTEXT() REPRESENTATION_CONTEXT('2D SPACE',''
  ) );
#9116 = PCURVE('',#7967,#9117);
#9117 = DEFINITIONAL_REPRESENTATION('',(#9118),#9122);
#9118 = LINE('',#9119,#9120);
#9119 = CARTESIAN_POINT('',(3.3,0.));
#9120 = VECTOR('',#9121,1.);
#9121 = DIRECTION('',(0.,-1.));
#9122 = ( GEOMETRIC_REPRESENTATION_CONTEXT(2) 
PARAMETRIC_REPRESENTATION_CONTEXT() REPRESENTATION_CONTEXT('2D SPACE',''
  ) );
#9123 = ORIENTED_EDGE('',*,*,#7921,.T.);
#9124 = ORIENTED_EDGE('',*,*,#9125,.T.);
#9125 = EDGE_CURVE('',#7924,#9126,#9128,.T.);
#9126 = VERTEX_POINT('',#9127);
#9127 = CARTESIAN_POINT('',(-15.1,293.5,85.3));
#9128 = SURFACE_CURVE('',#9129,(#9133,#9140),.PCURVE_S1.);
#9129 = LINE('',#9130,#9131);
#9130 = CARTESIAN_POINT('',(-15.1,284.,85.3));
#9131 = VECTOR('',#9132,1.);
#9132 = DIRECTION('',(0.,1.,0.));
#9133 = PCURVE('',#7939,#9134);
#9134 = DEFINITIONAL_REPRESENTATION('',(#9135),#9139);
#9135 = LINE('',#9136,#9137);
#9136 = CARTESIAN_POINT('',(5.8,0.));
#9137 = VECTOR('',#9138,1.);
#9138 = DIRECTION('',(0.,1.));
#9139 = ( GEOMETRIC_REPRESENTATION_CONTEXT(2) 
PARAMETRIC_REPRESENTATION_CONTEXT() REPRESENTATION_CONTEXT('2D SPACE',''
  ) );
#9140 = PCURVE('',#8021,#9141);
#9141 = DEFINITIONAL_REPRESENTATION('',(#9142),#9146);
#9142 = LINE('',#9143,#9144);
#9143 = CARTESIAN_POINT('',(3.3,0.));
#9144 = VECTOR('',#9145,1.);
#9145 = DIRECTION('',(0.,-1.));
#9146 = ( GEOMETRIC_REPRESENTATION_CONTEXT(2) 
PARAMETRIC_REPRESENTATION_CONTEXT() REPRESENTATION_CONTEXT('2D SPACE',''
  ) );
#9147 = ORIENTED_EDGE('',*,*,#9148,.F.);
#9148 = EDGE_CURVE('',#9102,#9126,#9149,.T.);
#9149 = SURFACE_CURVE('',#9150,(#9154,#9161),.PCURVE_S1.);
#9150 = LINE('',#9151,#9152);
#9151 = CARTESIAN_POINT('',(-20.9,293.5,85.3));
#9152 = VECTOR('',#9153,1.);
#9153 = DIRECTION('',(1.,0.,0.));
#9154 = PCURVE('',#7939,#9155);
#9155 = DEFINITIONAL_REPRESENTATION('',(#9156),#9160);
#9156 = LINE('',#9157,#9158);
#9157 = CARTESIAN_POINT('',(0.,9.5));
#9158 = VECTOR('',#9159,1.);
#9159 = DIRECTION('',(1.,0.));
#9160 = ( GEOMETRIC_REPRESENTATION_CONTEXT(2) 
PARAMETRIC_REPRESENTATION_CONTEXT() REPRESENTATION_CONTEXT('2D SPACE',''
  ) );
#9161 = PCURVE('',#9162,#9167);
#9162 = PLANE('',#9163);
#9163 = AXIS2_PLACEMENT_3D('',#9164,#9165,#9166);
#9164 = CARTESIAN_POINT('',(-20.9,293.5,82.));
#9165 = DIRECTION('',(0.,1.,0.));
#9166 = DIRECTION('',(0.,0.,1.));
#9167 = DEFINITIONAL_REPRESENTATION('',(#9168),#9172);
#9168 = LINE('',#9169,#9170);
#9169 = CARTESIAN_POINT('',(3.3,0.));
#9170 = VECTOR('',#9171,1.);
#9171 = DIRECTION('',(0.,1.));
#9172 = ( GEOMETRIC_REPRESENTATION_CONTEXT(2) 
PARAMETRIC_REPRESENTATION_CONTEXT() REPRESENTATION_CONTEXT('2D SPACE',''
  ) );
#9173 = FACE_BOUND('',#9174,.F.);
#9174 = EDGE_LOOP('',(#9175));
#9175 = ORIENTED_EDGE('',*,*,#9176,.F.);
#9176 = EDGE_CURVE('',#9177,#9177,#9179,.T.);
#9177 = VERTEX_POINT('',#9178);
#9178 = CARTESIAN_POINT('',(-16.3,290.,85.3));
#9179 = SURFACE_CURVE('',#9180,(#9185,#9192),.PCURVE_S1.);
#9180 = CIRCLE('',#9181,1.7);
#9181 = AXIS2_PLACEMENT_3D('',#9182,#9183,#9184);
#9182 = CARTESIAN_POINT('',(-18.,290.,85.3));
#9183 = DIRECTION('',(0.,0.,1.));
#9184 = DIRECTION('',(1.,0.,-0.));
#9185 = PCURVE('',#7939,#9186);
#9186 = DEFINITIONAL_REPRESENTATION('',(#9187),#9191);
#9187 = CIRCLE('',#9188,1.7);
#9188 = AXIS2_PLACEMENT_2D('',#9189,#9190);
#9189 = CARTESIAN_POINT('',(2.9,6.));
#9190 = DIRECTION('',(1.,0.));
#9191 = ( GEOMETRIC_REPRESENTATION_CONTEXT(2) 
PARAMETRIC_REPRESENTATION_CONTEXT() REPRESENTATION_CONTEXT('2D SPACE',''
  ) );
#9192 = PCURVE('',#9086,#9193);
#9193 = DEFINITIONAL_REPRESENTATION('',(#9194),#9198);
#9194 = LINE('',#9195,#9196);
#9195 = CARTESIAN_POINT('',(0.,5.3));
#9196 = VECTOR('',#9197,1.);
#9197 = DIRECTION('',(1.,0.));
#9198 = ( GEOMETRIC_REPRESENTATION_CONTEXT(2) 
PARAMETRIC_REPRESENTATION_CONTEXT() REPRESENTATION_CONTEXT('2D SPACE',''
  ) );
#9199 = ADVANCED_FACE('',(#9200),#8021,.F.);
#9200 = FACE_BOUND('',#9201,.F.);
#9201 = EDGE_LOOP('',(#9202,#9203,#9226,#9247));
#9202 = ORIENTED_EDGE('',*,*,#8007,.F.);
#9203 = ORIENTED_EDGE('',*,*,#9204,.T.);
#9204 = EDGE_CURVE('',#7980,#9205,#9207,.T.);
#9205 = VERTEX_POINT('',#9206);
#9206 = CARTESIAN_POINT('',(-15.1,293.5,82.));
#9207 = SURFACE_CURVE('',#9208,(#9212,#9219),.PCURVE_S1.);
#9208 = LINE('',#9209,#9210);
#9209 = CARTESIAN_POINT('',(-15.1,284.,82.));
#9210 = VECTOR('',#9211,1.);
#9211 = DIRECTION('',(0.,1.,0.));
#9212 = PCURVE('',#8021,#9213);
#9213 = DEFINITIONAL_REPRESENTATION('',(#9214),#9218);
#9214 = LINE('',#9215,#9216);
#9215 = CARTESIAN_POINT('',(0.,0.));
#9216 = VECTOR('',#9217,1.);
#9217 = DIRECTION('',(0.,-1.));
#9218 = ( GEOMETRIC_REPRESENTATION_CONTEXT(2) 
PARAMETRIC_REPRESENTATION_CONTEXT() REPRESENTATION_CONTEXT('2D SPACE',''
  ) );
#9219 = PCURVE('',#7995,#9220);
#9220 = DEFINITIONAL_REPRESENTATION('',(#9221),#9225);
#9221 = LINE('',#9222,#9223);
#9222 = CARTESIAN_POINT('',(5.8,0.));
#9223 = VECTOR('',#9224,1.);
#9224 = DIRECTION('',(0.,1.));
#9225 = ( GEOMETRIC_REPRESENTATION_CONTEXT(2) 
PARAMETRIC_REPRESENTATION_CONTEXT() REPRESENTATION_CONTEXT('2D SPACE',''
  ) );
#9226 = ORIENTED_EDGE('',*,*,#9227,.T.);
#9227 = EDGE_CURVE('',#9205,#9126,#9228,.T.);
#9228 = SURFACE_CURVE('',#9229,(#9233,#9240),.PCURVE_S1.);
#9229 = LINE('',#9230,#9231);
#9230 = CARTESIAN_POINT('',(-15.1,293.5,82.));
#9231 = VECTOR('',#9232,1.);
#9232 = DIRECTION('',(0.,0.,1.));
#9233 = PCURVE('',#8021,#9234);
#9234 = DEFINITIONAL_REPRESENTATION('',(#9235),#9239);
#9235 = LINE('',#9236,#9237);
#9236 = CARTESIAN_POINT('',(0.,-9.5));
#9237 = VECTOR('',#9238,1.);
#9238 = DIRECTION('',(1.,0.));
#9239 = ( GEOMETRIC_REPRESENTATION_CONTEXT(2) 
PARAMETRIC_REPRESENTATION_CONTEXT() REPRESENTATION_CONTEXT('2D SPACE',''
  ) );
#9240 = PCURVE('',#9162,#9241);
#9241 = DEFINITIONAL_REPRESENTATION('',(#9242),#9246);
#9242 = LINE('',#9243,#9244);
#9243 = CARTESIAN_POINT('',(0.,5.8));
#9244 = VECTOR('',#9245,1.);
#9245 = DIRECTION('',(1.,0.));
#9246 = ( GEOMETRIC_REPRESENTATION_CONTEXT(2) 
PARAMETRIC_REPRESENTATION_CONTEXT() REPRESENTATION_CONTEXT('2D SPACE',''
  ) );
#9247 = ORIENTED_EDGE('',*,*,#9125,.F.);
#9248 = ADVANCED_FACE('',(#9249),#7967,.T.);
#9249 = FACE_BOUND('',#9250,.T.);
#9250 = EDGE_LOOP('',(#9251,#9252,#9275,#9296));
#9251 = ORIENTED_EDGE('',*,*,#7951,.F.);
#9252 = ORIENTED_EDGE('',*,*,#9253,.T.);
#9253 = EDGE_CURVE('',#7952,#9254,#9256,.T.);
#9254 = VERTEX_POINT('',#9255);
#9255 = CARTESIAN_POINT('',(-20.9,293.5,82.));
#9256 = SURFACE_CURVE('',#9257,(#9261,#9268),.PCURVE_S1.);
#9257 = LINE('',#9258,#9259);
#9258 = CARTESIAN_POINT('',(-20.9,284.,82.));
#9259 = VECTOR('',#9260,1.);
#9260 = DIRECTION('',(0.,1.,0.));
#9261 = PCURVE('',#7967,#9262);
#9262 = DEFINITIONAL_REPRESENTATION('',(#9263),#9267);
#9263 = LINE('',#9264,#9265);
#9264 = CARTESIAN_POINT('',(0.,0.));
#9265 = VECTOR('',#9266,1.);
#9266 = DIRECTION('',(0.,-1.));
#9267 = ( GEOMETRIC_REPRESENTATION_CONTEXT(2) 
PARAMETRIC_REPRESENTATION_CONTEXT() REPRESENTATION_CONTEXT('2D SPACE',''
  ) );
#9268 = PCURVE('',#7995,#9269);
#9269 = DEFINITIONAL_REPRESENTATION('',(#9270),#9274);
#9270 = LINE('',#9271,#9272);
#9271 = CARTESIAN_POINT('',(0.,0.));
#9272 = VECTOR('',#9273,1.);
#9273 = DIRECTION('',(0.,1.));
#9274 = ( GEOMETRIC_REPRESENTATION_CONTEXT(2) 
PARAMETRIC_REPRESENTATION_CONTEXT() REPRESENTATION_CONTEXT('2D SPACE',''
  ) );
#9275 = ORIENTED_EDGE('',*,*,#9276,.T.);
#9276 = EDGE_CURVE('',#9254,#9102,#9277,.T.);
#9277 = SURFACE_CURVE('',#9278,(#9282,#9289),.PCURVE_S1.);
#9278 = LINE('',#9279,#9280);
#9279 = CARTESIAN_POINT('',(-20.9,293.5,82.));
#9280 = VECTOR('',#9281,1.);
#9281 = DIRECTION('',(0.,0.,1.));
#9282 = PCURVE('',#7967,#9283);
#9283 = DEFINITIONAL_REPRESENTATION('',(#9284),#9288);
#9284 = LINE('',#9285,#9286);
#9285 = CARTESIAN_POINT('',(0.,-9.5));
#9286 = VECTOR('',#9287,1.);
#9287 = DIRECTION('',(1.,0.));
#9288 = ( GEOMETRIC_REPRESENTATION_CONTEXT(2) 
PARAMETRIC_REPRESENTATION_CONTEXT() REPRESENTATION_CONTEXT('2D SPACE',''
  ) );
#9289 = PCURVE('',#9162,#9290);
#9290 = DEFINITIONAL_REPRESENTATION('',(#9291),#9295);
#9291 = LINE('',#9292,#9293);
#9292 = CARTESIAN_POINT('',(0.,0.));
#9293 = VECTOR('',#9294,1.);
#9294 = DIRECTION('',(1.,0.));
#9295 = ( GEOMETRIC_REPRESENTATION_CONTEXT(2) 
PARAMETRIC_REPRESENTATION_CONTEXT() REPRESENTATION_CONTEXT('2D SPACE',''
  ) );
#9296 = ORIENTED_EDGE('',*,*,#9101,.F.);
#9297 = ADVANCED_FACE('',(#9298,#9324),#7995,.T.);
#9298 = FACE_BOUND('',#9299,.T.);
#9299 = EDGE_LOOP('',(#9300,#9301,#9302,#9303));
#9300 = ORIENTED_EDGE('',*,*,#9253,.F.);
#9301 = ORIENTED_EDGE('',*,*,#7979,.T.);
#9302 = ORIENTED_EDGE('',*,*,#9204,.T.);
#9303 = ORIENTED_EDGE('',*,*,#9304,.F.);
#9304 = EDGE_CURVE('',#9254,#9205,#9305,.T.);
#9305 = SURFACE_CURVE('',#9306,(#9310,#9317),.PCURVE_S1.);
#9306 = LINE('',#9307,#9308);
#9307 = CARTESIAN_POINT('',(-20.9,293.5,82.));
#9308 = VECTOR('',#9309,1.);
#9309 = DIRECTION('',(1.,0.,0.));
#9310 = PCURVE('',#7995,#9311);
#9311 = DEFINITIONAL_REPRESENTATION('',(#9312),#9316);
#9312 = LINE('',#9313,#9314);
#9313 = CARTESIAN_POINT('',(0.,9.5));
#9314 = VECTOR('',#9315,1.);
#9315 = DIRECTION('',(1.,0.));
#9316 = ( GEOMETRIC_REPRESENTATION_CONTEXT(2) 
PARAMETRIC_REPRESENTATION_CONTEXT() REPRESENTATION_CONTEXT('2D SPACE',''
  ) );
#9317 = PCURVE('',#9162,#9318);
#9318 = DEFINITIONAL_REPRESENTATION('',(#9319),#9323);
#9319 = LINE('',#9320,#9321);
#9320 = CARTESIAN_POINT('',(0.,0.));
#9321 = VECTOR('',#9322,1.);
#9322 = DIRECTION('',(0.,1.));
#9323 = ( GEOMETRIC_REPRESENTATION_CONTEXT(2) 
PARAMETRIC_REPRESENTATION_CONTEXT() REPRESENTATION_CONTEXT('2D SPACE',''
  ) );
#9324 = FACE_BOUND('',#9325,.T.);
#9325 = EDGE_LOOP('',(#9326));
#9326 = ORIENTED_EDGE('',*,*,#9327,.F.);
#9327 = EDGE_CURVE('',#9328,#9328,#9330,.T.);
#9328 = VERTEX_POINT('',#9329);
#9329 = CARTESIAN_POINT('',(-16.3,290.,82.));
#9330 = SURFACE_CURVE('',#9331,(#9336,#9343),.PCURVE_S1.);
#9331 = CIRCLE('',#9332,1.7);
#9332 = AXIS2_PLACEMENT_3D('',#9333,#9334,#9335);
#9333 = CARTESIAN_POINT('',(-18.,290.,82.));
#9334 = DIRECTION('',(0.,0.,1.));
#9335 = DIRECTION('',(1.,0.,-0.));
#9336 = PCURVE('',#7995,#9337);
#9337 = DEFINITIONAL_REPRESENTATION('',(#9338),#9342);
#9338 = CIRCLE('',#9339,1.7);
#9339 = AXIS2_PLACEMENT_2D('',#9340,#9341);
#9340 = CARTESIAN_POINT('',(2.9,6.));
#9341 = DIRECTION('',(1.,0.));
#9342 = ( GEOMETRIC_REPRESENTATION_CONTEXT(2) 
PARAMETRIC_REPRESENTATION_CONTEXT() REPRESENTATION_CONTEXT('2D SPACE',''
  ) );
#9343 = PCURVE('',#9344,#9349);
#9344 = CYLINDRICAL_SURFACE('',#9345,1.7);
#9345 = AXIS2_PLACEMENT_3D('',#9346,#9347,#9348);
#9346 = CARTESIAN_POINT('',(-18.,290.,80.));
#9347 = DIRECTION('',(0.,0.,1.));
#9348 = DIRECTION('',(1.,0.,-0.));
#9349 = DEFINITIONAL_REPRESENTATION('',(#9350),#9354);
#9350 = LINE('',#9351,#9352);
#9351 = CARTESIAN_POINT('',(0.,2.));
#9352 = VECTOR('',#9353,1.);
#9353 = DIRECTION('',(1.,0.));
#9354 = ( GEOMETRIC_REPRESENTATION_CONTEXT(2) 
PARAMETRIC_REPRESENTATION_CONTEXT() REPRESENTATION_CONTEXT('2D SPACE',''
  ) );
#9355 = ADVANCED_FACE('',(#9356,#9431),#8053,.F.);
#9356 = FACE_BOUND('',#9357,.F.);
#9357 = EDGE_LOOP('',(#9358,#9381,#9382,#9405));
#9358 = ORIENTED_EDGE('',*,*,#9359,.F.);
#9359 = EDGE_CURVE('',#8036,#9360,#9362,.T.);
#9360 = VERTEX_POINT('',#9361);
#9361 = CARTESIAN_POINT('',(15.1,293.5,85.3));
#9362 = SURFACE_CURVE('',#9363,(#9367,#9374),.PCURVE_S1.);
#9363 = LINE('',#9364,#9365);
#9364 = CARTESIAN_POINT('',(15.1,284.,85.3));
#9365 = VECTOR('',#9366,1.);
#9366 = DIRECTION('',(0.,1.,0.));
#9367 = PCURVE('',#8053,#9368);
#9368 = DEFINITIONAL_REPRESENTATION('',(#9369),#9373);
#9369 = LINE('',#9370,#9371);
#9370 = CARTESIAN_POINT('',(0.,0.));
#9371 = VECTOR('',#9372,1.);
#9372 = DIRECTION('',(0.,1.));
#9373 = ( GEOMETRIC_REPRESENTATION_CONTEXT(2) 
PARAMETRIC_REPRESENTATION_CONTEXT() REPRESENTATION_CONTEXT('2D SPACE',''
  ) );
#9374 = PCURVE('',#8081,#9375);
#9375 = DEFINITIONAL_REPRESENTATION('',(#9376),#9380);
#9376 = LINE('',#9377,#9378);
#9377 = CARTESIAN_POINT('',(3.3,0.));
#9378 = VECTOR('',#9379,1.);
#9379 = DIRECTION('',(0.,-1.));
#9380 = ( GEOMETRIC_REPRESENTATION_CONTEXT(2) 
PARAMETRIC_REPRESENTATION_CONTEXT() REPRESENTATION_CONTEXT('2D SPACE',''
  ) );
#9381 = ORIENTED_EDGE('',*,*,#8035,.T.);
#9382 = ORIENTED_EDGE('',*,*,#9383,.T.);
#9383 = EDGE_CURVE('',#8038,#9384,#9386,.T.);
#9384 = VERTEX_POINT('',#9385);
#9385 = CARTESIAN_POINT('',(20.9,293.5,85.3));
#9386 = SURFACE_CURVE('',#9387,(#9391,#9398),.PCURVE_S1.);
#9387 = LINE('',#9388,#9389);
#9388 = CARTESIAN_POINT('',(20.9,284.,85.3));
#9389 = VECTOR('',#9390,1.);
#9390 = DIRECTION('',(0.,1.,0.));
#9391 = PCURVE('',#8053,#9392);
#9392 = DEFINITIONAL_REPRESENTATION('',(#9393),#9397);
#9393 = LINE('',#9394,#9395);
#9394 = CARTESIAN_POINT('',(5.8,0.));
#9395 = VECTOR('',#9396,1.);
#9396 = DIRECTION('',(0.,1.));
#9397 = ( GEOMETRIC_REPRESENTATION_CONTEXT(2) 
PARAMETRIC_REPRESENTATION_CONTEXT() REPRESENTATION_CONTEXT('2D SPACE',''
  ) );
#9398 = PCURVE('',#8135,#9399);
#9399 = DEFINITIONAL_REPRESENTATION('',(#9400),#9404);
#9400 = LINE('',#9401,#9402);
#9401 = CARTESIAN_POINT('',(3.3,0.));
#9402 = VECTOR('',#9403,1.);
#9403 = DIRECTION('',(0.,-1.));
#9404 = ( GEOMETRIC_REPRESENTATION_CONTEXT(2) 
PARAMETRIC_REPRESENTATION_CONTEXT() REPRESENTATION_CONTEXT('2D SPACE',''
  ) );
#9405 = ORIENTED_EDGE('',*,*,#9406,.F.);
#9406 = EDGE_CURVE('',#9360,#9384,#9407,.T.);
#9407 = SURFACE_CURVE('',#9408,(#9412,#9419),.PCURVE_S1.);
#9408 = LINE('',#9409,#9410);
#9409 = CARTESIAN_POINT('',(15.1,293.5,85.3));
#9410 = VECTOR('',#9411,1.);
#9411 = DIRECTION('',(1.,0.,0.));
#9412 = PCURVE('',#8053,#9413);
#9413 = DEFINITIONAL_REPRESENTATION('',(#9414),#9418);
#9414 = LINE('',#9415,#9416);
#9415 = CARTESIAN_POINT('',(0.,9.5));
#9416 = VECTOR('',#9417,1.);
#9417 = DIRECTION('',(1.,0.));
#9418 = ( GEOMETRIC_REPRESENTATION_CONTEXT(2) 
PARAMETRIC_REPRESENTATION_CONTEXT() REPRESENTATION_CONTEXT('2D SPACE',''
  ) );
#9419 = PCURVE('',#9420,#9425);
#9420 = PLANE('',#9421);
#9421 = AXIS2_PLACEMENT_3D('',#9422,#9423,#9424);
#9422 = CARTESIAN_POINT('',(15.1,293.5,82.));
#9423 = DIRECTION('',(0.,1.,0.));
#9424 = DIRECTION('',(0.,0.,1.));
#9425 = DEFINITIONAL_REPRESENTATION('',(#9426),#9430);
#9426 = LINE('',#9427,#9428);
#9427 = CARTESIAN_POINT('',(3.3,0.));
#9428 = VECTOR('',#9429,1.);
#9429 = DIRECTION('',(0.,1.));
#9430 = ( GEOMETRIC_REPRESENTATION_CONTEXT(2) 
PARAMETRIC_REPRESENTATION_CONTEXT() REPRESENTATION_CONTEXT('2D SPACE',''
  ) );
#9431 = FACE_BOUND('',#9432,.F.);
#9432 = EDGE_LOOP('',(#9433));
#9433 = ORIENTED_EDGE('',*,*,#9434,.F.);
#9434 = EDGE_CURVE('',#9435,#9435,#9437,.T.);
#9435 = VERTEX_POINT('',#9436);
#9436 = CARTESIAN_POINT('',(19.7,290.,85.3));
#9437 = SURFACE_CURVE('',#9438,(#9443,#9450),.PCURVE_S1.);
#9438 = CIRCLE('',#9439,1.7);
#9439 = AXIS2_PLACEMENT_3D('',#9440,#9441,#9442);
#9440 = CARTESIAN_POINT('',(18.,290.,85.3));
#9441 = DIRECTION('',(0.,0.,1.));
#9442 = DIRECTION('',(1.,0.,-0.));
#9443 = PCURVE('',#8053,#9444);
#9444 = DEFINITIONAL_REPRESENTATION('',(#9445),#9449);
#9445 = CIRCLE('',#9446,1.7);
#9446 = AXIS2_PLACEMENT_2D('',#9447,#9448);
#9447 = CARTESIAN_POINT('',(2.9,6.));
#9448 = DIRECTION('',(1.,0.));
#9449 = ( GEOMETRIC_REPRESENTATION_CONTEXT(2) 
PARAMETRIC_REPRESENTATION_CONTEXT() REPRESENTATION_CONTEXT('2D SPACE',''
  ) );
#9450 = PCURVE('',#8908,#9451);
#9451 = DEFINITIONAL_REPRESENTATION('',(#9452),#9456);
#9452 = LINE('',#9453,#9454);
#9453 = CARTESIAN_POINT('',(0.,5.3));
#9454 = VECTOR('',#9455,1.);
#9455 = DIRECTION('',(1.,0.));
#9456 = ( GEOMETRIC_REPRESENTATION_CONTEXT(2) 
PARAMETRIC_REPRESENTATION_CONTEXT() REPRESENTATION_CONTEXT('2D SPACE',''
  ) );
#9457 = ADVANCED_FACE('',(#9458),#8135,.F.);
#9458 = FACE_BOUND('',#9459,.F.);
#9459 = EDGE_LOOP('',(#9460,#9461,#9484,#9505));
#9460 = ORIENTED_EDGE('',*,*,#8121,.F.);
#9461 = ORIENTED_EDGE('',*,*,#9462,.T.);
#9462 = EDGE_CURVE('',#8094,#9463,#9465,.T.);
#9463 = VERTEX_POINT('',#9464);
#9464 = CARTESIAN_POINT('',(20.9,293.5,82.));
#9465 = SURFACE_CURVE('',#9466,(#9470,#9477),.PCURVE_S1.);
#9466 = LINE('',#9467,#9468);
#9467 = CARTESIAN_POINT('',(20.9,284.,82.));
#9468 = VECTOR('',#9469,1.);
#9469 = DIRECTION('',(0.,1.,0.));
#9470 = PCURVE('',#8135,#9471);
#9471 = DEFINITIONAL_REPRESENTATION('',(#9472),#9476);
#9472 = LINE('',#9473,#9474);
#9473 = CARTESIAN_POINT('',(0.,0.));
#9474 = VECTOR('',#9475,1.);
#9475 = DIRECTION('',(0.,-1.));
#9476 = ( GEOMETRIC_REPRESENTATION_CONTEXT(2) 
PARAMETRIC_REPRESENTATION_CONTEXT() REPRESENTATION_CONTEXT('2D SPACE',''
  ) );
#9477 = PCURVE('',#8109,#9478);
#9478 = DEFINITIONAL_REPRESENTATION('',(#9479),#9483);
#9479 = LINE('',#9480,#9481);
#9480 = CARTESIAN_POINT('',(5.8,0.));
#9481 = VECTOR('',#9482,1.);
#9482 = DIRECTION('',(0.,1.));
#9483 = ( GEOMETRIC_REPRESENTATION_CONTEXT(2) 
PARAMETRIC_REPRESENTATION_CONTEXT() REPRESENTATION_CONTEXT('2D SPACE',''
  ) );
#9484 = ORIENTED_EDGE('',*,*,#9485,.T.);
#9485 = EDGE_CURVE('',#9463,#9384,#9486,.T.);
#9486 = SURFACE_CURVE('',#9487,(#9491,#9498),.PCURVE_S1.);
#9487 = LINE('',#9488,#9489);
#9488 = CARTESIAN_POINT('',(20.9,293.5,82.));
#9489 = VECTOR('',#9490,1.);
#9490 = DIRECTION('',(0.,0.,1.));
#9491 = PCURVE('',#8135,#9492);
#9492 = DEFINITIONAL_REPRESENTATION('',(#9493),#9497);
#9493 = LINE('',#9494,#9495);
#9494 = CARTESIAN_POINT('',(0.,-9.5));
#9495 = VECTOR('',#9496,1.);
#9496 = DIRECTION('',(1.,0.));
#9497 = ( GEOMETRIC_REPRESENTATION_CONTEXT(2) 
PARAMETRIC_REPRESENTATION_CONTEXT() REPRESENTATION_CONTEXT('2D SPACE',''
  ) );
#9498 = PCURVE('',#9420,#9499);
#9499 = DEFINITIONAL_REPRESENTATION('',(#9500),#9504);
#9500 = LINE('',#9501,#9502);
#9501 = CARTESIAN_POINT('',(0.,5.8));
#9502 = VECTOR('',#9503,1.);
#9503 = DIRECTION('',(1.,0.));
#9504 = ( GEOMETRIC_REPRESENTATION_CONTEXT(2) 
PARAMETRIC_REPRESENTATION_CONTEXT() REPRESENTATION_CONTEXT('2D SPACE',''
  ) );
#9505 = ORIENTED_EDGE('',*,*,#9383,.F.);
#9506 = ADVANCED_FACE('',(#9507,#9555),#8109,.T.);
#9507 = FACE_BOUND('',#9508,.T.);
#9508 = EDGE_LOOP('',(#9509,#9532,#9533,#9534));
#9509 = ORIENTED_EDGE('',*,*,#9510,.F.);
#9510 = EDGE_CURVE('',#8066,#9511,#9513,.T.);
#9511 = VERTEX_POINT('',#9512);
#9512 = CARTESIAN_POINT('',(15.1,293.5,82.));
#9513 = SURFACE_CURVE('',#9514,(#9518,#9525),.PCURVE_S1.);
#9514 = LINE('',#9515,#9516);
#9515 = CARTESIAN_POINT('',(15.1,284.,82.));
#9516 = VECTOR('',#9517,1.);
#9517 = DIRECTION('',(0.,1.,0.));
#9518 = PCURVE('',#8109,#9519);
#9519 = DEFINITIONAL_REPRESENTATION('',(#9520),#9524);
#9520 = LINE('',#9521,#9522);
#9521 = CARTESIAN_POINT('',(0.,0.));
#9522 = VECTOR('',#9523,1.);
#9523 = DIRECTION('',(0.,1.));
#9524 = ( GEOMETRIC_REPRESENTATION_CONTEXT(2) 
PARAMETRIC_REPRESENTATION_CONTEXT() REPRESENTATION_CONTEXT('2D SPACE',''
  ) );
#9525 = PCURVE('',#8081,#9526);
#9526 = DEFINITIONAL_REPRESENTATION('',(#9527),#9531);
#9527 = LINE('',#9528,#9529);
#9528 = CARTESIAN_POINT('',(0.,0.));
#9529 = VECTOR('',#9530,1.);
#9530 = DIRECTION('',(0.,-1.));
#9531 = ( GEOMETRIC_REPRESENTATION_CONTEXT(2) 
PARAMETRIC_REPRESENTATION_CONTEXT() REPRESENTATION_CONTEXT('2D SPACE',''
  ) );
#9532 = ORIENTED_EDGE('',*,*,#8093,.T.);
#9533 = ORIENTED_EDGE('',*,*,#9462,.T.);
#9534 = ORIENTED_EDGE('',*,*,#9535,.F.);
#9535 = EDGE_CURVE('',#9511,#9463,#9536,.T.);
#9536 = SURFACE_CURVE('',#9537,(#9541,#9548),.PCURVE_S1.);
#9537 = LINE('',#9538,#9539);
#9538 = CARTESIAN_POINT('',(15.1,293.5,82.));
#9539 = VECTOR('',#9540,1.);
#9540 = DIRECTION('',(1.,0.,0.));
#9541 = PCURVE('',#8109,#9542);
#9542 = DEFINITIONAL_REPRESENTATION('',(#9543),#9547);
#9543 = LINE('',#9544,#9545);
#9544 = CARTESIAN_POINT('',(0.,9.5));
#9545 = VECTOR('',#9546,1.);
#9546 = DIRECTION('',(1.,0.));
#9547 = ( GEOMETRIC_REPRESENTATION_CONTEXT(2) 
PARAMETRIC_REPRESENTATION_CONTEXT() REPRESENTATION_CONTEXT('2D SPACE',''
  ) );
#9548 = PCURVE('',#9420,#9549);
#9549 = DEFINITIONAL_REPRESENTATION('',(#9550),#9554);
#9550 = LINE('',#9551,#9552);
#9551 = CARTESIAN_POINT('',(0.,0.));
#9552 = VECTOR('',#9553,1.);
#9553 = DIRECTION('',(0.,1.));
#9554 = ( GEOMETRIC_REPRESENTATION_CONTEXT(2) 
PARAMETRIC_REPRESENTATION_CONTEXT() REPRESENTATION_CONTEXT('2D SPACE',''
  ) );
#9555 = FACE_BOUND('',#9556,.T.);
#9556 = EDGE_LOOP('',(#9557));
#9557 = ORIENTED_EDGE('',*,*,#9558,.F.);
#9558 = EDGE_CURVE('',#9559,#9559,#9561,.T.);
#9559 = VERTEX_POINT('',#9560);
#9560 = CARTESIAN_POINT('',(19.7,290.,82.));
#9561 = SURFACE_CURVE('',#9562,(#9567,#9574),.PCURVE_S1.);
#9562 = CIRCLE('',#9563,1.7);
#9563 = AXIS2_PLACEMENT_3D('',#9564,#9565,#9566);
#9564 = CARTESIAN_POINT('',(18.,290.,82.));
#9565 = DIRECTION('',(0.,0.,1.));
#9566 = DIRECTION('',(1.,0.,-0.));
#9567 = PCURVE('',#8109,#9568);
#9568 = DEFINITIONAL_REPRESENTATION('',(#9569),#9573);
#9569 = CIRCLE('',#9570,1.7);
#9570 = AXIS2_PLACEMENT_2D('',#9571,#9572);
#9571 = CARTESIAN_POINT('',(2.9,6.));
#9572 = DIRECTION('',(1.,0.));
#9573 = ( GEOMETRIC_REPRESENTATION_CONTEXT(2) 
PARAMETRIC_REPRESENTATION_CONTEXT() REPRESENTATION_CONTEXT('2D SPACE',''
  ) );
#9574 = PCURVE('',#9575,#9580);
#9575 = CYLINDRICAL_SURFACE('',#9576,1.7);
#9576 = AXIS2_PLACEMENT_3D('',#9577,#9578,#9579);
#9577 = CARTESIAN_POINT('',(18.,290.,80.));
#9578 = DIRECTION('',(0.,0.,1.));
#9579 = DIRECTION('',(1.,0.,-0.));
#9580 = DEFINITIONAL_REPRESENTATION('',(#9581),#9585);
#9581 = LINE('',#9582,#9583);
#9582 = CARTESIAN_POINT('',(0.,2.));
#9583 = VECTOR('',#9584,1.);
#9584 = DIRECTION('',(1.,0.));
#9585 = ( GEOMETRIC_REPRESENTATION_CONTEXT(2) 
PARAMETRIC_REPRESENTATION_CONTEXT() REPRESENTATION_CONTEXT('2D SPACE',''
  ) );
#9586 = ADVANCED_FACE('',(#9587),#8081,.T.);
#9587 = FACE_BOUND('',#9588,.T.);
#9588 = EDGE_LOOP('',(#9589,#9590,#9591,#9612));
#9589 = ORIENTED_EDGE('',*,*,#8065,.F.);
#9590 = ORIENTED_EDGE('',*,*,#9510,.T.);
#9591 = ORIENTED_EDGE('',*,*,#9592,.T.);
#9592 = EDGE_CURVE('',#9511,#9360,#9593,.T.);
#9593 = SURFACE_CURVE('',#9594,(#9598,#9605),.PCURVE_S1.);
#9594 = LINE('',#9595,#9596);
#9595 = CARTESIAN_POINT('',(15.1,293.5,82.));
#9596 = VECTOR('',#9597,1.);
#9597 = DIRECTION('',(0.,0.,1.));
#9598 = PCURVE('',#8081,#9599);
#9599 = DEFINITIONAL_REPRESENTATION('',(#9600),#9604);
#9600 = LINE('',#9601,#9602);
#9601 = CARTESIAN_POINT('',(0.,-9.5));
#9602 = VECTOR('',#9603,1.);
#9603 = DIRECTION('',(1.,0.));
#9604 = ( GEOMETRIC_REPRESENTATION_CONTEXT(2) 
PARAMETRIC_REPRESENTATION_CONTEXT() REPRESENTATION_CONTEXT('2D SPACE',''
  ) );
#9605 = PCURVE('',#9420,#9606);
#9606 = DEFINITIONAL_REPRESENTATION('',(#9607),#9611);
#9607 = LINE('',#9608,#9609);
#9608 = CARTESIAN_POINT('',(0.,0.));
#9609 = VECTOR('',#9610,1.);
#9610 = DIRECTION('',(1.,0.));
#9611 = ( GEOMETRIC_REPRESENTATION_CONTEXT(2) 
PARAMETRIC_REPRESENTATION_CONTEXT() REPRESENTATION_CONTEXT('2D SPACE',''
  ) );
#9612 = ORIENTED_EDGE('',*,*,#9359,.F.);
#9613 = ADVANCED_FACE('',(#9614),#8351,.F.);
#9614 = FACE_BOUND('',#9615,.F.);
#9615 = EDGE_LOOP('',(#9616,#9617,#9618,#9640));
#9616 = ORIENTED_EDGE('',*,*,#8334,.F.);
#9617 = ORIENTED_EDGE('',*,*,#8759,.F.);
#9618 = ORIENTED_EDGE('',*,*,#9619,.T.);
#9619 = EDGE_CURVE('',#8760,#9024,#9620,.T.);
#9620 = SURFACE_CURVE('',#9621,(#9626,#9633),.PCURVE_S1.);
#9621 = CIRCLE('',#9622,8.);
#9622 = AXIS2_PLACEMENT_3D('',#9623,#9624,#9625);
#9623 = CARTESIAN_POINT('',(0.,293.6,100.));
#9624 = DIRECTION('',(0.,1.,0.));
#9625 = DIRECTION('',(0.,-0.,1.));
#9626 = PCURVE('',#8351,#9627);
#9627 = DEFINITIONAL_REPRESENTATION('',(#9628),#9632);
#9628 = LINE('',#9629,#9630);
#9629 = CARTESIAN_POINT('',(0.,10.6));
#9630 = VECTOR('',#9631,1.);
#9631 = DIRECTION('',(1.,0.));
#9632 = ( GEOMETRIC_REPRESENTATION_CONTEXT(2) 
PARAMETRIC_REPRESENTATION_CONTEXT() REPRESENTATION_CONTEXT('2D SPACE',''
  ) );
#9633 = PCURVE('',#8798,#9634);
#9634 = DEFINITIONAL_REPRESENTATION('',(#9635),#9639);
#9635 = CIRCLE('',#9636,8.);
#9636 = AXIS2_PLACEMENT_2D('',#9637,#9638);
#9637 = CARTESIAN_POINT('',(0.,0.));
#9638 = DIRECTION('',(1.,0.));
#9639 = ( GEOMETRIC_REPRESENTATION_CONTEXT(2) 
PARAMETRIC_REPRESENTATION_CONTEXT() REPRESENTATION_CONTEXT('2D SPACE',''
  ) );
#9640 = ORIENTED_EDGE('',*,*,#9046,.T.);
#9641 = ADVANCED_FACE('',(#9642),#8798,.F.);
#9642 = FACE_BOUND('',#9643,.F.);
#9643 = EDGE_LOOP('',(#9644,#9645,#9667,#9668));
#9644 = ORIENTED_EDGE('',*,*,#8782,.F.);
#9645 = ORIENTED_EDGE('',*,*,#9646,.T.);
#9646 = EDGE_CURVE('',#8783,#9001,#9647,.T.);
#9647 = SURFACE_CURVE('',#9648,(#9653,#9660),.PCURVE_S1.);
#9648 = CIRCLE('',#9649,11.15);
#9649 = AXIS2_PLACEMENT_3D('',#9650,#9651,#9652);
#9650 = CARTESIAN_POINT('',(0.,293.6,100.));
#9651 = DIRECTION('',(0.,1.,0.));
#9652 = DIRECTION('',(0.,-0.,1.));
#9653 = PCURVE('',#8798,#9654);
#9654 = DEFINITIONAL_REPRESENTATION('',(#9655),#9659);
#9655 = CIRCLE('',#9656,11.15);
#9656 = AXIS2_PLACEMENT_2D('',#9657,#9658);
#9657 = CARTESIAN_POINT('',(0.,0.));
#9658 = DIRECTION('',(1.,0.));
#9659 = ( GEOMETRIC_REPRESENTATION_CONTEXT(2) 
PARAMETRIC_REPRESENTATION_CONTEXT() REPRESENTATION_CONTEXT('2D SPACE',''
  ) );
#9660 = PCURVE('',#8826,#9661);
#9661 = DEFINITIONAL_REPRESENTATION('',(#9662),#9666);
#9662 = LINE('',#9663,#9664);
#9663 = CARTESIAN_POINT('',(0.,7.2));
#9664 = VECTOR('',#9665,1.);
#9665 = DIRECTION('',(1.,0.));
#9666 = ( GEOMETRIC_REPRESENTATION_CONTEXT(2) 
PARAMETRIC_REPRESENTATION_CONTEXT() REPRESENTATION_CONTEXT('2D SPACE',''
  ) );
#9667 = ORIENTED_EDGE('',*,*,#9023,.F.);
#9668 = ORIENTED_EDGE('',*,*,#9619,.F.);
#9669 = ADVANCED_FACE('',(#9670),#8826,.F.);
#9670 = FACE_BOUND('',#9671,.F.);
#9671 = EDGE_LOOP('',(#9672,#9673,#9674,#9696));
#9672 = ORIENTED_EDGE('',*,*,#9646,.F.);
#9673 = ORIENTED_EDGE('',*,*,#8810,.F.);
#9674 = ORIENTED_EDGE('',*,*,#9675,.T.);
#9675 = EDGE_CURVE('',#8811,#8978,#9676,.T.);
#9676 = SURFACE_CURVE('',#9677,(#9682,#9689),.PCURVE_S1.);
#9677 = CIRCLE('',#9678,11.15);
#9678 = AXIS2_PLACEMENT_3D('',#9679,#9680,#9681);
#9679 = CARTESIAN_POINT('',(0.,286.4,100.));
#9680 = DIRECTION('',(0.,1.,0.));
#9681 = DIRECTION('',(0.,-0.,1.));
#9682 = PCURVE('',#8826,#9683);
#9683 = DEFINITIONAL_REPRESENTATION('',(#9684),#9688);
#9684 = LINE('',#9685,#9686);
#9685 = CARTESIAN_POINT('',(0.,0.));
#9686 = VECTOR('',#9687,1.);
#9687 = DIRECTION('',(1.,0.));
#9688 = ( GEOMETRIC_REPRESENTATION_CONTEXT(2) 
PARAMETRIC_REPRESENTATION_CONTEXT() REPRESENTATION_CONTEXT('2D SPACE',''
  ) );
#9689 = PCURVE('',#8854,#9690);
#9690 = DEFINITIONAL_REPRESENTATION('',(#9691),#9695);
#9691 = CIRCLE('',#9692,11.15);
#9692 = AXIS2_PLACEMENT_2D('',#9693,#9694);
#9693 = CARTESIAN_POINT('',(0.,0.));
#9694 = DIRECTION('',(1.,0.));
#9695 = ( GEOMETRIC_REPRESENTATION_CONTEXT(2) 
PARAMETRIC_REPRESENTATION_CONTEXT() REPRESENTATION_CONTEXT('2D SPACE',''
  ) );
#9696 = ORIENTED_EDGE('',*,*,#9000,.T.);
#9697 = ADVANCED_FACE('',(#9698),#8854,.T.);
#9698 = FACE_BOUND('',#9699,.T.);
#9699 = EDGE_LOOP('',(#9700,#9701,#9702,#9703));
#9700 = ORIENTED_EDGE('',*,*,#8838,.F.);
#9701 = ORIENTED_EDGE('',*,*,#9675,.T.);
#9702 = ORIENTED_EDGE('',*,*,#8977,.F.);
#9703 = ORIENTED_EDGE('',*,*,#8948,.F.);
#9704 = ADVANCED_FACE('',(#9705),#8908,.F.);
#9705 = FACE_BOUND('',#9706,.F.);
#9706 = EDGE_LOOP('',(#9707,#9728,#9729,#9730));
#9707 = ORIENTED_EDGE('',*,*,#9708,.T.);
#9708 = EDGE_CURVE('',#9435,#8892,#9709,.T.);
#9709 = SEAM_CURVE('',#9710,(#9714,#9721),.PCURVE_S1.);
#9710 = LINE('',#9711,#9712);
#9711 = CARTESIAN_POINT('',(19.7,290.,80.));
#9712 = VECTOR('',#9713,1.);
#9713 = DIRECTION('',(0.,0.,1.));
#9714 = PCURVE('',#8908,#9715);
#9715 = DEFINITIONAL_REPRESENTATION('',(#9716),#9720);
#9716 = LINE('',#9717,#9718);
#9717 = CARTESIAN_POINT('',(6.28318530718,-0.));
#9718 = VECTOR('',#9719,1.);
#9719 = DIRECTION('',(0.,1.));
#9720 = ( GEOMETRIC_REPRESENTATION_CONTEXT(2) 
PARAMETRIC_REPRESENTATION_CONTEXT() REPRESENTATION_CONTEXT('2D SPACE',''
  ) );
#9721 = PCURVE('',#8908,#9722);
#9722 = DEFINITIONAL_REPRESENTATION('',(#9723),#9727);
#9723 = LINE('',#9724,#9725);
#9724 = CARTESIAN_POINT('',(0.,-0.));
#9725 = VECTOR('',#9726,1.);
#9726 = DIRECTION('',(0.,1.));
#9727 = ( GEOMETRIC_REPRESENTATION_CONTEXT(2) 
PARAMETRIC_REPRESENTATION_CONTEXT() REPRESENTATION_CONTEXT('2D SPACE',''
  ) );
#9728 = ORIENTED_EDGE('',*,*,#8891,.F.);
#9729 = ORIENTED_EDGE('',*,*,#9708,.F.);
#9730 = ORIENTED_EDGE('',*,*,#9434,.T.);
#9731 = ADVANCED_FACE('',(#9732),#9086,.F.);
#9732 = FACE_BOUND('',#9733,.F.);
#9733 = EDGE_LOOP('',(#9734,#9755,#9756,#9757));
#9734 = ORIENTED_EDGE('',*,*,#9735,.T.);
#9735 = EDGE_CURVE('',#9177,#9070,#9736,.T.);
#9736 = SEAM_CURVE('',#9737,(#9741,#9748),.PCURVE_S1.);
#9737 = LINE('',#9738,#9739);
#9738 = CARTESIAN_POINT('',(-16.3,290.,80.));
#9739 = VECTOR('',#9740,1.);
#9740 = DIRECTION('',(0.,0.,1.));
#9741 = PCURVE('',#9086,#9742);
#9742 = DEFINITIONAL_REPRESENTATION('',(#9743),#9747);
#9743 = LINE('',#9744,#9745);
#9744 = CARTESIAN_POINT('',(6.28318530718,-0.));
#9745 = VECTOR('',#9746,1.);
#9746 = DIRECTION('',(0.,1.));
#9747 = ( GEOMETRIC_REPRESENTATION_CONTEXT(2) 
PARAMETRIC_REPRESENTATION_CONTEXT() REPRESENTATION_CONTEXT('2D SPACE',''
  ) );
#9748 = PCURVE('',#9086,#9749);
#9749 = DEFINITIONAL_REPRESENTATION('',(#9750),#9754);
#9750 = LINE('',#9751,#9752);
#9751 = CARTESIAN_POINT('',(0.,-0.));
#9752 = VECTOR('',#9753,1.);
#9753 = DIRECTION('',(0.,1.));
#9754 = ( GEOMETRIC_REPRESENTATION_CONTEXT(2) 
PARAMETRIC_REPRESENTATION_CONTEXT() REPRESENTATION_CONTEXT('2D SPACE',''
  ) );
#9755 = ORIENTED_EDGE('',*,*,#9069,.F.);
#9756 = ORIENTED_EDGE('',*,*,#9735,.F.);
#9757 = ORIENTED_EDGE('',*,*,#9176,.T.);
#9758 = ADVANCED_FACE('',(#9759),#9162,.F.);
#9759 = FACE_BOUND('',#9760,.F.);
#9760 = EDGE_LOOP('',(#9761,#9762,#9763,#9764));
#9761 = ORIENTED_EDGE('',*,*,#9304,.F.);
#9762 = ORIENTED_EDGE('',*,*,#9276,.T.);
#9763 = ORIENTED_EDGE('',*,*,#9148,.T.);
#9764 = ORIENTED_EDGE('',*,*,#9227,.F.);
#9765 = ADVANCED_FACE('',(#9766),#9344,.F.);
#9766 = FACE_BOUND('',#9767,.F.);
#9767 = EDGE_LOOP('',(#9768,#9769,#9792,#9819));
#9768 = ORIENTED_EDGE('',*,*,#9327,.F.);
#9769 = ORIENTED_EDGE('',*,*,#9770,.F.);
#9770 = EDGE_CURVE('',#9771,#9328,#9773,.T.);
#9771 = VERTEX_POINT('',#9772);
#9772 = CARTESIAN_POINT('',(-16.3,290.,80.));
#9773 = SEAM_CURVE('',#9774,(#9778,#9785),.PCURVE_S1.);
#9774 = LINE('',#9775,#9776);
#9775 = CARTESIAN_POINT('',(-16.3,290.,80.));
#9776 = VECTOR('',#9777,1.);
#9777 = DIRECTION('',(0.,0.,1.));
#9778 = PCURVE('',#9344,#9779);
#9779 = DEFINITIONAL_REPRESENTATION('',(#9780),#9784);
#9780 = LINE('',#9781,#9782);
#9781 = CARTESIAN_POINT('',(6.28318530718,-0.));
#9782 = VECTOR('',#9783,1.);
#9783 = DIRECTION('',(0.,1.));
#9784 = ( GEOMETRIC_REPRESENTATION_CONTEXT(2) 
PARAMETRIC_REPRESENTATION_CONTEXT() REPRESENTATION_CONTEXT('2D SPACE',''
  ) );
#9785 = PCURVE('',#9344,#9786);
#9786 = DEFINITIONAL_REPRESENTATION('',(#9787),#9791);
#9787 = LINE('',#9788,#9789);
#9788 = CARTESIAN_POINT('',(0.,-0.));
#9789 = VECTOR('',#9790,1.);
#9790 = DIRECTION('',(0.,1.));
#9791 = ( GEOMETRIC_REPRESENTATION_CONTEXT(2) 
PARAMETRIC_REPRESENTATION_CONTEXT() REPRESENTATION_CONTEXT('2D SPACE',''
  ) );
#9792 = ORIENTED_EDGE('',*,*,#9793,.T.);
#9793 = EDGE_CURVE('',#9771,#9771,#9794,.T.);
#9794 = SURFACE_CURVE('',#9795,(#9800,#9807),.PCURVE_S1.);
#9795 = CIRCLE('',#9796,1.7);
#9796 = AXIS2_PLACEMENT_3D('',#9797,#9798,#9799);
#9797 = CARTESIAN_POINT('',(-18.,290.,80.));
#9798 = DIRECTION('',(0.,0.,1.));
#9799 = DIRECTION('',(1.,0.,-0.));
#9800 = PCURVE('',#9344,#9801);
#9801 = DEFINITIONAL_REPRESENTATION('',(#9802),#9806);
#9802 = LINE('',#9803,#9804);
#9803 = CARTESIAN_POINT('',(0.,0.));
#9804 = VECTOR('',#9805,1.);
#9805 = DIRECTION('',(1.,0.));
#9806 = ( GEOMETRIC_REPRESENTATION_CONTEXT(2) 
PARAMETRIC_REPRESENTATION_CONTEXT() REPRESENTATION_CONTEXT('2D SPACE',''
  ) );
#9807 = PCURVE('',#9808,#9813);
#9808 = PLANE('',#9809);
#9809 = AXIS2_PLACEMENT_3D('',#9810,#9811,#9812);
#9810 = CARTESIAN_POINT('',(-18.,290.,80.));
#9811 = DIRECTION('',(0.,0.,1.));
#9812 = DIRECTION('',(1.,0.,-0.));
#9813 = DEFINITIONAL_REPRESENTATION('',(#9814),#9818);
#9814 = CIRCLE('',#9815,1.7);
#9815 = AXIS2_PLACEMENT_2D('',#9816,#9817);
#9816 = CARTESIAN_POINT('',(0.,0.));
#9817 = DIRECTION('',(1.,0.));
#9818 = ( GEOMETRIC_REPRESENTATION_CONTEXT(2) 
PARAMETRIC_REPRESENTATION_CONTEXT() REPRESENTATION_CONTEXT('2D SPACE',''
  ) );
#9819 = ORIENTED_EDGE('',*,*,#9770,.T.);
#9820 = ADVANCED_FACE('',(#9821),#9420,.F.);
#9821 = FACE_BOUND('',#9822,.F.);
#9822 = EDGE_LOOP('',(#9823,#9824,#9825,#9826));
#9823 = ORIENTED_EDGE('',*,*,#9535,.F.);
#9824 = ORIENTED_EDGE('',*,*,#9592,.T.);
#9825 = ORIENTED_EDGE('',*,*,#9406,.T.);
#9826 = ORIENTED_EDGE('',*,*,#9485,.F.);
#9827 = ADVANCED_FACE('',(#9828),#9575,.F.);
#9828 = FACE_BOUND('',#9829,.F.);
#9829 = EDGE_LOOP('',(#9830,#9831,#9854,#9881));
#9830 = ORIENTED_EDGE('',*,*,#9558,.F.);
#9831 = ORIENTED_EDGE('',*,*,#9832,.F.);
#9832 = EDGE_CURVE('',#9833,#9559,#9835,.T.);
#9833 = VERTEX_POINT('',#9834);
#9834 = CARTESIAN_POINT('',(19.7,290.,80.));
#9835 = SEAM_CURVE('',#9836,(#9840,#9847),.PCURVE_S1.);
#9836 = LINE('',#9837,#9838);
#9837 = CARTESIAN_POINT('',(19.7,290.,80.));
#9838 = VECTOR('',#9839,1.);
#9839 = DIRECTION('',(0.,0.,1.));
#9840 = PCURVE('',#9575,#9841);
#9841 = DEFINITIONAL_REPRESENTATION('',(#9842),#9846);
#9842 = LINE('',#9843,#9844);
#9843 = CARTESIAN_POINT('',(6.28318530718,-0.));
#9844 = VECTOR('',#9845,1.);
#9845 = DIRECTION('',(0.,1.));
#9846 = ( GEOMETRIC_REPRESENTATION_CONTEXT(2) 
PARAMETRIC_REPRESENTATION_CONTEXT() REPRESENTATION_CONTEXT('2D SPACE',''
  ) );
#9847 = PCURVE('',#9575,#9848);
#9848 = DEFINITIONAL_REPRESENTATION('',(#9849),#9853);
#9849 = LINE('',#9850,#9851);
#9850 = CARTESIAN_POINT('',(0.,-0.));
#9851 = VECTOR('',#9852,1.);
#9852 = DIRECTION('',(0.,1.));
#9853 = ( GEOMETRIC_REPRESENTATION_CONTEXT(2) 
PARAMETRIC_REPRESENTATION_CONTEXT() REPRESENTATION_CONTEXT('2D SPACE',''
  ) );
#9854 = ORIENTED_EDGE('',*,*,#9855,.T.);
#9855 = EDGE_CURVE('',#9833,#9833,#9856,.T.);
#9856 = SURFACE_CURVE('',#9857,(#9862,#9869),.PCURVE_S1.);
#9857 = CIRCLE('',#9858,1.7);
#9858 = AXIS2_PLACEMENT_3D('',#9859,#9860,#9861);
#9859 = CARTESIAN_POINT('',(18.,290.,80.));
#9860 = DIRECTION('',(0.,0.,1.));
#9861 = DIRECTION('',(1.,0.,-0.));
#9862 = PCURVE('',#9575,#9863);
#9863 = DEFINITIONAL_REPRESENTATION('',(#9864),#9868);
#9864 = LINE('',#9865,#9866);
#9865 = CARTESIAN_POINT('',(0.,0.));
#9866 = VECTOR('',#9867,1.);
#9867 = DIRECTION('',(1.,0.));
#9868 = ( GEOMETRIC_REPRESENTATION_CONTEXT(2) 
PARAMETRIC_REPRESENTATION_CONTEXT() REPRESENTATION_CONTEXT('2D SPACE',''
  ) );
#9869 = PCURVE('',#9870,#9875);
#9870 = PLANE('',#9871);
#9871 = AXIS2_PLACEMENT_3D('',#9872,#9873,#9874);
#9872 = CARTESIAN_POINT('',(18.,290.,80.));
#9873 = DIRECTION('',(0.,0.,1.));
#9874 = DIRECTION('',(1.,0.,-0.));
#9875 = DEFINITIONAL_REPRESENTATION('',(#9876),#9880);
#9876 = CIRCLE('',#9877,1.7);
#9877 = AXIS2_PLACEMENT_2D('',#9878,#9879);
#9878 = CARTESIAN_POINT('',(0.,0.));
#9879 = DIRECTION('',(1.,0.));
#9880 = ( GEOMETRIC_REPRESENTATION_CONTEXT(2) 
PARAMETRIC_REPRESENTATION_CONTEXT() REPRESENTATION_CONTEXT('2D SPACE',''
  ) );
#9881 = ORIENTED_EDGE('',*,*,#9832,.T.);
#9882 = ADVANCED_FACE('',(#9883),#9808,.T.);
#9883 = FACE_BOUND('',#9884,.F.);
#9884 = EDGE_LOOP('',(#9885));
#9885 = ORIENTED_EDGE('',*,*,#9793,.F.);
#9886 = ADVANCED_FACE('',(#9887),#9870,.T.);
#9887 = FACE_BOUND('',#9888,.F.);
#9888 = EDGE_LOOP('',(#9889));
#9889 = ORIENTED_EDGE('',*,*,#9855,.F.);
#9890 = ( GEOMETRIC_REPRESENTATION_CONTEXT(3) 
GLOBAL_UNCERTAINTY_ASSIGNED_CONTEXT((#9894)) 
GLOBAL_UNIT_ASSIGNED_CONTEXT((#9891,#9892,#9893)) REPRESENTATION_CONTEXT
('Context #1','3D Context with UNIT and UNCERTAINTY') );
#9891 = ( LENGTH_UNIT() NAMED_UNIT(*) SI_UNIT(.MILLI.,.METRE.) );
#9892 = ( NAMED_UNIT(*) PLANE_ANGLE_UNIT() SI_UNIT($,.RADIAN.) );
#9893 = ( NAMED_UNIT(*) SI_UNIT($,.STERADIAN.) SOLID_ANGLE_UNIT() );
#9894 = UNCERTAINTY_MEASURE_WITH_UNIT(LENGTH_MEASURE(1.E-07),#9891,
  'distance_accuracy_value','confusion accuracy');
#9895 = CONTEXT_DEPENDENT_SHAPE_REPRESENTATION(#9896,#9898);
#9896 = ( REPRESENTATION_RELATIONSHIP('','',#5827,#10) 
REPRESENTATION_RELATIONSHIP_WITH_TRANSFORMATION(#9897) 
SHAPE_REPRESENTATION_RELATIONSHIP() );
#9897 = ITEM_DEFINED_TRANSFORMATION('','',#11,#35);
#9898 = PRODUCT_DEFINITION_SHAPE('Placement','Placement of an item',
  #9899);
#9899 = NEXT_ASSEMBLY_USAGE_OCCURRENCE('6','stand_2','',#5,#5822,$);
#9900 = PRODUCT_RELATED_PRODUCT_CATEGORY('part',$,(#5824));
#9901 = SHAPE_DEFINITION_REPRESENTATION(#9902,#9908);
#9902 = PRODUCT_DEFINITION_SHAPE('','',#9903);
#9903 = PRODUCT_DEFINITION('design','',#9904,#9907);
#9904 = PRODUCT_DEFINITION_FORMATION('','',#9905);
#9905 = PRODUCT('cap_2','cap_2','',(#9906));
#9906 = PRODUCT_CONTEXT('',#2,'mechanical');
#9907 = PRODUCT_DEFINITION_CONTEXT('part definition',#2,'design');
#9908 = ADVANCED_BREP_SHAPE_REPRESENTATION('',(#11,#9909),#10889);
#9909 = MANIFOLD_SOLID_BREP('',#9910);
#9910 = CLOSED_SHELL('',(#9911,#10031,#10164,#10275,#10380,#10540,#10567
    ,#10712,#10740,#10767,#10794,#10826,#10854,#10882));
#9911 = ADVANCED_FACE('',(#9912),#9926,.F.);
#9912 = FACE_BOUND('',#9913,.F.);
#9913 = EDGE_LOOP('',(#9914,#9949,#9977,#10005));
#9914 = ORIENTED_EDGE('',*,*,#9915,.F.);
#9915 = EDGE_CURVE('',#9916,#9918,#9920,.T.);
#9916 = VERTEX_POINT('',#9917);
#9917 = CARTESIAN_POINT('',(-24.,284.,100.));
#9918 = VERTEX_POINT('',#9919);
#9919 = CARTESIAN_POINT('',(-24.,284.,116.));
#9920 = SURFACE_CURVE('',#9921,(#9925,#9937),.PCURVE_S1.);
#9921 = LINE('',#9922,#9923);
#9922 = CARTESIAN_POINT('',(-24.,284.,100.));
#9923 = VECTOR('',#9924,1.);
#9924 = DIRECTION('',(0.,0.,1.));
#9925 = PCURVE('',#9926,#9931);
#9926 = PLANE('',#9927);
#9927 = AXIS2_PLACEMENT_3D('',#9928,#9929,#9930);
#9928 = CARTESIAN_POINT('',(-24.,284.,100.));
#9929 = DIRECTION('',(1.,0.,0.));
#9930 = DIRECTION('',(0.,0.,1.));
#9931 = DEFINITIONAL_REPRESENTATION('',(#9932),#9936);
#9932 = LINE('',#9933,#9934);
#9933 = CARTESIAN_POINT('',(0.,0.));
#9934 = VECTOR('',#9935,1.);
#9935 = DIRECTION('',(1.,0.));
#9936 = ( GEOMETRIC_REPRESENTATION_CONTEXT(2) 
PARAMETRIC_REPRESENTATION_CONTEXT() REPRESENTATION_CONTEXT('2D SPACE',''
  ) );
#9937 = PCURVE('',#9938,#9943);
#9938 = PLANE('',#9939);
#9939 = AXIS2_PLACEMENT_3D('',#9940,#9941,#9942);
#9940 = CARTESIAN_POINT('',(-24.,284.,100.));
#9941 = DIRECTION('',(0.,1.,0.));
#9942 = DIRECTION('',(0.,0.,1.));
#9943 = DEFINITIONAL_REPRESENTATION('',(#9944),#9948);
#9944 = LINE('',#9945,#9946);
#9945 = CARTESIAN_POINT('',(0.,0.));
#9946 = VECTOR('',#9947,1.);
#9947 = DIRECTION('',(1.,0.));
#9948 = ( GEOMETRIC_REPRESENTATION_CONTEXT(2) 
PARAMETRIC_REPRESENTATION_CONTEXT() REPRESENTATION_CONTEXT('2D SPACE',''
  ) );
#9949 = ORIENTED_EDGE('',*,*,#9950,.T.);
#9950 = EDGE_CURVE('',#9916,#9951,#9953,.T.);
#9951 = VERTEX_POINT('',#9952);
#9952 = CARTESIAN_POINT('',(-24.,296.,100.));
#9953 = SURFACE_CURVE('',#9954,(#9958,#9965),.PCURVE_S1.);
#9954 = LINE('',#9955,#9956);
#9955 = CARTESIAN_POINT('',(-24.,284.,100.));
#9956 = VECTOR('',#9957,1.);
#9957 = DIRECTION('',(0.,1.,0.));
#9958 = PCURVE('',#9926,#9959);
#9959 = DEFINITIONAL_REPRESENTATION('',(#9960),#9964);
#9960 = LINE('',#9961,#9962);
#9961 = CARTESIAN_POINT('',(0.,0.));
#9962 = VECTOR('',#9963,1.);
#9963 = DIRECTION('',(0.,-1.));
#9964 = ( GEOMETRIC_REPRESENTATION_CONTEXT(2) 
PARAMETRIC_REPRESENTATION_CONTEXT() REPRESENTATION_CONTEXT('2D SPACE',''
  ) );
#9965 = PCURVE('',#9966,#9971);
#9966 = PLANE('',#9967);
#9967 = AXIS2_PLACEMENT_3D('',#9968,#9969,#9970);
#9968 = CARTESIAN_POINT('',(-24.,284.,100.));
#9969 = DIRECTION('',(0.,0.,1.));
#9970 = DIRECTION('',(1.,0.,0.));
#9971 = DEFINITIONAL_REPRESENTATION('',(#9972),#9976);
#9972 = LINE('',#9973,#9974);
#9973 = CARTESIAN_POINT('',(0.,0.));
#9974 = VECTOR('',#9975,1.);
#9975 = DIRECTION('',(0.,1.));
#9976 = ( GEOMETRIC_REPRESENTATION_CONTEXT(2) 
PARAMETRIC_REPRESENTATION_CONTEXT() REPRESENTATION_CONTEXT('2D SPACE',''
  ) );
#9977 = ORIENTED_EDGE('',*,*,#9978,.T.);
#9978 = EDGE_CURVE('',#9951,#9979,#9981,.T.);
#9979 = VERTEX_POINT('',#9980);
#9980 = CARTESIAN_POINT('',(-24.,296.,116.));
#9981 = SURFACE_CURVE('',#9982,(#9986,#9993),.PCURVE_S1.);
#9982 = LINE('',#9983,#9984);
#9983 = CARTESIAN_POINT('',(-24.,296.,100.));
#9984 = VECTOR('',#9985,1.);
#9985 = DIRECTION('',(0.,0.,1.));
#9986 = PCURVE('',#9926,#9987);
#9987 = DEFINITIONAL_REPRESENTATION('',(#9988),#9992);
#9988 = LINE('',#9989,#9990);
#9989 = CARTESIAN_POINT('',(0.,-12.));
#9990 = VECTOR('',#9991,1.);
#9991 = DIRECTION('',(1.,0.));
#9992 = ( GEOMETRIC_REPRESENTATION_CONTEXT(2) 
PARAMETRIC_REPRESENTATION_CONTEXT() REPRESENTATION_CONTEXT('2D SPACE',''
  ) );
#9993 = PCURVE('',#9994,#9999);
#9994 = PLANE('',#9995);
#9995 = AXIS2_PLACEMENT_3D('',#9996,#9997,#9998);
#9996 = CARTESIAN_POINT('',(-24.,296.,100.));
#9997 = DIRECTION('',(0.,1.,0.));
#9998 = DIRECTION('',(0.,0.,1.));
#9999 = DEFINITIONAL_REPRESENTATION('',(#10000),#10004);
#10000 = LINE('',#10001,#10002);
#10001 = CARTESIAN_POINT('',(0.,0.));
#10002 = VECTOR('',#10003,1.);
#10003 = DIRECTION('',(1.,0.));
#10004 = ( GEOMETRIC_REPRESENTATION_CONTEXT(2) 
PARAMETRIC_REPRESENTATION_CONTEXT() REPRESENTATION_CONTEXT('2D SPACE',''
  ) );
#10005 = ORIENTED_EDGE('',*,*,#10006,.F.);
#10006 = EDGE_CURVE('',#9918,#9979,#10007,.T.);
#10007 = SURFACE_CURVE('',#10008,(#10012,#10019),.PCURVE_S1.);
#10008 = LINE('',#10009,#10010);
#10009 = CARTESIAN_POINT('',(-24.,284.,116.));
#10010 = VECTOR('',#10011,1.);
#10011 = DIRECTION('',(0.,1.,0.));
#10012 = PCURVE('',#9926,#10013);
#10013 = DEFINITIONAL_REPRESENTATION('',(#10014),#10018);
#10014 = LINE('',#10015,#10016);
#10015 = CARTESIAN_POINT('',(16.,0.));
#10016 = VECTOR('',#10017,1.);
#10017 = DIRECTION('',(0.,-1.));
#10018 = ( GEOMETRIC_REPRESENTATION_CONTEXT(2) 
PARAMETRIC_REPRESENTATION_CONTEXT() REPRESENTATION_CONTEXT('2D SPACE',''
  ) );
#10019 = PCURVE('',#10020,#10025);
#10020 = PLANE('',#10021);
#10021 = AXIS2_PLACEMENT_3D('',#10022,#10023,#10024);
#10022 = CARTESIAN_POINT('',(-24.,284.,116.));
#10023 = DIRECTION('',(0.,0.,1.));
#10024 = DIRECTION('',(1.,0.,0.));
#10025 = DEFINITIONAL_REPRESENTATION('',(#10026),#10030);
#10026 = LINE('',#10027,#10028);
#10027 = CARTESIAN_POINT('',(0.,0.));
#10028 = VECTOR('',#10029,1.);
#10029 = DIRECTION('',(0.,1.));
#10030 = ( GEOMETRIC_REPRESENTATION_CONTEXT(2) 
PARAMETRIC_REPRESENTATION_CONTEXT() REPRESENTATION_CONTEXT('2D SPACE',''
  ) );
#10031 = ADVANCED_FACE('',(#10032),#9938,.F.);
#10032 = FACE_BOUND('',#10033,.F.);
#10033 = EDGE_LOOP('',(#10034,#10057,#10058,#10081,#10109,#10137));
#10034 = ORIENTED_EDGE('',*,*,#10035,.F.);
#10035 = EDGE_CURVE('',#9916,#10036,#10038,.T.);
#10036 = VERTEX_POINT('',#10037);
#10037 = CARTESIAN_POINT('',(-8.,284.,100.));
#10038 = SURFACE_CURVE('',#10039,(#10043,#10050),.PCURVE_S1.);
#10039 = LINE('',#10040,#10041);
#10040 = CARTESIAN_POINT('',(-24.,284.,100.));
#10041 = VECTOR('',#10042,1.);
#10042 = DIRECTION('',(1.,0.,0.));
#10043 = PCURVE('',#9938,#10044);
#10044 = DEFINITIONAL_REPRESENTATION('',(#10045),#10049);
#10045 = LINE('',#10046,#10047);
#10046 = CARTESIAN_POINT('',(0.,0.));
#10047 = VECTOR('',#10048,1.);
#10048 = DIRECTION('',(0.,1.));
#10049 = ( GEOMETRIC_REPRESENTATION_CONTEXT(2) 
PARAMETRIC_REPRESENTATION_CONTEXT() REPRESENTATION_CONTEXT('2D SPACE',''
  ) );
#10050 = PCURVE('',#9966,#10051);
#10051 = DEFINITIONAL_REPRESENTATION('',(#10052),#10056);
#10052 = LINE('',#10053,#10054);
#10053 = CARTESIAN_POINT('',(0.,0.));
#10054 = VECTOR('',#10055,1.);
#10055 = DIRECTION('',(1.,0.));
#10056 = ( GEOMETRIC_REPRESENTATION_CONTEXT(2) 
PARAMETRIC_REPRESENTATION_CONTEXT() REPRESENTATION_CONTEXT('2D SPACE',''
  ) );
#10057 = ORIENTED_EDGE('',*,*,#9915,.T.);
#10058 = ORIENTED_EDGE('',*,*,#10059,.T.);
#10059 = EDGE_CURVE('',#9918,#10060,#10062,.T.);
#10060 = VERTEX_POINT('',#10061);
#10061 = CARTESIAN_POINT('',(24.,284.,116.));
#10062 = SURFACE_CURVE('',#10063,(#10067,#10074),.PCURVE_S1.);
#10063 = LINE('',#10064,#10065);
#10064 = CARTESIAN_POINT('',(-24.,284.,116.));
#10065 = VECTOR('',#10066,1.);
#10066 = DIRECTION('',(1.,0.,0.));
#10067 = PCURVE('',#9938,#10068);
#10068 = DEFINITIONAL_REPRESENTATION('',(#10069),#10073);
#10069 = LINE('',#10070,#10071);
#10070 = CARTESIAN_POINT('',(16.,0.));
#10071 = VECTOR('',#10072,1.);
#10072 = DIRECTION('',(0.,1.));
#10073 = ( GEOMETRIC_REPRESENTATION_CONTEXT(2) 
PARAMETRIC_REPRESENTATION_CONTEXT() REPRESENTATION_CONTEXT('2D SPACE',''
  ) );
#10074 = PCURVE('',#10020,#10075);
#10075 = DEFINITIONAL_REPRESENTATION('',(#10076),#10080);
#10076 = LINE('',#10077,#10078);
#10077 = CARTESIAN_POINT('',(0.,0.));
#10078 = VECTOR('',#10079,1.);
#10079 = DIRECTION('',(1.,0.));
#10080 = ( GEOMETRIC_REPRESENTATION_CONTEXT(2) 
PARAMETRIC_REPRESENTATION_CONTEXT() REPRESENTATION_CONTEXT('2D SPACE',''
  ) );
#10081 = ORIENTED_EDGE('',*,*,#10082,.F.);
#10082 = EDGE_CURVE('',#10083,#10060,#10085,.T.);
#10083 = VERTEX_POINT('',#10084);
#10084 = CARTESIAN_POINT('',(24.,284.,100.));
#10085 = SURFACE_CURVE('',#10086,(#10090,#10097),.PCURVE_S1.);
#10086 = LINE('',#10087,#10088);
#10087 = CARTESIAN_POINT('',(24.,284.,100.));
#10088 = VECTOR('',#10089,1.);
#10089 = DIRECTION('',(0.,0.,1.));
#10090 = PCURVE('',#9938,#10091);
#10091 = DEFINITIONAL_REPRESENTATION('',(#10092),#10096);
#10092 = LINE('',#10093,#10094);
#10093 = CARTESIAN_POINT('',(0.,48.));
#10094 = VECTOR('',#10095,1.);
#10095 = DIRECTION('',(1.,0.));
#10096 = ( GEOMETRIC_REPRESENTATION_CONTEXT(2) 
PARAMETRIC_REPRESENTATION_CONTEXT() REPRESENTATION_CONTEXT('2D SPACE',''
  ) );
#10097 = PCURVE('',#10098,#10103);
#10098 = PLANE('',#10099);
#10099 = AXIS2_PLACEMENT_3D('',#10100,#10101,#10102);
#10100 = CARTESIAN_POINT('',(24.,284.,100.));
#10101 = DIRECTION('',(1.,0.,0.));
#10102 = DIRECTION('',(0.,0.,1.));
#10103 = DEFINITIONAL_REPRESENTATION('',(#10104),#10108);
#10104 = LINE('',#10105,#10106);
#10105 = CARTESIAN_POINT('',(0.,0.));
#10106 = VECTOR('',#10107,1.);
#10107 = DIRECTION('',(1.,0.));
#10108 = ( GEOMETRIC_REPRESENTATION_CONTEXT(2) 
PARAMETRIC_REPRESENTATION_CONTEXT() REPRESENTATION_CONTEXT('2D SPACE',''
  ) );
#10109 = ORIENTED_EDGE('',*,*,#10110,.F.);
#10110 = EDGE_CURVE('',#10111,#10083,#10113,.T.);
#10111 = VERTEX_POINT('',#10112);
#10112 = CARTESIAN_POINT('',(8.,284.,100.));
#10113 = SURFACE_CURVE('',#10114,(#10118,#10125),.PCURVE_S1.);
#10114 = LINE('',#10115,#10116);
#10115 = CARTESIAN_POINT('',(-24.,284.,100.));
#10116 = VECTOR('',#10117,1.);
#10117 = DIRECTION('',(1.,0.,0.));
#10118 = PCURVE('',#9938,#10119);
#10119 = DEFINITIONAL_REPRESENTATION('',(#10120),#10124);
#10120 = LINE('',#10121,#10122);
#10121 = CARTESIAN_POINT('',(0.,0.));
#10122 = VECTOR('',#10123,1.);
#10123 = DIRECTION('',(0.,1.));
#10124 = ( GEOMETRIC_REPRESENTATION_CONTEXT(2) 
PARAMETRIC_REPRESENTATION_CONTEXT() REPRESENTATION_CONTEXT('2D SPACE',''
  ) );
#10125 = PCURVE('',#10126,#10131);
#10126 = PLANE('',#10127);
#10127 = AXIS2_PLACEMENT_3D('',#10128,#10129,#10130);
#10128 = CARTESIAN_POINT('',(-24.,284.,100.));
#10129 = DIRECTION('',(0.,0.,1.));
#10130 = DIRECTION('',(1.,0.,0.));
#10131 = DEFINITIONAL_REPRESENTATION('',(#10132),#10136);
#10132 = LINE('',#10133,#10134);
#10133 = CARTESIAN_POINT('',(0.,0.));
#10134 = VECTOR('',#10135,1.);
#10135 = DIRECTION('',(1.,0.));
#10136 = ( GEOMETRIC_REPRESENTATION_CONTEXT(2) 
PARAMETRIC_REPRESENTATION_CONTEXT() REPRESENTATION_CONTEXT('2D SPACE',''
  ) );
#10137 = ORIENTED_EDGE('',*,*,#10138,.F.);
#10138 = EDGE_CURVE('',#10036,#10111,#10139,.T.);
#10139 = SURFACE_CURVE('',#10140,(#10145,#10152),.PCURVE_S1.);
#10140 = CIRCLE('',#10141,8.);
#10141 = AXIS2_PLACEMENT_3D('',#10142,#10143,#10144);
#10142 = CARTESIAN_POINT('',(0.,284.,100.));
#10143 = DIRECTION('',(0.,1.,0.));
#10144 = DIRECTION('',(-1.,0.,0.));
#10145 = PCURVE('',#9938,#10146);
#10146 = DEFINITIONAL_REPRESENTATION('',(#10147),#10151);
#10147 = CIRCLE('',#10148,8.);
#10148 = AXIS2_PLACEMENT_2D('',#10149,#10150);
#10149 = CARTESIAN_POINT('',(0.,24.));
#10150 = DIRECTION('',(0.,-1.));
#10151 = ( GEOMETRIC_REPRESENTATION_CONTEXT(2) 
PARAMETRIC_REPRESENTATION_CONTEXT() REPRESENTATION_CONTEXT('2D SPACE',''
  ) );
#10152 = PCURVE('',#10153,#10158);
#10153 = CYLINDRICAL_SURFACE('',#10154,8.);
#10154 = AXIS2_PLACEMENT_3D('',#10155,#10156,#10157);
#10155 = CARTESIAN_POINT('',(0.,283.,100.));
#10156 = DIRECTION('',(0.,1.,0.));
#10157 = DIRECTION('',(0.,-0.,1.));
#10158 = DEFINITIONAL_REPRESENTATION('',(#10159),#10163);
#10159 = LINE('',#10160,#10161);
#10160 = CARTESIAN_POINT('',(4.712388980385,1.));
#10161 = VECTOR('',#10162,1.);
#10162 = DIRECTION('',(1.,0.));
#10163 = ( GEOMETRIC_REPRESENTATION_CONTEXT(2) 
PARAMETRIC_REPRESENTATION_CONTEXT() REPRESENTATION_CONTEXT('2D SPACE',''
  ) );
#10164 = ADVANCED_FACE('',(#10165,#10213,#10244),#10020,.T.);
#10165 = FACE_BOUND('',#10166,.T.);
#10166 = EDGE_LOOP('',(#10167,#10168,#10169,#10192));
#10167 = ORIENTED_EDGE('',*,*,#10006,.F.);
#10168 = ORIENTED_EDGE('',*,*,#10059,.T.);
#10169 = ORIENTED_EDGE('',*,*,#10170,.T.);
#10170 = EDGE_CURVE('',#10060,#10171,#10173,.T.);
#10171 = VERTEX_POINT('',#10172);
#10172 = CARTESIAN_POINT('',(24.,296.,116.));
#10173 = SURFACE_CURVE('',#10174,(#10178,#10185),.PCURVE_S1.);
#10174 = LINE('',#10175,#10176);
#10175 = CARTESIAN_POINT('',(24.,284.,116.));
#10176 = VECTOR('',#10177,1.);
#10177 = DIRECTION('',(0.,1.,0.));
#10178 = PCURVE('',#10020,#10179);
#10179 = DEFINITIONAL_REPRESENTATION('',(#10180),#10184);
#10180 = LINE('',#10181,#10182);
#10181 = CARTESIAN_POINT('',(48.,0.));
#10182 = VECTOR('',#10183,1.);
#10183 = DIRECTION('',(0.,1.));
#10184 = ( GEOMETRIC_REPRESENTATION_CONTEXT(2) 
PARAMETRIC_REPRESENTATION_CONTEXT() REPRESENTATION_CONTEXT('2D SPACE',''
  ) );
#10185 = PCURVE('',#10098,#10186);
#10186 = DEFINITIONAL_REPRESENTATION('',(#10187),#10191);
#10187 = LINE('',#10188,#10189);
#10188 = CARTESIAN_POINT('',(16.,0.));
#10189 = VECTOR('',#10190,1.);
#10190 = DIRECTION('',(0.,-1.));
#10191 = ( GEOMETRIC_REPRESENTATION_CONTEXT(2) 
PARAMETRIC_REPRESENTATION_CONTEXT() REPRESENTATION_CONTEXT('2D SPACE',''
  ) );
#10192 = ORIENTED_EDGE('',*,*,#10193,.F.);
#10193 = EDGE_CURVE('',#9979,#10171,#10194,.T.);
#10194 = SURFACE_CURVE('',#10195,(#10199,#10206),.PCURVE_S1.);
#10195 = LINE('',#10196,#10197);
#10196 = CARTESIAN_POINT('',(-24.,296.,116.));
#10197 = VECTOR('',#10198,1.);
#10198 = DIRECTION('',(1.,0.,0.));
#10199 = PCURVE('',#10020,#10200);
#10200 = DEFINITIONAL_REPRESENTATION('',(#10201),#10205);
#10201 = LINE('',#10202,#10203);
#10202 = CARTESIAN_POINT('',(0.,12.));
#10203 = VECTOR('',#10204,1.);
#10204 = DIRECTION('',(1.,0.));
#10205 = ( GEOMETRIC_REPRESENTATION_CONTEXT(2) 
PARAMETRIC_REPRESENTATION_CONTEXT() REPRESENTATION_CONTEXT('2D SPACE',''
  ) );
#10206 = PCURVE('',#9994,#10207);
#10207 = DEFINITIONAL_REPRESENTATION('',(#10208),#10212);
#10208 = LINE('',#10209,#10210);
#10209 = CARTESIAN_POINT('',(16.,0.));
#10210 = VECTOR('',#10211,1.);
#10211 = DIRECTION('',(0.,1.));
#10212 = ( GEOMETRIC_REPRESENTATION_CONTEXT(2) 
PARAMETRIC_REPRESENTATION_CONTEXT() REPRESENTATION_CONTEXT('2D SPACE',''
  ) );
#10213 = FACE_BOUND('',#10214,.T.);
#10214 = EDGE_LOOP('',(#10215));
#10215 = ORIENTED_EDGE('',*,*,#10216,.F.);
#10216 = EDGE_CURVE('',#10217,#10217,#10219,.T.);
#10217 = VERTEX_POINT('',#10218);
#10218 = CARTESIAN_POINT('',(-16.3,290.,116.));
#10219 = SURFACE_CURVE('',#10220,(#10225,#10232),.PCURVE_S1.);
#10220 = CIRCLE('',#10221,1.7);
#10221 = AXIS2_PLACEMENT_3D('',#10222,#10223,#10224);
#10222 = CARTESIAN_POINT('',(-18.,290.,116.));
#10223 = DIRECTION('',(0.,0.,1.));
#10224 = DIRECTION('',(1.,0.,-0.));
#10225 = PCURVE('',#10020,#10226);
#10226 = DEFINITIONAL_REPRESENTATION('',(#10227),#10231);
#10227 = CIRCLE('',#10228,1.7);
#10228 = AXIS2_PLACEMENT_2D('',#10229,#10230);
#10229 = CARTESIAN_POINT('',(6.,6.));
#10230 = DIRECTION('',(1.,0.));
#10231 = ( GEOMETRIC_REPRESENTATION_CONTEXT(2) 
PARAMETRIC_REPRESENTATION_CONTEXT() REPRESENTATION_CONTEXT('2D SPACE',''
  ) );
#10232 = PCURVE('',#10233,#10238);
#10233 = CYLINDRICAL_SURFACE('',#10234,1.7);
#10234 = AXIS2_PLACEMENT_3D('',#10235,#10236,#10237);
#10235 = CARTESIAN_POINT('',(-18.,290.,99.));
#10236 = DIRECTION('',(0.,0.,1.));
#10237 = DIRECTION('',(1.,0.,-0.));
#10238 = DEFINITIONAL_REPRESENTATION('',(#10239),#10243);
#10239 = LINE('',#10240,#10241);
#10240 = CARTESIAN_POINT('',(0.,17.));
#10241 = VECTOR('',#10242,1.);
#10242 = DIRECTION('',(1.,0.));
#10243 = ( GEOMETRIC_REPRESENTATION_CONTEXT(2) 
PARAMETRIC_REPRESENTATION_CONTEXT() REPRESENTATION_CONTEXT('2D SPACE',''
  ) );
#10244 = FACE_BOUND('',#10245,.T.);
#10245 = EDGE_LOOP('',(#10246));
#10246 = ORIENTED_EDGE('',*,*,#10247,.F.);
#10247 = EDGE_CURVE('',#10248,#10248,#10250,.T.);
#10248 = VERTEX_POINT('',#10249);
#10249 = CARTESIAN_POINT('',(19.7,290.,116.));
#10250 = SURFACE_CURVE('',#10251,(#10256,#10263),.PCURVE_S1.);
#10251 = CIRCLE('',#10252,1.7);
#10252 = AXIS2_PLACEMENT_3D('',#10253,#10254,#10255);
#10253 = CARTESIAN_POINT('',(18.,290.,116.));
#10254 = DIRECTION('',(0.,0.,1.));
#10255 = DIRECTION('',(1.,0.,-0.));
#10256 = PCURVE('',#10020,#10257);
#10257 = DEFINITIONAL_REPRESENTATION('',(#10258),#10262);
#10258 = CIRCLE('',#10259,1.7);
#10259 = AXIS2_PLACEMENT_2D('',#10260,#10261);
#10260 = CARTESIAN_POINT('',(42.,6.));
#10261 = DIRECTION('',(1.,0.));
#10262 = ( GEOMETRIC_REPRESENTATION_CONTEXT(2) 
PARAMETRIC_REPRESENTATION_CONTEXT() REPRESENTATION_CONTEXT('2D SPACE',''
  ) );
#10263 = PCURVE('',#10264,#10269);
#10264 = CYLINDRICAL_SURFACE('',#10265,1.7);
#10265 = AXIS2_PLACEMENT_3D('',#10266,#10267,#10268);
#10266 = CARTESIAN_POINT('',(18.,290.,99.));
#10267 = DIRECTION('',(0.,0.,1.));
#10268 = DIRECTION('',(1.,0.,-0.));
#10269 = DEFINITIONAL_REPRESENTATION('',(#10270),#10274);
#10270 = LINE('',#10271,#10272);
#10271 = CARTESIAN_POINT('',(0.,17.));
#10272 = VECTOR('',#10273,1.);
#10273 = DIRECTION('',(1.,0.));
#10274 = ( GEOMETRIC_REPRESENTATION_CONTEXT(2) 
PARAMETRIC_REPRESENTATION_CONTEXT() REPRESENTATION_CONTEXT('2D SPACE',''
  ) );
#10275 = ADVANCED_FACE('',(#10276),#9994,.T.);
#10276 = FACE_BOUND('',#10277,.T.);
#10277 = EDGE_LOOP('',(#10278,#10301,#10302,#10303,#10326,#10349));
#10278 = ORIENTED_EDGE('',*,*,#10279,.F.);
#10279 = EDGE_CURVE('',#9951,#10280,#10282,.T.);
#10280 = VERTEX_POINT('',#10281);
#10281 = CARTESIAN_POINT('',(-8.,296.,100.));
#10282 = SURFACE_CURVE('',#10283,(#10287,#10294),.PCURVE_S1.);
#10283 = LINE('',#10284,#10285);
#10284 = CARTESIAN_POINT('',(-24.,296.,100.));
#10285 = VECTOR('',#10286,1.);
#10286 = DIRECTION('',(1.,0.,0.));
#10287 = PCURVE('',#9994,#10288);
#10288 = DEFINITIONAL_REPRESENTATION('',(#10289),#10293);
#10289 = LINE('',#10290,#10291);
#10290 = CARTESIAN_POINT('',(0.,0.));
#10291 = VECTOR('',#10292,1.);
#10292 = DIRECTION('',(0.,1.));
#10293 = ( GEOMETRIC_REPRESENTATION_CONTEXT(2) 
PARAMETRIC_REPRESENTATION_CONTEXT() REPRESENTATION_CONTEXT('2D SPACE',''
  ) );
#10294 = PCURVE('',#9966,#10295);
#10295 = DEFINITIONAL_REPRESENTATION('',(#10296),#10300);
#10296 = LINE('',#10297,#10298);
#10297 = CARTESIAN_POINT('',(0.,12.));
#10298 = VECTOR('',#10299,1.);
#10299 = DIRECTION('',(1.,0.));
#10300 = ( GEOMETRIC_REPRESENTATION_CONTEXT(2) 
PARAMETRIC_REPRESENTATION_CONTEXT() REPRESENTATION_CONTEXT('2D SPACE',''
  ) );
#10301 = ORIENTED_EDGE('',*,*,#9978,.T.);
#10302 = ORIENTED_EDGE('',*,*,#10193,.T.);
#10303 = ORIENTED_EDGE('',*,*,#10304,.F.);
#10304 = EDGE_CURVE('',#10305,#10171,#10307,.T.);
#10305 = VERTEX_POINT('',#10306);
#10306 = CARTESIAN_POINT('',(24.,296.,100.));
#10307 = SURFACE_CURVE('',#10308,(#10312,#10319),.PCURVE_S1.);
#10308 = LINE('',#10309,#10310);
#10309 = CARTESIAN_POINT('',(24.,296.,100.));
#10310 = VECTOR('',#10311,1.);
#10311 = DIRECTION('',(0.,0.,1.));
#10312 = PCURVE('',#9994,#10313);
#10313 = DEFINITIONAL_REPRESENTATION('',(#10314),#10318);
#10314 = LINE('',#10315,#10316);
#10315 = CARTESIAN_POINT('',(0.,48.));
#10316 = VECTOR('',#10317,1.);
#10317 = DIRECTION('',(1.,0.));
#10318 = ( GEOMETRIC_REPRESENTATION_CONTEXT(2) 
PARAMETRIC_REPRESENTATION_CONTEXT() REPRESENTATION_CONTEXT('2D SPACE',''
  ) );
#10319 = PCURVE('',#10098,#10320);
#10320 = DEFINITIONAL_REPRESENTATION('',(#10321),#10325);
#10321 = LINE('',#10322,#10323);
#10322 = CARTESIAN_POINT('',(0.,-12.));
#10323 = VECTOR('',#10324,1.);
#10324 = DIRECTION('',(1.,0.));
#10325 = ( GEOMETRIC_REPRESENTATION_CONTEXT(2) 
PARAMETRIC_REPRESENTATION_CONTEXT() REPRESENTATION_CONTEXT('2D SPACE',''
  ) );
#10326 = ORIENTED_EDGE('',*,*,#10327,.F.);
#10327 = EDGE_CURVE('',#10328,#10305,#10330,.T.);
#10328 = VERTEX_POINT('',#10329);
#10329 = CARTESIAN_POINT('',(8.,296.,100.));
#10330 = SURFACE_CURVE('',#10331,(#10335,#10342),.PCURVE_S1.);
#10331 = LINE('',#10332,#10333);
#10332 = CARTESIAN_POINT('',(-24.,296.,100.));
#10333 = VECTOR('',#10334,1.);
#10334 = DIRECTION('',(1.,0.,0.));
#10335 = PCURVE('',#9994,#10336);
#10336 = DEFINITIONAL_REPRESENTATION('',(#10337),#10341);
#10337 = LINE('',#10338,#10339);
#10338 = CARTESIAN_POINT('',(0.,0.));
#10339 = VECTOR('',#10340,1.);
#10340 = DIRECTION('',(0.,1.));
#10341 = ( GEOMETRIC_REPRESENTATION_CONTEXT(2) 
PARAMETRIC_REPRESENTATION_CONTEXT() REPRESENTATION_CONTEXT('2D SPACE',''
  ) );
#10342 = PCURVE('',#10126,#10343);
#10343 = DEFINITIONAL_REPRESENTATION('',(#10344),#10348);
#10344 = LINE('',#10345,#10346);
#10345 = CARTESIAN_POINT('',(0.,12.));
#10346 = VECTOR('',#10347,1.);
#10347 = DIRECTION('',(1.,0.));
#10348 = ( GEOMETRIC_REPRESENTATION_CONTEXT(2) 
PARAMETRIC_REPRESENTATION_CONTEXT() REPRESENTATION_CONTEXT('2D SPACE',''
  ) );
#10349 = ORIENTED_EDGE('',*,*,#10350,.T.);
#10350 = EDGE_CURVE('',#10328,#10280,#10351,.T.);
#10351 = SURFACE_CURVE('',#10352,(#10357,#10368),.PCURVE_S1.);
#10352 = CIRCLE('',#10353,8.);
#10353 = AXIS2_PLACEMENT_3D('',#10354,#10355,#10356);
#10354 = CARTESIAN_POINT('',(0.,296.,100.));
#10355 = DIRECTION('',(0.,-1.,0.));
#10356 = DIRECTION('',(1.,0.,0.));
#10357 = PCURVE('',#9994,#10358);
#10358 = DEFINITIONAL_REPRESENTATION('',(#10359),#10367);
#10359 = ( BOUNDED_CURVE() B_SPLINE_CURVE(2,(#10360,#10361,#10362,#10363
    ,#10364,#10365,#10366),.UNSPECIFIED.,.T.,.F.) 
B_SPLINE_CURVE_WITH_KNOTS((1,2,2,2,2,1),(-2.094395102393,0.,
    2.094395102393,4.188790204786,6.28318530718,8.377580409573),
.UNSPECIFIED.) CURVE() GEOMETRIC_REPRESENTATION_ITEM() 
RATIONAL_B_SPLINE_CURVE((1.,0.5,1.,0.5,1.,0.5,1.)) REPRESENTATION_ITEM(
  '') );
#10360 = CARTESIAN_POINT('',(0.,32.));
#10361 = CARTESIAN_POINT('',(13.856406460551,32.));
#10362 = CARTESIAN_POINT('',(6.928203230276,20.));
#10363 = CARTESIAN_POINT('',(1.959434878636E-15,8.));
#10364 = CARTESIAN_POINT('',(-6.928203230276,20.));
#10365 = CARTESIAN_POINT('',(-13.85640646055,32.));
#10366 = CARTESIAN_POINT('',(0.,32.));
#10367 = ( GEOMETRIC_REPRESENTATION_CONTEXT(2) 
PARAMETRIC_REPRESENTATION_CONTEXT() REPRESENTATION_CONTEXT('2D SPACE',''
  ) );
#10368 = PCURVE('',#10369,#10374);
#10369 = CYLINDRICAL_SURFACE('',#10370,8.);
#10370 = AXIS2_PLACEMENT_3D('',#10371,#10372,#10373);
#10371 = CARTESIAN_POINT('',(0.,283.,100.));
#10372 = DIRECTION('',(0.,1.,0.));
#10373 = DIRECTION('',(0.,-0.,1.));
#10374 = DEFINITIONAL_REPRESENTATION('',(#10375),#10379);
#10375 = LINE('',#10376,#10377);
#10376 = CARTESIAN_POINT('',(7.853981633974,13.));
#10377 = VECTOR('',#10378,1.);
#10378 = DIRECTION('',(-1.,-0.));
#10379 = ( GEOMETRIC_REPRESENTATION_CONTEXT(2) 
PARAMETRIC_REPRESENTATION_CONTEXT() REPRESENTATION_CONTEXT('2D SPACE',''
  ) );
#10380 = ADVANCED_FACE('',(#10381,#10514),#9966,.F.);
#10381 = FACE_BOUND('',#10382,.F.);
#10382 = EDGE_LOOP('',(#10383,#10384,#10385,#10386,#10409,#10437,#10465,
    #10493));
#10383 = ORIENTED_EDGE('',*,*,#10279,.F.);
#10384 = ORIENTED_EDGE('',*,*,#9950,.F.);
#10385 = ORIENTED_EDGE('',*,*,#10035,.T.);
#10386 = ORIENTED_EDGE('',*,*,#10387,.T.);
#10387 = EDGE_CURVE('',#10036,#10388,#10390,.T.);
#10388 = VERTEX_POINT('',#10389);
#10389 = CARTESIAN_POINT('',(-8.,286.4,100.));
#10390 = SURFACE_CURVE('',#10391,(#10395,#10402),.PCURVE_S1.);
#10391 = LINE('',#10392,#10393);
#10392 = CARTESIAN_POINT('',(-8.,283.,100.));
#10393 = VECTOR('',#10394,1.);
#10394 = DIRECTION('',(0.,1.,0.));
#10395 = PCURVE('',#9966,#10396);
#10396 = DEFINITIONAL_REPRESENTATION('',(#10397),#10401);
#10397 = LINE('',#10398,#10399);
#10398 = CARTESIAN_POINT('',(16.,-1.));
#10399 = VECTOR('',#10400,1.);
#10400 = DIRECTION('',(0.,1.));
#10401 = ( GEOMETRIC_REPRESENTATION_CONTEXT(2) 
PARAMETRIC_REPRESENTATION_CONTEXT() REPRESENTATION_CONTEXT('2D SPACE',''
  ) );
#10402 = PCURVE('',#10153,#10403);
#10403 = DEFINITIONAL_REPRESENTATION('',(#10404),#10408);
#10404 = LINE('',#10405,#10406);
#10405 = CARTESIAN_POINT('',(4.712388980385,0.));
#10406 = VECTOR('',#10407,1.);
#10407 = DIRECTION('',(0.,1.));
#10408 = ( GEOMETRIC_REPRESENTATION_CONTEXT(2) 
PARAMETRIC_REPRESENTATION_CONTEXT() REPRESENTATION_CONTEXT('2D SPACE',''
  ) );
#10409 = ORIENTED_EDGE('',*,*,#10410,.T.);
#10410 = EDGE_CURVE('',#10388,#10411,#10413,.T.);
#10411 = VERTEX_POINT('',#10412);
#10412 = CARTESIAN_POINT('',(-11.15,286.4,100.));
#10413 = SURFACE_CURVE('',#10414,(#10418,#10425),.PCURVE_S1.);
#10414 = LINE('',#10415,#10416);
#10415 = CARTESIAN_POINT('',(-12.,286.4,100.));
#10416 = VECTOR('',#10417,1.);
#10417 = DIRECTION('',(-1.,0.,0.));
#10418 = PCURVE('',#9966,#10419);
#10419 = DEFINITIONAL_REPRESENTATION('',(#10420),#10424);
#10420 = LINE('',#10421,#10422);
#10421 = CARTESIAN_POINT('',(12.,2.4));
#10422 = VECTOR('',#10423,1.);
#10423 = DIRECTION('',(-1.,0.));
#10424 = ( GEOMETRIC_REPRESENTATION_CONTEXT(2) 
PARAMETRIC_REPRESENTATION_CONTEXT() REPRESENTATION_CONTEXT('2D SPACE',''
  ) );
#10425 = PCURVE('',#10426,#10431);
#10426 = PLANE('',#10427);
#10427 = AXIS2_PLACEMENT_3D('',#10428,#10429,#10430);
#10428 = CARTESIAN_POINT('',(0.,286.4,100.));
#10429 = DIRECTION('',(0.,1.,0.));
#10430 = DIRECTION('',(0.,-0.,1.));
#10431 = DEFINITIONAL_REPRESENTATION('',(#10432),#10436);
#10432 = LINE('',#10433,#10434);
#10433 = CARTESIAN_POINT('',(0.,-12.));
#10434 = VECTOR('',#10435,1.);
#10435 = DIRECTION('',(0.,-1.));
#10436 = ( GEOMETRIC_REPRESENTATION_CONTEXT(2) 
PARAMETRIC_REPRESENTATION_CONTEXT() REPRESENTATION_CONTEXT('2D SPACE',''
  ) );
#10437 = ORIENTED_EDGE('',*,*,#10438,.T.);
#10438 = EDGE_CURVE('',#10411,#10439,#10441,.T.);
#10439 = VERTEX_POINT('',#10440);
#10440 = CARTESIAN_POINT('',(-11.15,293.6,100.));
#10441 = SURFACE_CURVE('',#10442,(#10446,#10453),.PCURVE_S1.);
#10442 = LINE('',#10443,#10444);
#10443 = CARTESIAN_POINT('',(-11.15,286.4,100.));
#10444 = VECTOR('',#10445,1.);
#10445 = DIRECTION('',(0.,1.,0.));
#10446 = PCURVE('',#9966,#10447);
#10447 = DEFINITIONAL_REPRESENTATION('',(#10448),#10452);
#10448 = LINE('',#10449,#10450);
#10449 = CARTESIAN_POINT('',(12.85,2.4));
#10450 = VECTOR('',#10451,1.);
#10451 = DIRECTION('',(0.,1.));
#10452 = ( GEOMETRIC_REPRESENTATION_CONTEXT(2) 
PARAMETRIC_REPRESENTATION_CONTEXT() REPRESENTATION_CONTEXT('2D SPACE',''
  ) );
#10453 = PCURVE('',#10454,#10459);
#10454 = CYLINDRICAL_SURFACE('',#10455,11.15);
#10455 = AXIS2_PLACEMENT_3D('',#10456,#10457,#10458);
#10456 = CARTESIAN_POINT('',(0.,286.4,100.));
#10457 = DIRECTION('',(0.,1.,0.));
#10458 = DIRECTION('',(0.,-0.,1.));
#10459 = DEFINITIONAL_REPRESENTATION('',(#10460),#10464);
#10460 = LINE('',#10461,#10462);
#10461 = CARTESIAN_POINT('',(4.712388980385,0.));
#10462 = VECTOR('',#10463,1.);
#10463 = DIRECTION('',(0.,1.));
#10464 = ( GEOMETRIC_REPRESENTATION_CONTEXT(2) 
PARAMETRIC_REPRESENTATION_CONTEXT() REPRESENTATION_CONTEXT('2D SPACE',''
  ) );
#10465 = ORIENTED_EDGE('',*,*,#10466,.F.);
#10466 = EDGE_CURVE('',#10467,#10439,#10469,.T.);
#10467 = VERTEX_POINT('',#10468);
#10468 = CARTESIAN_POINT('',(-8.,293.6,100.));
#10469 = SURFACE_CURVE('',#10470,(#10474,#10481),.PCURVE_S1.);
#10470 = LINE('',#10471,#10472);
#10471 = CARTESIAN_POINT('',(-12.,293.6,100.));
#10472 = VECTOR('',#10473,1.);
#10473 = DIRECTION('',(-1.,0.,0.));
#10474 = PCURVE('',#9966,#10475);
#10475 = DEFINITIONAL_REPRESENTATION('',(#10476),#10480);
#10476 = LINE('',#10477,#10478);
#10477 = CARTESIAN_POINT('',(12.,9.6));
#10478 = VECTOR('',#10479,1.);
#10479 = DIRECTION('',(-1.,0.));
#10480 = ( GEOMETRIC_REPRESENTATION_CONTEXT(2) 
PARAMETRIC_REPRESENTATION_CONTEXT() REPRESENTATION_CONTEXT('2D SPACE',''
  ) );
#10481 = PCURVE('',#10482,#10487);
#10482 = PLANE('',#10483);
#10483 = AXIS2_PLACEMENT_3D('',#10484,#10485,#10486);
#10484 = CARTESIAN_POINT('',(0.,293.6,100.));
#10485 = DIRECTION('',(0.,1.,0.));
#10486 = DIRECTION('',(0.,-0.,1.));
#10487 = DEFINITIONAL_REPRESENTATION('',(#10488),#10492);
#10488 = LINE('',#10489,#10490);
#10489 = CARTESIAN_POINT('',(0.,-12.));
#10490 = VECTOR('',#10491,1.);
#10491 = DIRECTION('',(0.,-1.));
#10492 = ( GEOMETRIC_REPRESENTATION_CONTEXT(2) 
PARAMETRIC_REPRESENTATION_CONTEXT() REPRESENTATION_CONTEXT('2D SPACE',''
  ) );
#10493 = ORIENTED_EDGE('',*,*,#10494,.T.);
#10494 = EDGE_CURVE('',#10467,#10280,#10495,.T.);
#10495 = SURFACE_CURVE('',#10496,(#10500,#10507),.PCURVE_S1.);
#10496 = LINE('',#10497,#10498);
#10497 = CARTESIAN_POINT('',(-8.,283.,100.));
#10498 = VECTOR('',#10499,1.);
#10499 = DIRECTION('',(0.,1.,0.));
#10500 = PCURVE('',#9966,#10501);
#10501 = DEFINITIONAL_REPRESENTATION('',(#10502),#10506);
#10502 = LINE('',#10503,#10504);
#10503 = CARTESIAN_POINT('',(16.,-1.));
#10504 = VECTOR('',#10505,1.);
#10505 = DIRECTION('',(0.,1.));
#10506 = ( GEOMETRIC_REPRESENTATION_CONTEXT(2) 
PARAMETRIC_REPRESENTATION_CONTEXT() REPRESENTATION_CONTEXT('2D SPACE',''
  ) );
#10507 = PCURVE('',#10369,#10508);
#10508 = DEFINITIONAL_REPRESENTATION('',(#10509),#10513);
#10509 = LINE('',#10510,#10511);
#10510 = CARTESIAN_POINT('',(4.712388980385,0.));
#10511 = VECTOR('',#10512,1.);
#10512 = DIRECTION('',(0.,1.));
#10513 = ( GEOMETRIC_REPRESENTATION_CONTEXT(2) 
PARAMETRIC_REPRESENTATION_CONTEXT() REPRESENTATION_CONTEXT('2D SPACE',''
  ) );
#10514 = FACE_BOUND('',#10515,.F.);
#10515 = EDGE_LOOP('',(#10516));
#10516 = ORIENTED_EDGE('',*,*,#10517,.F.);
#10517 = EDGE_CURVE('',#10518,#10518,#10520,.T.);
#10518 = VERTEX_POINT('',#10519);
#10519 = CARTESIAN_POINT('',(-16.3,290.,100.));
#10520 = SURFACE_CURVE('',#10521,(#10526,#10533),.PCURVE_S1.);
#10521 = CIRCLE('',#10522,1.7);
#10522 = AXIS2_PLACEMENT_3D('',#10523,#10524,#10525);
#10523 = CARTESIAN_POINT('',(-18.,290.,100.));
#10524 = DIRECTION('',(0.,0.,1.));
#10525 = DIRECTION('',(1.,0.,-0.));
#10526 = PCURVE('',#9966,#10527);
#10527 = DEFINITIONAL_REPRESENTATION('',(#10528),#10532);
#10528 = CIRCLE('',#10529,1.7);
#10529 = AXIS2_PLACEMENT_2D('',#10530,#10531);
#10530 = CARTESIAN_POINT('',(6.,6.));
#10531 = DIRECTION('',(1.,0.));
#10532 = ( GEOMETRIC_REPRESENTATION_CONTEXT(2) 
PARAMETRIC_REPRESENTATION_CONTEXT() REPRESENTATION_CONTEXT('2D SPACE',''
  ) );
#10533 = PCURVE('',#10233,#10534);
#10534 = DEFINITIONAL_REPRESENTATION('',(#10535),#10539);
#10535 = LINE('',#10536,#10537);
#10536 = CARTESIAN_POINT('',(0.,1.));
#10537 = VECTOR('',#10538,1.);
#10538 = DIRECTION('',(1.,0.));
#10539 = ( GEOMETRIC_REPRESENTATION_CONTEXT(2) 
PARAMETRIC_REPRESENTATION_CONTEXT() REPRESENTATION_CONTEXT('2D SPACE',''
  ) );
#10540 = ADVANCED_FACE('',(#10541),#10098,.T.);
#10541 = FACE_BOUND('',#10542,.T.);
#10542 = EDGE_LOOP('',(#10543,#10544,#10565,#10566));
#10543 = ORIENTED_EDGE('',*,*,#10082,.F.);
#10544 = ORIENTED_EDGE('',*,*,#10545,.T.);
#10545 = EDGE_CURVE('',#10083,#10305,#10546,.T.);
#10546 = SURFACE_CURVE('',#10547,(#10551,#10558),.PCURVE_S1.);
#10547 = LINE('',#10548,#10549);
#10548 = CARTESIAN_POINT('',(24.,284.,100.));
#10549 = VECTOR('',#10550,1.);
#10550 = DIRECTION('',(0.,1.,0.));
#10551 = PCURVE('',#10098,#10552);
#10552 = DEFINITIONAL_REPRESENTATION('',(#10553),#10557);
#10553 = LINE('',#10554,#10555);
#10554 = CARTESIAN_POINT('',(0.,0.));
#10555 = VECTOR('',#10556,1.);
#10556 = DIRECTION('',(0.,-1.));
#10557 = ( GEOMETRIC_REPRESENTATION_CONTEXT(2) 
PARAMETRIC_REPRESENTATION_CONTEXT() REPRESENTATION_CONTEXT('2D SPACE',''
  ) );
#10558 = PCURVE('',#10126,#10559);
#10559 = DEFINITIONAL_REPRESENTATION('',(#10560),#10564);
#10560 = LINE('',#10561,#10562);
#10561 = CARTESIAN_POINT('',(48.,0.));
#10562 = VECTOR('',#10563,1.);
#10563 = DIRECTION('',(0.,1.));
#10564 = ( GEOMETRIC_REPRESENTATION_CONTEXT(2) 
PARAMETRIC_REPRESENTATION_CONTEXT() REPRESENTATION_CONTEXT('2D SPACE',''
  ) );
#10565 = ORIENTED_EDGE('',*,*,#10304,.T.);
#10566 = ORIENTED_EDGE('',*,*,#10170,.F.);
#10567 = ADVANCED_FACE('',(#10568,#10686),#10126,.F.);
#10568 = FACE_BOUND('',#10569,.F.);
#10569 = EDGE_LOOP('',(#10570,#10571,#10594,#10617,#10640,#10663,#10684,
    #10685));
#10570 = ORIENTED_EDGE('',*,*,#10327,.F.);
#10571 = ORIENTED_EDGE('',*,*,#10572,.F.);
#10572 = EDGE_CURVE('',#10573,#10328,#10575,.T.);
#10573 = VERTEX_POINT('',#10574);
#10574 = CARTESIAN_POINT('',(8.,293.6,100.));
#10575 = SURFACE_CURVE('',#10576,(#10580,#10587),.PCURVE_S1.);
#10576 = LINE('',#10577,#10578);
#10577 = CARTESIAN_POINT('',(8.,283.,100.));
#10578 = VECTOR('',#10579,1.);
#10579 = DIRECTION('',(0.,1.,0.));
#10580 = PCURVE('',#10126,#10581);
#10581 = DEFINITIONAL_REPRESENTATION('',(#10582),#10586);
#10582 = LINE('',#10583,#10584);
#10583 = CARTESIAN_POINT('',(32.,-1.));
#10584 = VECTOR('',#10585,1.);
#10585 = DIRECTION('',(0.,1.));
#10586 = ( GEOMETRIC_REPRESENTATION_CONTEXT(2) 
PARAMETRIC_REPRESENTATION_CONTEXT() REPRESENTATION_CONTEXT('2D SPACE',''
  ) );
#10587 = PCURVE('',#10369,#10588);
#10588 = DEFINITIONAL_REPRESENTATION('',(#10589),#10593);
#10589 = LINE('',#10590,#10591);
#10590 = CARTESIAN_POINT('',(7.853981633974,0.));
#10591 = VECTOR('',#10592,1.);
#10592 = DIRECTION('',(0.,1.));
#10593 = ( GEOMETRIC_REPRESENTATION_CONTEXT(2) 
PARAMETRIC_REPRESENTATION_CONTEXT() REPRESENTATION_CONTEXT('2D SPACE',''
  ) );
#10594 = ORIENTED_EDGE('',*,*,#10595,.F.);
#10595 = EDGE_CURVE('',#10596,#10573,#10598,.T.);
#10596 = VERTEX_POINT('',#10597);
#10597 = CARTESIAN_POINT('',(11.15,293.6,100.));
#10598 = SURFACE_CURVE('',#10599,(#10603,#10610),.PCURVE_S1.);
#10599 = LINE('',#10600,#10601);
#10600 = CARTESIAN_POINT('',(-12.,293.6,100.));
#10601 = VECTOR('',#10602,1.);
#10602 = DIRECTION('',(-1.,0.,0.));
#10603 = PCURVE('',#10126,#10604);
#10604 = DEFINITIONAL_REPRESENTATION('',(#10605),#10609);
#10605 = LINE('',#10606,#10607);
#10606 = CARTESIAN_POINT('',(12.,9.6));
#10607 = VECTOR('',#10608,1.);
#10608 = DIRECTION('',(-1.,0.));
#10609 = ( GEOMETRIC_REPRESENTATION_CONTEXT(2) 
PARAMETRIC_REPRESENTATION_CONTEXT() REPRESENTATION_CONTEXT('2D SPACE',''
  ) );
#10610 = PCURVE('',#10482,#10611);
#10611 = DEFINITIONAL_REPRESENTATION('',(#10612),#10616);
#10612 = LINE('',#10613,#10614);
#10613 = CARTESIAN_POINT('',(0.,-12.));
#10614 = VECTOR('',#10615,1.);
#10615 = DIRECTION('',(0.,-1.));
#10616 = ( GEOMETRIC_REPRESENTATION_CONTEXT(2) 
PARAMETRIC_REPRESENTATION_CONTEXT() REPRESENTATION_CONTEXT('2D SPACE',''
  ) );
#10617 = ORIENTED_EDGE('',*,*,#10618,.F.);
#10618 = EDGE_CURVE('',#10619,#10596,#10621,.T.);
#10619 = VERTEX_POINT('',#10620);
#10620 = CARTESIAN_POINT('',(11.15,286.4,100.));
#10621 = SURFACE_CURVE('',#10622,(#10626,#10633),.PCURVE_S1.);
#10622 = LINE('',#10623,#10624);
#10623 = CARTESIAN_POINT('',(11.15,286.4,100.));
#10624 = VECTOR('',#10625,1.);
#10625 = DIRECTION('',(0.,1.,0.));
#10626 = PCURVE('',#10126,#10627);
#10627 = DEFINITIONAL_REPRESENTATION('',(#10628),#10632);
#10628 = LINE('',#10629,#10630);
#10629 = CARTESIAN_POINT('',(35.15,2.4));
#10630 = VECTOR('',#10631,1.);
#10631 = DIRECTION('',(0.,1.));
#10632 = ( GEOMETRIC_REPRESENTATION_CONTEXT(2) 
PARAMETRIC_REPRESENTATION_CONTEXT() REPRESENTATION_CONTEXT('2D SPACE',''
  ) );
#10633 = PCURVE('',#10454,#10634);
#10634 = DEFINITIONAL_REPRESENTATION('',(#10635),#10639);
#10635 = LINE('',#10636,#10637);
#10636 = CARTESIAN_POINT('',(7.853981633974,0.));
#10637 = VECTOR('',#10638,1.);
#10638 = DIRECTION('',(0.,1.));
#10639 = ( GEOMETRIC_REPRESENTATION_CONTEXT(2) 
PARAMETRIC_REPRESENTATION_CONTEXT() REPRESENTATION_CONTEXT('2D SPACE',''
  ) );
#10640 = ORIENTED_EDGE('',*,*,#10641,.T.);
#10641 = EDGE_CURVE('',#10619,#10642,#10644,.T.);
#10642 = VERTEX_POINT('',#10643);
#10643 = CARTESIAN_POINT('',(8.,286.4,100.));
#10644 = SURFACE_CURVE('',#10645,(#10649,#10656),.PCURVE_S1.);
#10645 = LINE('',#10646,#10647);
#10646 = CARTESIAN_POINT('',(-12.,286.4,100.));
#10647 = VECTOR('',#10648,1.);
#10648 = DIRECTION('',(-1.,0.,0.));
#10649 = PCURVE('',#10126,#10650);
#10650 = DEFINITIONAL_REPRESENTATION('',(#10651),#10655);
#10651 = LINE('',#10652,#10653);
#10652 = CARTESIAN_POINT('',(12.,2.4));
#10653 = VECTOR('',#10654,1.);
#10654 = DIRECTION('',(-1.,0.));
#10655 = ( GEOMETRIC_REPRESENTATION_CONTEXT(2) 
PARAMETRIC_REPRESENTATION_CONTEXT() REPRESENTATION_CONTEXT('2D SPACE',''
  ) );
#10656 = PCURVE('',#10426,#10657);
#10657 = DEFINITIONAL_REPRESENTATION('',(#10658),#10662);
#10658 = LINE('',#10659,#10660);
#10659 = CARTESIAN_POINT('',(0.,-12.));
#10660 = VECTOR('',#10661,1.);
#10661 = DIRECTION('',(0.,-1.));
#10662 = ( GEOMETRIC_REPRESENTATION_CONTEXT(2) 
PARAMETRIC_REPRESENTATION_CONTEXT() REPRESENTATION_CONTEXT('2D SPACE',''
  ) );
#10663 = ORIENTED_EDGE('',*,*,#10664,.F.);
#10664 = EDGE_CURVE('',#10111,#10642,#10665,.T.);
#10665 = SURFACE_CURVE('',#10666,(#10670,#10677),.PCURVE_S1.);
#10666 = LINE('',#10667,#10668);
#10667 = CARTESIAN_POINT('',(8.,283.,100.));
#10668 = VECTOR('',#10669,1.);
#10669 = DIRECTION('',(0.,1.,0.));
#10670 = PCURVE('',#10126,#10671);
#10671 = DEFINITIONAL_REPRESENTATION('',(#10672),#10676);
#10672 = LINE('',#10673,#10674);
#10673 = CARTESIAN_POINT('',(32.,-1.));
#10674 = VECTOR('',#10675,1.);
#10675 = DIRECTION('',(0.,1.));
#10676 = ( GEOMETRIC_REPRESENTATION_CONTEXT(2) 
PARAMETRIC_REPRESENTATION_CONTEXT() REPRESENTATION_CONTEXT('2D SPACE',''
  ) );
#10677 = PCURVE('',#10153,#10678);
#10678 = DEFINITIONAL_REPRESENTATION('',(#10679),#10683);
#10679 = LINE('',#10680,#10681);
#10680 = CARTESIAN_POINT('',(7.853981633974,0.));
#10681 = VECTOR('',#10682,1.);
#10682 = DIRECTION('',(0.,1.));
#10683 = ( GEOMETRIC_REPRESENTATION_CONTEXT(2) 
PARAMETRIC_REPRESENTATION_CONTEXT() REPRESENTATION_CONTEXT('2D SPACE',''
  ) );
#10684 = ORIENTED_EDGE('',*,*,#10110,.T.);
#10685 = ORIENTED_EDGE('',*,*,#10545,.T.);
#10686 = FACE_BOUND('',#10687,.F.);
#10687 = EDGE_LOOP('',(#10688));
#10688 = ORIENTED_EDGE('',*,*,#10689,.F.);
#10689 = EDGE_CURVE('',#10690,#10690,#10692,.T.);
#10690 = VERTEX_POINT('',#10691);
#10691 = CARTESIAN_POINT('',(19.7,290.,100.));
#10692 = SURFACE_CURVE('',#10693,(#10698,#10705),.PCURVE_S1.);
#10693 = CIRCLE('',#10694,1.7);
#10694 = AXIS2_PLACEMENT_3D('',#10695,#10696,#10697);
#10695 = CARTESIAN_POINT('',(18.,290.,100.));
#10696 = DIRECTION('',(0.,0.,1.));
#10697 = DIRECTION('',(1.,0.,-0.));
#10698 = PCURVE('',#10126,#10699);
#10699 = DEFINITIONAL_REPRESENTATION('',(#10700),#10704);
#10700 = CIRCLE('',#10701,1.7);
#10701 = AXIS2_PLACEMENT_2D('',#10702,#10703);
#10702 = CARTESIAN_POINT('',(42.,6.));
#10703 = DIRECTION('',(1.,0.));
#10704 = ( GEOMETRIC_REPRESENTATION_CONTEXT(2) 
PARAMETRIC_REPRESENTATION_CONTEXT() REPRESENTATION_CONTEXT('2D SPACE',''
  ) );
#10705 = PCURVE('',#10264,#10706);
#10706 = DEFINITIONAL_REPRESENTATION('',(#10707),#10711);
#10707 = LINE('',#10708,#10709);
#10708 = CARTESIAN_POINT('',(0.,1.));
#10709 = VECTOR('',#10710,1.);
#10710 = DIRECTION('',(1.,0.));
#10711 = ( GEOMETRIC_REPRESENTATION_CONTEXT(2) 
PARAMETRIC_REPRESENTATION_CONTEXT() REPRESENTATION_CONTEXT('2D SPACE',''
  ) );
#10712 = ADVANCED_FACE('',(#10713),#10153,.F.);
#10713 = FACE_BOUND('',#10714,.F.);
#10714 = EDGE_LOOP('',(#10715,#10716,#10717,#10739));
#10715 = ORIENTED_EDGE('',*,*,#10138,.T.);
#10716 = ORIENTED_EDGE('',*,*,#10664,.T.);
#10717 = ORIENTED_EDGE('',*,*,#10718,.F.);
#10718 = EDGE_CURVE('',#10388,#10642,#10719,.T.);
#10719 = SURFACE_CURVE('',#10720,(#10725,#10732),.PCURVE_S1.);
#10720 = CIRCLE('',#10721,8.);
#10721 = AXIS2_PLACEMENT_3D('',#10722,#10723,#10724);
#10722 = CARTESIAN_POINT('',(0.,286.4,100.));
#10723 = DIRECTION('',(0.,1.,0.));
#10724 = DIRECTION('',(-1.,0.,0.));
#10725 = PCURVE('',#10153,#10726);
#10726 = DEFINITIONAL_REPRESENTATION('',(#10727),#10731);
#10727 = LINE('',#10728,#10729);
#10728 = CARTESIAN_POINT('',(4.712388980385,3.4));
#10729 = VECTOR('',#10730,1.);
#10730 = DIRECTION('',(1.,0.));
#10731 = ( GEOMETRIC_REPRESENTATION_CONTEXT(2) 
PARAMETRIC_REPRESENTATION_CONTEXT() REPRESENTATION_CONTEXT('2D SPACE',''
  ) );
#10732 = PCURVE('',#10426,#10733);
#10733 = DEFINITIONAL_REPRESENTATION('',(#10734),#10738);
#10734 = CIRCLE('',#10735,8.);
#10735 = AXIS2_PLACEMENT_2D('',#10736,#10737);
#10736 = CARTESIAN_POINT('',(0.,0.));
#10737 = DIRECTION('',(0.,-1.));
#10738 = ( GEOMETRIC_REPRESENTATION_CONTEXT(2) 
PARAMETRIC_REPRESENTATION_CONTEXT() REPRESENTATION_CONTEXT('2D SPACE',''
  ) );
#10739 = ORIENTED_EDGE('',*,*,#10387,.F.);
#10740 = ADVANCED_FACE('',(#10741),#10233,.F.);
#10741 = FACE_BOUND('',#10742,.F.);
#10742 = EDGE_LOOP('',(#10743,#10744,#10765,#10766));
#10743 = ORIENTED_EDGE('',*,*,#10216,.F.);
#10744 = ORIENTED_EDGE('',*,*,#10745,.F.);
#10745 = EDGE_CURVE('',#10518,#10217,#10746,.T.);
#10746 = SEAM_CURVE('',#10747,(#10751,#10758),.PCURVE_S1.);
#10747 = LINE('',#10748,#10749);
#10748 = CARTESIAN_POINT('',(-16.3,290.,99.));
#10749 = VECTOR('',#10750,1.);
#10750 = DIRECTION('',(0.,0.,1.));
#10751 = PCURVE('',#10233,#10752);
#10752 = DEFINITIONAL_REPRESENTATION('',(#10753),#10757);
#10753 = LINE('',#10754,#10755);
#10754 = CARTESIAN_POINT('',(6.28318530718,-0.));
#10755 = VECTOR('',#10756,1.);
#10756 = DIRECTION('',(0.,1.));
#10757 = ( GEOMETRIC_REPRESENTATION_CONTEXT(2) 
PARAMETRIC_REPRESENTATION_CONTEXT() REPRESENTATION_CONTEXT('2D SPACE',''
  ) );
#10758 = PCURVE('',#10233,#10759);
#10759 = DEFINITIONAL_REPRESENTATION('',(#10760),#10764);
#10760 = LINE('',#10761,#10762);
#10761 = CARTESIAN_POINT('',(0.,-0.));
#10762 = VECTOR('',#10763,1.);
#10763 = DIRECTION('',(0.,1.));
#10764 = ( GEOMETRIC_REPRESENTATION_CONTEXT(2) 
PARAMETRIC_REPRESENTATION_CONTEXT() REPRESENTATION_CONTEXT('2D SPACE',''
  ) );
#10765 = ORIENTED_EDGE('',*,*,#10517,.T.);
#10766 = ORIENTED_EDGE('',*,*,#10745,.T.);
#10767 = ADVANCED_FACE('',(#10768),#10264,.F.);
#10768 = FACE_BOUND('',#10769,.F.);
#10769 = EDGE_LOOP('',(#10770,#10771,#10792,#10793));
#10770 = ORIENTED_EDGE('',*,*,#10247,.F.);
#10771 = ORIENTED_EDGE('',*,*,#10772,.F.);
#10772 = EDGE_CURVE('',#10690,#10248,#10773,.T.);
#10773 = SEAM_CURVE('',#10774,(#10778,#10785),.PCURVE_S1.);
#10774 = LINE('',#10775,#10776);
#10775 = CARTESIAN_POINT('',(19.7,290.,99.));
#10776 = VECTOR('',#10777,1.);
#10777 = DIRECTION('',(0.,0.,1.));
#10778 = PCURVE('',#10264,#10779);
#10779 = DEFINITIONAL_REPRESENTATION('',(#10780),#10784);
#10780 = LINE('',#10781,#10782);
#10781 = CARTESIAN_POINT('',(6.28318530718,-0.));
#10782 = VECTOR('',#10783,1.);
#10783 = DIRECTION('',(0.,1.));
#10784 = ( GEOMETRIC_REPRESENTATION_CONTEXT(2) 
PARAMETRIC_REPRESENTATION_CONTEXT() REPRESENTATION_CONTEXT('2D SPACE',''
  ) );
#10785 = PCURVE('',#10264,#10786);
#10786 = DEFINITIONAL_REPRESENTATION('',(#10787),#10791);
#10787 = LINE('',#10788,#10789);
#10788 = CARTESIAN_POINT('',(0.,-0.));
#10789 = VECTOR('',#10790,1.);
#10790 = DIRECTION('',(0.,1.));
#10791 = ( GEOMETRIC_REPRESENTATION_CONTEXT(2) 
PARAMETRIC_REPRESENTATION_CONTEXT() REPRESENTATION_CONTEXT('2D SPACE',''
  ) );
#10792 = ORIENTED_EDGE('',*,*,#10689,.T.);
#10793 = ORIENTED_EDGE('',*,*,#10772,.T.);
#10794 = ADVANCED_FACE('',(#10795),#10369,.F.);
#10795 = FACE_BOUND('',#10796,.F.);
#10796 = EDGE_LOOP('',(#10797,#10823,#10824,#10825));
#10797 = ORIENTED_EDGE('',*,*,#10798,.F.);
#10798 = EDGE_CURVE('',#10573,#10467,#10799,.T.);
#10799 = SURFACE_CURVE('',#10800,(#10805,#10812),.PCURVE_S1.);
#10800 = CIRCLE('',#10801,8.);
#10801 = AXIS2_PLACEMENT_3D('',#10802,#10803,#10804);
#10802 = CARTESIAN_POINT('',(0.,293.6,100.));
#10803 = DIRECTION('',(0.,-1.,0.));
#10804 = DIRECTION('',(1.,0.,0.));
#10805 = PCURVE('',#10369,#10806);
#10806 = DEFINITIONAL_REPRESENTATION('',(#10807),#10811);
#10807 = LINE('',#10808,#10809);
#10808 = CARTESIAN_POINT('',(7.853981633974,10.6));
#10809 = VECTOR('',#10810,1.);
#10810 = DIRECTION('',(-1.,-0.));
#10811 = ( GEOMETRIC_REPRESENTATION_CONTEXT(2) 
PARAMETRIC_REPRESENTATION_CONTEXT() REPRESENTATION_CONTEXT('2D SPACE',''
  ) );
#10812 = PCURVE('',#10482,#10813);
#10813 = DEFINITIONAL_REPRESENTATION('',(#10814),#10822);
#10814 = ( BOUNDED_CURVE() B_SPLINE_CURVE(2,(#10815,#10816,#10817,#10818
    ,#10819,#10820,#10821),.UNSPECIFIED.,.T.,.F.) 
B_SPLINE_CURVE_WITH_KNOTS((1,2,2,2,2,1),(-2.094395102393,0.,
    2.094395102393,4.188790204786,6.28318530718,8.377580409573),
.UNSPECIFIED.) CURVE() GEOMETRIC_REPRESENTATION_ITEM() 
RATIONAL_B_SPLINE_CURVE((1.,0.5,1.,0.5,1.,0.5,1.)) REPRESENTATION_ITEM(
  '') );
#10815 = CARTESIAN_POINT('',(0.,8.));
#10816 = CARTESIAN_POINT('',(13.856406460551,8.));
#10817 = CARTESIAN_POINT('',(6.928203230276,-4.));
#10818 = CARTESIAN_POINT('',(1.959434878636E-15,-16.));
#10819 = CARTESIAN_POINT('',(-6.928203230276,-4.));
#10820 = CARTESIAN_POINT('',(-13.85640646055,8.));
#10821 = CARTESIAN_POINT('',(0.,8.));
#10822 = ( GEOMETRIC_REPRESENTATION_CONTEXT(2) 
PARAMETRIC_REPRESENTATION_CONTEXT() REPRESENTATION_CONTEXT('2D SPACE',''
  ) );
#10823 = ORIENTED_EDGE('',*,*,#10572,.T.);
#10824 = ORIENTED_EDGE('',*,*,#10350,.T.);
#10825 = ORIENTED_EDGE('',*,*,#10494,.F.);
#10826 = ADVANCED_FACE('',(#10827),#10482,.F.);
#10827 = FACE_BOUND('',#10828,.F.);
#10828 = EDGE_LOOP('',(#10829,#10830,#10852,#10853));
#10829 = ORIENTED_EDGE('',*,*,#10466,.T.);
#10830 = ORIENTED_EDGE('',*,*,#10831,.T.);
#10831 = EDGE_CURVE('',#10439,#10596,#10832,.T.);
#10832 = SURFACE_CURVE('',#10833,(#10838,#10845),.PCURVE_S1.);
#10833 = CIRCLE('',#10834,11.15);
#10834 = AXIS2_PLACEMENT_3D('',#10835,#10836,#10837);
#10835 = CARTESIAN_POINT('',(0.,293.6,100.));
#10836 = DIRECTION('',(0.,1.,0.));
#10837 = DIRECTION('',(-1.,0.,0.));
#10838 = PCURVE('',#10482,#10839);
#10839 = DEFINITIONAL_REPRESENTATION('',(#10840),#10844);
#10840 = CIRCLE('',#10841,11.15);
#10841 = AXIS2_PLACEMENT_2D('',#10842,#10843);
#10842 = CARTESIAN_POINT('',(0.,0.));
#10843 = DIRECTION('',(0.,-1.));
#10844 = ( GEOMETRIC_REPRESENTATION_CONTEXT(2) 
PARAMETRIC_REPRESENTATION_CONTEXT() REPRESENTATION_CONTEXT('2D SPACE',''
  ) );
#10845 = PCURVE('',#10454,#10846);
#10846 = DEFINITIONAL_REPRESENTATION('',(#10847),#10851);
#10847 = LINE('',#10848,#10849);
#10848 = CARTESIAN_POINT('',(4.712388980385,7.2));
#10849 = VECTOR('',#10850,1.);
#10850 = DIRECTION('',(1.,0.));
#10851 = ( GEOMETRIC_REPRESENTATION_CONTEXT(2) 
PARAMETRIC_REPRESENTATION_CONTEXT() REPRESENTATION_CONTEXT('2D SPACE',''
  ) );
#10852 = ORIENTED_EDGE('',*,*,#10595,.T.);
#10853 = ORIENTED_EDGE('',*,*,#10798,.T.);
#10854 = ADVANCED_FACE('',(#10855),#10454,.F.);
#10855 = FACE_BOUND('',#10856,.F.);
#10856 = EDGE_LOOP('',(#10857,#10858,#10859,#10881));
#10857 = ORIENTED_EDGE('',*,*,#10831,.F.);
#10858 = ORIENTED_EDGE('',*,*,#10438,.F.);
#10859 = ORIENTED_EDGE('',*,*,#10860,.T.);
#10860 = EDGE_CURVE('',#10411,#10619,#10861,.T.);
#10861 = SURFACE_CURVE('',#10862,(#10867,#10874),.PCURVE_S1.);
#10862 = CIRCLE('',#10863,11.15);
#10863 = AXIS2_PLACEMENT_3D('',#10864,#10865,#10866);
#10864 = CARTESIAN_POINT('',(0.,286.4,100.));
#10865 = DIRECTION('',(0.,1.,0.));
#10866 = DIRECTION('',(-1.,0.,0.));
#10867 = PCURVE('',#10454,#10868);
#10868 = DEFINITIONAL_REPRESENTATION('',(#10869),#10873);
#10869 = LINE('',#10870,#10871);
#10870 = CARTESIAN_POINT('',(4.712388980385,0.));
#10871 = VECTOR('',#10872,1.);
#10872 = DIRECTION('',(1.,0.));
#10873 = ( GEOMETRIC_REPRESENTATION_CONTEXT(2) 
PARAMETRIC_REPRESENTATION_CONTEXT() REPRESENTATION_CONTEXT('2D SPACE',''
  ) );
#10874 = PCURVE('',#10426,#10875);
#10875 = DEFINITIONAL_REPRESENTATION('',(#10876),#10880);
#10876 = CIRCLE('',#10877,11.15);
#10877 = AXIS2_PLACEMENT_2D('',#10878,#10879);
#10878 = CARTESIAN_POINT('',(0.,0.));
#10879 = DIRECTION('',(0.,-1.));
#10880 = ( GEOMETRIC_REPRESENTATION_CONTEXT(2) 
PARAMETRIC_REPRESENTATION_CONTEXT() REPRESENTATION_CONTEXT('2D SPACE',''
  ) );
#10881 = ORIENTED_EDGE('',*,*,#10618,.T.);
#10882 = ADVANCED_FACE('',(#10883),#10426,.T.);
#10883 = FACE_BOUND('',#10884,.T.);
#10884 = EDGE_LOOP('',(#10885,#10886,#10887,#10888));
#10885 = ORIENTED_EDGE('',*,*,#10410,.T.);
#10886 = ORIENTED_EDGE('',*,*,#10860,.T.);
#10887 = ORIENTED_EDGE('',*,*,#10641,.T.);
#10888 = ORIENTED_EDGE('',*,*,#10718,.F.);
#10889 = ( GEOMETRIC_REPRESENTATION_CONTEXT(3) 
GLOBAL_UNCERTAINTY_ASSIGNED_CONTEXT((#10893)) 
GLOBAL_UNIT_ASSIGNED_CONTEXT((#10890,#10891,#10892)) 
REPRESENTATION_CONTEXT('Context #1',
  '3D Context with UNIT and UNCERTAINTY') );
#10890 = ( LENGTH_UNIT() NAMED_UNIT(*) SI_UNIT(.MILLI.,.METRE.) );
#10891 = ( NAMED_UNIT(*) PLANE_ANGLE_UNIT() SI_UNIT($,.RADIAN.) );
#10892 = ( NAMED_UNIT(*) SI_UNIT($,.STERADIAN.) SOLID_ANGLE_UNIT() );
#10893 = UNCERTAINTY_MEASURE_WITH_UNIT(LENGTH_MEASURE(1.E-07),#10890,
  'distance_accuracy_value','confusion accuracy');
#10894 = CONTEXT_DEPENDENT_SHAPE_REPRESENTATION(#10895,#10897);
#10895 = ( REPRESENTATION_RELATIONSHIP('','',#9908,#10) 
REPRESENTATION_RELATIONSHIP_WITH_TRANSFORMATION(#10896) 
SHAPE_REPRESENTATION_RELATIONSHIP() );
#10896 = ITEM_DEFINED_TRANSFORMATION('','',#11,#39);
#10897 = PRODUCT_DEFINITION_SHAPE('Placement','Placement of an item',
  #10898);
#10898 = NEXT_ASSEMBLY_USAGE_OCCURRENCE('7','cap_2','',#5,#9903,$);
#10899 = PRODUCT_RELATED_PRODUCT_CATEGORY('part',$,(#9905));
#10900 = SHAPE_DEFINITION_REPRESENTATION(#10901,#10907);
#10901 = PRODUCT_DEFINITION_SHAPE('','',#10902);
#10902 = PRODUCT_DEFINITION('design','',#10903,#10906);
#10903 = PRODUCT_DEFINITION_FORMATION('','',#10904);
#10904 = PRODUCT('bearing_608_2','bearing_608_2','',(#10905));
#10905 = PRODUCT_CONTEXT('',#2,'mechanical');
#10906 = PRODUCT_DEFINITION_CONTEXT('part definition',#2,'design');
#10907 = ADVANCED_BREP_SHAPE_REPRESENTATION('',(#11,#10908),#11090);
#10908 = MANIFOLD_SOLID_BREP('',#10909);
#10909 = CLOSED_SHELL('',(#10910,#10998,#11033,#11063));
#10910 = ADVANCED_FACE('',(#10911),#10924,.T.);
#10911 = FACE_BOUND('',#10912,.T.);
#10912 = EDGE_LOOP('',(#10913,#10947,#10970,#10997));
#10913 = ORIENTED_EDGE('',*,*,#10914,.F.);
#10914 = EDGE_CURVE('',#10915,#10915,#10917,.T.);
#10915 = VERTEX_POINT('',#10916);
#10916 = CARTESIAN_POINT('',(-2.694222958124E-15,293.5,111.));
#10917 = SURFACE_CURVE('',#10918,(#10923,#10935),.PCURVE_S1.);
#10918 = CIRCLE('',#10919,11.);
#10919 = AXIS2_PLACEMENT_3D('',#10920,#10921,#10922);
#10920 = CARTESIAN_POINT('',(0.,293.5,100.));
#10921 = DIRECTION('',(0.,1.,0.));
#10922 = DIRECTION('',(0.,-0.,1.));
#10923 = PCURVE('',#10924,#10929);
#10924 = CYLINDRICAL_SURFACE('',#10925,11.);
#10925 = AXIS2_PLACEMENT_3D('',#10926,#10927,#10928);
#10926 = CARTESIAN_POINT('',(0.,286.5,100.));
#10927 = DIRECTION('',(0.,1.,0.));
#10928 = DIRECTION('',(0.,-0.,1.));
#10929 = DEFINITIONAL_REPRESENTATION('',(#10930),#10934);
#10930 = LINE('',#10931,#10932);
#10931 = CARTESIAN_POINT('',(0.,7.));
#10932 = VECTOR('',#10933,1.);
#10933 = DIRECTION('',(1.,0.));
#10934 = ( GEOMETRIC_REPRESENTATION_CONTEXT(2) 
PARAMETRIC_REPRESENTATION_CONTEXT() REPRESENTATION_CONTEXT('2D SPACE',''
  ) );
#10935 = PCURVE('',#10936,#10941);
#10936 = PLANE('',#10937);
#10937 = AXIS2_PLACEMENT_3D('',#10938,#10939,#10940);
#10938 = CARTESIAN_POINT('',(0.,293.5,100.));
#10939 = DIRECTION('',(0.,1.,0.));
#10940 = DIRECTION('',(0.,-0.,1.));
#10941 = DEFINITIONAL_REPRESENTATION('',(#10942),#10946);
#10942 = CIRCLE('',#10943,11.);
#10943 = AXIS2_PLACEMENT_2D('',#10944,#10945);
#10944 = CARTESIAN_POINT('',(0.,0.));
#10945 = DIRECTION('',(1.,0.));
#10946 = ( GEOMETRIC_REPRESENTATION_CONTEXT(2) 
PARAMETRIC_REPRESENTATION_CONTEXT() REPRESENTATION_CONTEXT('2D SPACE',''
  ) );
#10947 = ORIENTED_EDGE('',*,*,#10948,.F.);
#10948 = EDGE_CURVE('',#10949,#10915,#10951,.T.);
#10949 = VERTEX_POINT('',#10950);
#10950 = CARTESIAN_POINT('',(-2.694222958124E-15,286.5,111.));
#10951 = SEAM_CURVE('',#10952,(#10956,#10963),.PCURVE_S1.);
#10952 = LINE('',#10953,#10954);
#10953 = CARTESIAN_POINT('',(-2.694222958124E-15,286.5,111.));
#10954 = VECTOR('',#10955,1.);
#10955 = DIRECTION('',(0.,1.,0.));
#10956 = PCURVE('',#10924,#10957);
#10957 = DEFINITIONAL_REPRESENTATION('',(#10958),#10962);
#10958 = LINE('',#10959,#10960);
#10959 = CARTESIAN_POINT('',(6.28318530718,-0.));
#10960 = VECTOR('',#10961,1.);
#10961 = DIRECTION('',(0.,1.));
#10962 = ( GEOMETRIC_REPRESENTATION_CONTEXT(2) 
PARAMETRIC_REPRESENTATION_CONTEXT() REPRESENTATION_CONTEXT('2D SPACE',''
  ) );
#10963 = PCURVE('',#10924,#10964);
#10964 = DEFINITIONAL_REPRESENTATION('',(#10965),#10969);
#10965 = LINE('',#10966,#10967);
#10966 = CARTESIAN_POINT('',(0.,-0.));
#10967 = VECTOR('',#10968,1.);
#10968 = DIRECTION('',(0.,1.));
#10969 = ( GEOMETRIC_REPRESENTATION_CONTEXT(2) 
PARAMETRIC_REPRESENTATION_CONTEXT() REPRESENTATION_CONTEXT('2D SPACE',''
  ) );
#10970 = ORIENTED_EDGE('',*,*,#10971,.T.);
#10971 = EDGE_CURVE('',#10949,#10949,#10972,.T.);
#10972 = SURFACE_CURVE('',#10973,(#10978,#10985),.PCURVE_S1.);
#10973 = CIRCLE('',#10974,11.);
#10974 = AXIS2_PLACEMENT_3D('',#10975,#10976,#10977);
#10975 = CARTESIAN_POINT('',(0.,286.5,100.));
#10976 = DIRECTION('',(0.,1.,0.));
#10977 = DIRECTION('',(0.,-0.,1.));
#10978 = PCURVE('',#10924,#10979);
#10979 = DEFINITIONAL_REPRESENTATION('',(#10980),#10984);
#10980 = LINE('',#10981,#10982);
#10981 = CARTESIAN_POINT('',(0.,0.));
#10982 = VECTOR('',#10983,1.);
#10983 = DIRECTION('',(1.,0.));
#10984 = ( GEOMETRIC_REPRESENTATION_CONTEXT(2) 
PARAMETRIC_REPRESENTATION_CONTEXT() REPRESENTATION_CONTEXT('2D SPACE',''
  ) );
#10985 = PCURVE('',#10986,#10991);
#10986 = PLANE('',#10987);
#10987 = AXIS2_PLACEMENT_3D('',#10988,#10989,#10990);
#10988 = CARTESIAN_POINT('',(0.,286.5,100.));
#10989 = DIRECTION('',(0.,1.,0.));
#10990 = DIRECTION('',(0.,-0.,1.));
#10991 = DEFINITIONAL_REPRESENTATION('',(#10992),#10996);
#10992 = CIRCLE('',#10993,11.);
#10993 = AXIS2_PLACEMENT_2D('',#10994,#10995);
#10994 = CARTESIAN_POINT('',(0.,0.));
#10995 = DIRECTION('',(1.,0.));
#10996 = ( GEOMETRIC_REPRESENTATION_CONTEXT(2) 
PARAMETRIC_REPRESENTATION_CONTEXT() REPRESENTATION_CONTEXT('2D SPACE',''
  ) );
#10997 = ORIENTED_EDGE('',*,*,#10948,.T.);
#10998 = ADVANCED_FACE('',(#10999,#11002),#10936,.T.);
#10999 = FACE_BOUND('',#11000,.T.);
#11000 = EDGE_LOOP('',(#11001));
#11001 = ORIENTED_EDGE('',*,*,#10914,.T.);
#11002 = FACE_BOUND('',#11003,.T.);
#11003 = EDGE_LOOP('',(#11004));
#11004 = ORIENTED_EDGE('',*,*,#11005,.F.);
#11005 = EDGE_CURVE('',#11006,#11006,#11008,.T.);
#11006 = VERTEX_POINT('',#11007);
#11007 = CARTESIAN_POINT('',(-9.797174393179E-16,293.5,104.));
#11008 = SURFACE_CURVE('',#11009,(#11014,#11021),.PCURVE_S1.);
#11009 = CIRCLE('',#11010,4.);
#11010 = AXIS2_PLACEMENT_3D('',#11011,#11012,#11013);
#11011 = CARTESIAN_POINT('',(0.,293.5,100.));
#11012 = DIRECTION('',(0.,1.,0.));
#11013 = DIRECTION('',(0.,-0.,1.));
#11014 = PCURVE('',#10936,#11015);
#11015 = DEFINITIONAL_REPRESENTATION('',(#11016),#11020);
#11016 = CIRCLE('',#11017,4.);
#11017 = AXIS2_PLACEMENT_2D('',#11018,#11019);
#11018 = CARTESIAN_POINT('',(0.,0.));
#11019 = DIRECTION('',(1.,0.));
#11020 = ( GEOMETRIC_REPRESENTATION_CONTEXT(2) 
PARAMETRIC_REPRESENTATION_CONTEXT() REPRESENTATION_CONTEXT('2D SPACE',''
  ) );
#11021 = PCURVE('',#11022,#11027);
#11022 = CYLINDRICAL_SURFACE('',#11023,4.);
#11023 = AXIS2_PLACEMENT_3D('',#11024,#11025,#11026);
#11024 = CARTESIAN_POINT('',(0.,285.5,100.));
#11025 = DIRECTION('',(0.,1.,0.));
#11026 = DIRECTION('',(0.,-0.,1.));
#11027 = DEFINITIONAL_REPRESENTATION('',(#11028),#11032);
#11028 = LINE('',#11029,#11030);
#11029 = CARTESIAN_POINT('',(0.,8.));
#11030 = VECTOR('',#11031,1.);
#11031 = DIRECTION('',(1.,0.));
#11032 = ( GEOMETRIC_REPRESENTATION_CONTEXT(2) 
PARAMETRIC_REPRESENTATION_CONTEXT() REPRESENTATION_CONTEXT('2D SPACE',''
  ) );
#11033 = ADVANCED_FACE('',(#11034,#11037),#10986,.F.);
#11034 = FACE_BOUND('',#11035,.F.);
#11035 = EDGE_LOOP('',(#11036));
#11036 = ORIENTED_EDGE('',*,*,#10971,.T.);
#11037 = FACE_BOUND('',#11038,.F.);
#11038 = EDGE_LOOP('',(#11039));
#11039 = ORIENTED_EDGE('',*,*,#11040,.F.);
#11040 = EDGE_CURVE('',#11041,#11041,#11043,.T.);
#11041 = VERTEX_POINT('',#11042);
#11042 = CARTESIAN_POINT('',(-9.797174393179E-16,286.5,104.));
#11043 = SURFACE_CURVE('',#11044,(#11049,#11056),.PCURVE_S1.);
#11044 = CIRCLE('',#11045,4.);
#11045 = AXIS2_PLACEMENT_3D('',#11046,#11047,#11048);
#11046 = CARTESIAN_POINT('',(0.,286.5,100.));
#11047 = DIRECTION('',(0.,1.,0.));
#11048 = DIRECTION('',(0.,-0.,1.));
#11049 = PCURVE('',#10986,#11050);
#11050 = DEFINITIONAL_REPRESENTATION('',(#11051),#11055);
#11051 = CIRCLE('',#11052,4.);
#11052 = AXIS2_PLACEMENT_2D('',#11053,#11054);
#11053 = CARTESIAN_POINT('',(0.,0.));
#11054 = DIRECTION('',(1.,0.));
#11055 = ( GEOMETRIC_REPRESENTATION_CONTEXT(2) 
PARAMETRIC_REPRESENTATION_CONTEXT() REPRESENTATION_CONTEXT('2D SPACE',''
  ) );
#11056 = PCURVE('',#11022,#11057);
#11057 = DEFINITIONAL_REPRESENTATION('',(#11058),#11062);
#11058 = LINE('',#11059,#11060);
#11059 = CARTESIAN_POINT('',(0.,1.));
#11060 = VECTOR('',#11061,1.);
#11061 = DIRECTION('',(1.,0.));
#11062 = ( GEOMETRIC_REPRESENTATION_CONTEXT(2) 
PARAMETRIC_REPRESENTATION_CONTEXT() REPRESENTATION_CONTEXT('2D SPACE',''
  ) );
#11063 = ADVANCED_FACE('',(#11064),#11022,.F.);
#11064 = FACE_BOUND('',#11065,.F.);
#11065 = EDGE_LOOP('',(#11066,#11067,#11088,#11089));
#11066 = ORIENTED_EDGE('',*,*,#11005,.F.);
#11067 = ORIENTED_EDGE('',*,*,#11068,.F.);
#11068 = EDGE_CURVE('',#11041,#11006,#11069,.T.);
#11069 = SEAM_CURVE('',#11070,(#11074,#11081),.PCURVE_S1.);
#11070 = LINE('',#11071,#11072);
#11071 = CARTESIAN_POINT('',(-9.797174393179E-16,285.5,104.));
#11072 = VECTOR('',#11073,1.);
#11073 = DIRECTION('',(0.,1.,0.));
#11074 = PCURVE('',#11022,#11075);
#11075 = DEFINITIONAL_REPRESENTATION('',(#11076),#11080);
#11076 = LINE('',#11077,#11078);
#11077 = CARTESIAN_POINT('',(6.28318530718,-0.));
#11078 = VECTOR('',#11079,1.);
#11079 = DIRECTION('',(0.,1.));
#11080 = ( GEOMETRIC_REPRESENTATION_CONTEXT(2) 
PARAMETRIC_REPRESENTATION_CONTEXT() REPRESENTATION_CONTEXT('2D SPACE',''
  ) );
#11081 = PCURVE('',#11022,#11082);
#11082 = DEFINITIONAL_REPRESENTATION('',(#11083),#11087);
#11083 = LINE('',#11084,#11085);
#11084 = CARTESIAN_POINT('',(0.,-0.));
#11085 = VECTOR('',#11086,1.);
#11086 = DIRECTION('',(0.,1.));
#11087 = ( GEOMETRIC_REPRESENTATION_CONTEXT(2) 
PARAMETRIC_REPRESENTATION_CONTEXT() REPRESENTATION_CONTEXT('2D SPACE',''
  ) );
#11088 = ORIENTED_EDGE('',*,*,#11040,.T.);
#11089 = ORIENTED_EDGE('',*,*,#11068,.T.);
#11090 = ( GEOMETRIC_REPRESENTATION_CONTEXT(3) 
GLOBAL_UNCERTAINTY_ASSIGNED_CONTEXT((#11094)) 
GLOBAL_UNIT_ASSIGNED_CONTEXT((#11091,#11092,#11093)) 
REPRESENTATION_CONTEXT('Context #1',
  '3D Context with UNIT and UNCERTAINTY') );
#11091 = ( LENGTH_UNIT() NAMED_UNIT(*) SI_UNIT(.MILLI.,.METRE.) );
#11092 = ( NAMED_UNIT(*) PLANE_ANGLE_UNIT() SI_UNIT($,.RADIAN.) );
#11093 = ( NAMED_UNIT(*) SI_UNIT($,.STERADIAN.) SOLID_ANGLE_UNIT() );
#11094 = UNCERTAINTY_MEASURE_WITH_UNIT(LENGTH_MEASURE(1.E-07),#11091,
  'distance_accuracy_value','confusion accuracy');
#11095 = CONTEXT_DEPENDENT_SHAPE_REPRESENTATION(#11096,#11098);
#11096 = ( REPRESENTATION_RELATIONSHIP('','',#10907,#10) 
REPRESENTATION_RELATIONSHIP_WITH_TRANSFORMATION(#11097) 
SHAPE_REPRESENTATION_RELATIONSHIP() );
#11097 = ITEM_DEFINED_TRANSFORMATION('','',#11,#43);
#11098 = PRODUCT_DEFINITION_SHAPE('Placement','Placement of an item',
  #11099);
#11099 = NEXT_ASSEMBLY_USAGE_OCCURRENCE('8','bearing_608_2','',#5,#10902
  ,$);
#11100 = PRODUCT_RELATED_PRODUCT_CATEGORY('part',$,(#10904));
#11101 = SHAPE_DEFINITION_REPRESENTATION(#11102,#11108);
#11102 = PRODUCT_DEFINITION_SHAPE('','',#11103);
#11103 = PRODUCT_DEFINITION('design','',#11104,#11107);
#11104 = PRODUCT_DEFINITION_FORMATION('','',#11105);
#11105 = PRODUCT('cap_screw_1_0','cap_screw_1_0','',(#11106));
#11106 = PRODUCT_CONTEXT('',#2,'mechanical');
#11107 = PRODUCT_DEFINITION_CONTEXT('part definition',#2,'design');
#11108 = ADVANCED_BREP_SHAPE_REPRESENTATION('',(#11,#11109),#11297);
#11109 = MANIFOLD_SOLID_BREP('',#11110);
#11110 = CLOSED_SHELL('',(#11111,#11199,#11203,#11238,#11293));
#11111 = ADVANCED_FACE('',(#11112),#11125,.T.);
#11112 = FACE_BOUND('',#11113,.T.);
#11113 = EDGE_LOOP('',(#11114,#11148,#11171,#11198));
#11114 = ORIENTED_EDGE('',*,*,#11115,.F.);
#11115 = EDGE_CURVE('',#11116,#11116,#11118,.T.);
#11116 = VERTEX_POINT('',#11117);
#11117 = CARTESIAN_POINT('',(-15.2,290.,120.));
#11118 = SURFACE_CURVE('',#11119,(#11124,#11136),.PCURVE_S1.);
#11119 = CIRCLE('',#11120,2.8);
#11120 = AXIS2_PLACEMENT_3D('',#11121,#11122,#11123);
#11121 = CARTESIAN_POINT('',(-18.,290.,120.));
#11122 = DIRECTION('',(0.,0.,1.));
#11123 = DIRECTION('',(1.,0.,-0.));
#11124 = PCURVE('',#11125,#11130);
#11125 = CYLINDRICAL_SURFACE('',#11126,2.8);
#11126 = AXIS2_PLACEMENT_3D('',#11127,#11128,#11129);
#11127 = CARTESIAN_POINT('',(-18.,290.,117.));
#11128 = DIRECTION('',(0.,0.,1.));
#11129 = DIRECTION('',(1.,0.,-0.));
#11130 = DEFINITIONAL_REPRESENTATION('',(#11131),#11135);
#11131 = LINE('',#11132,#11133);
#11132 = CARTESIAN_POINT('',(0.,3.));
#11133 = VECTOR('',#11134,1.);
#11134 = DIRECTION('',(1.,0.));
#11135 = ( GEOMETRIC_REPRESENTATION_CONTEXT(2) 
PARAMETRIC_REPRESENTATION_CONTEXT() REPRESENTATION_CONTEXT('2D SPACE',''
  ) );
#11136 = PCURVE('',#11137,#11142);
#11137 = PLANE('',#11138);
#11138 = AXIS2_PLACEMENT_3D('',#11139,#11140,#11141);
#11139 = CARTESIAN_POINT('',(-18.,290.,120.));
#11140 = DIRECTION('',(0.,0.,1.));
#11141 = DIRECTION('',(1.,0.,-0.));
#11142 = DEFINITIONAL_REPRESENTATION('',(#11143),#11147);
#11143 = CIRCLE('',#11144,2.8);
#11144 = AXIS2_PLACEMENT_2D('',#11145,#11146);
#11145 = CARTESIAN_POINT('',(0.,0.));
#11146 = DIRECTION('',(1.,0.));
#11147 = ( GEOMETRIC_REPRESENTATION_CONTEXT(2) 
PARAMETRIC_REPRESENTATION_CONTEXT() REPRESENTATION_CONTEXT('2D SPACE',''
  ) );
#11148 = ORIENTED_EDGE('',*,*,#11149,.F.);
#11149 = EDGE_CURVE('',#11150,#11116,#11152,.T.);
#11150 = VERTEX_POINT('',#11151);
#11151 = CARTESIAN_POINT('',(-15.2,290.,117.));
#11152 = SEAM_CURVE('',#11153,(#11157,#11164),.PCURVE_S1.);
#11153 = LINE('',#11154,#11155);
#11154 = CARTESIAN_POINT('',(-15.2,290.,117.));
#11155 = VECTOR('',#11156,1.);
#11156 = DIRECTION('',(0.,0.,1.));
#11157 = PCURVE('',#11125,#11158);
#11158 = DEFINITIONAL_REPRESENTATION('',(#11159),#11163);
#11159 = LINE('',#11160,#11161);
#11160 = CARTESIAN_POINT('',(6.28318530718,-0.));
#11161 = VECTOR('',#11162,1.);
#11162 = DIRECTION('',(0.,1.));
#11163 = ( GEOMETRIC_REPRESENTATION_CONTEXT(2) 
PARAMETRIC_REPRESENTATION_CONTEXT() REPRESENTATION_CONTEXT('2D SPACE',''
  ) );
#11164 = PCURVE('',#11125,#11165);
#11165 = DEFINITIONAL_REPRESENTATION('',(#11166),#11170);
#11166 = LINE('',#11167,#11168);
#11167 = CARTESIAN_POINT('',(0.,-0.));
#11168 = VECTOR('',#11169,1.);
#11169 = DIRECTION('',(0.,1.));
#11170 = ( GEOMETRIC_REPRESENTATION_CONTEXT(2) 
PARAMETRIC_REPRESENTATION_CONTEXT() REPRESENTATION_CONTEXT('2D SPACE',''
  ) );
#11171 = ORIENTED_EDGE('',*,*,#11172,.T.);
#11172 = EDGE_CURVE('',#11150,#11150,#11173,.T.);
#11173 = SURFACE_CURVE('',#11174,(#11179,#11186),.PCURVE_S1.);
#11174 = CIRCLE('',#11175,2.8);
#11175 = AXIS2_PLACEMENT_3D('',#11176,#11177,#11178);
#11176 = CARTESIAN_POINT('',(-18.,290.,117.));
#11177 = DIRECTION('',(0.,0.,1.));
#11178 = DIRECTION('',(1.,0.,-0.));
#11179 = PCURVE('',#11125,#11180);
#11180 = DEFINITIONAL_REPRESENTATION('',(#11181),#11185);
#11181 = LINE('',#11182,#11183);
#11182 = CARTESIAN_POINT('',(0.,0.));
#11183 = VECTOR('',#11184,1.);
#11184 = DIRECTION('',(1.,0.));
#11185 = ( GEOMETRIC_REPRESENTATION_CONTEXT(2) 
PARAMETRIC_REPRESENTATION_CONTEXT() REPRESENTATION_CONTEXT('2D SPACE',''
  ) );
#11186 = PCURVE('',#11187,#11192);
#11187 = PLANE('',#11188);
#11188 = AXIS2_PLACEMENT_3D('',#11189,#11190,#11191);
#11189 = CARTESIAN_POINT('',(-18.,290.,117.));
#11190 = DIRECTION('',(0.,0.,1.));
#11191 = DIRECTION('',(1.,0.,-0.));
#11192 = DEFINITIONAL_REPRESENTATION('',(#11193),#11197);
#11193 = CIRCLE('',#11194,2.8);
#11194 = AXIS2_PLACEMENT_2D('',#11195,#11196);
#11195 = CARTESIAN_POINT('',(0.,0.));
#11196 = DIRECTION('',(1.,0.));
#11197 = ( GEOMETRIC_REPRESENTATION_CONTEXT(2) 
PARAMETRIC_REPRESENTATION_CONTEXT() REPRESENTATION_CONTEXT('2D SPACE',''
  ) );
#11198 = ORIENTED_EDGE('',*,*,#11149,.T.);
#11199 = ADVANCED_FACE('',(#11200),#11137,.T.);
#11200 = FACE_BOUND('',#11201,.T.);
#11201 = EDGE_LOOP('',(#11202));
#11202 = ORIENTED_EDGE('',*,*,#11115,.T.);
#11203 = ADVANCED_FACE('',(#11204,#11207),#11187,.F.);
#11204 = FACE_BOUND('',#11205,.F.);
#11205 = EDGE_LOOP('',(#11206));
#11206 = ORIENTED_EDGE('',*,*,#11172,.T.);
#11207 = FACE_BOUND('',#11208,.F.);
#11208 = EDGE_LOOP('',(#11209));
#11209 = ORIENTED_EDGE('',*,*,#11210,.F.);
#11210 = EDGE_CURVE('',#11211,#11211,#11213,.T.);
#11211 = VERTEX_POINT('',#11212);
#11212 = CARTESIAN_POINT('',(-16.5,290.,117.));
#11213 = SURFACE_CURVE('',#11214,(#11219,#11226),.PCURVE_S1.);
#11214 = CIRCLE('',#11215,1.5);
#11215 = AXIS2_PLACEMENT_3D('',#11216,#11217,#11218);
#11216 = CARTESIAN_POINT('',(-18.,290.,117.));
#11217 = DIRECTION('',(0.,0.,1.));
#11218 = DIRECTION('',(1.,0.,-0.));
#11219 = PCURVE('',#11187,#11220);
#11220 = DEFINITIONAL_REPRESENTATION('',(#11221),#11225);
#11221 = CIRCLE('',#11222,1.5);
#11222 = AXIS2_PLACEMENT_2D('',#11223,#11224);
#11223 = CARTESIAN_POINT('',(0.,0.));
#11224 = DIRECTION('',(1.,0.));
#11225 = ( GEOMETRIC_REPRESENTATION_CONTEXT(2) 
PARAMETRIC_REPRESENTATION_CONTEXT() REPRESENTATION_CONTEXT('2D SPACE',''
  ) );
#11226 = PCURVE('',#11227,#11232);
#11227 = CYLINDRICAL_SURFACE('',#11228,1.5);
#11228 = AXIS2_PLACEMENT_3D('',#11229,#11230,#11231);
#11229 = CARTESIAN_POINT('',(-18.,290.,82.));
#11230 = DIRECTION('',(0.,0.,1.));
#11231 = DIRECTION('',(1.,0.,-0.));
#11232 = DEFINITIONAL_REPRESENTATION('',(#11233),#11237);
#11233 = LINE('',#11234,#11235);
#11234 = CARTESIAN_POINT('',(0.,35.));
#11235 = VECTOR('',#11236,1.);
#11236 = DIRECTION('',(1.,0.));
#11237 = ( GEOMETRIC_REPRESENTATION_CONTEXT(2) 
PARAMETRIC_REPRESENTATION_CONTEXT() REPRESENTATION_CONTEXT('2D SPACE',''
  ) );
#11238 = ADVANCED_FACE('',(#11239),#11227,.T.);
#11239 = FACE_BOUND('',#11240,.T.);
#11240 = EDGE_LOOP('',(#11241,#11242,#11265,#11292));
#11241 = ORIENTED_EDGE('',*,*,#11210,.F.);
#11242 = ORIENTED_EDGE('',*,*,#11243,.F.);
#11243 = EDGE_CURVE('',#11244,#11211,#11246,.T.);
#11244 = VERTEX_POINT('',#11245);
#11245 = CARTESIAN_POINT('',(-16.5,290.,82.));
#11246 = SEAM_CURVE('',#11247,(#11251,#11258),.PCURVE_S1.);
#11247 = LINE('',#11248,#11249);
#11248 = CARTESIAN_POINT('',(-16.5,290.,82.));
#11249 = VECTOR('',#11250,1.);
#11250 = DIRECTION('',(0.,0.,1.));
#11251 = PCURVE('',#11227,#11252);
#11252 = DEFINITIONAL_REPRESENTATION('',(#11253),#11257);
#11253 = LINE('',#11254,#11255);
#11254 = CARTESIAN_POINT('',(6.28318530718,-0.));
#11255 = VECTOR('',#11256,1.);
#11256 = DIRECTION('',(0.,1.));
#11257 = ( GEOMETRIC_REPRESENTATION_CONTEXT(2) 
PARAMETRIC_REPRESENTATION_CONTEXT() REPRESENTATION_CONTEXT('2D SPACE',''
  ) );
#11258 = PCURVE('',#11227,#11259);
#11259 = DEFINITIONAL_REPRESENTATION('',(#11260),#11264);
#11260 = LINE('',#11261,#11262);
#11261 = CARTESIAN_POINT('',(0.,-0.));
#11262 = VECTOR('',#11263,1.);
#11263 = DIRECTION('',(0.,1.));
#11264 = ( GEOMETRIC_REPRESENTATION_CONTEXT(2) 
PARAMETRIC_REPRESENTATION_CONTEXT() REPRESENTATION_CONTEXT('2D SPACE',''
  ) );
#11265 = ORIENTED_EDGE('',*,*,#11266,.T.);
#11266 = EDGE_CURVE('',#11244,#11244,#11267,.T.);
#11267 = SURFACE_CURVE('',#11268,(#11273,#11280),.PCURVE_S1.);
#11268 = CIRCLE('',#11269,1.5);
#11269 = AXIS2_PLACEMENT_3D('',#11270,#11271,#11272);
#11270 = CARTESIAN_POINT('',(-18.,290.,82.));
#11271 = DIRECTION('',(0.,0.,1.));
#11272 = DIRECTION('',(1.,0.,-0.));
#11273 = PCURVE('',#11227,#11274);
#11274 = DEFINITIONAL_REPRESENTATION('',(#11275),#11279);
#11275 = LINE('',#11276,#11277);
#11276 = CARTESIAN_POINT('',(0.,0.));
#11277 = VECTOR('',#11278,1.);
#11278 = DIRECTION('',(1.,0.));
#11279 = ( GEOMETRIC_REPRESENTATION_CONTEXT(2) 
PARAMETRIC_REPRESENTATION_CONTEXT() REPRESENTATION_CONTEXT('2D SPACE',''
  ) );
#11280 = PCURVE('',#11281,#11286);
#11281 = PLANE('',#11282);
#11282 = AXIS2_PLACEMENT_3D('',#11283,#11284,#11285);
#11283 = CARTESIAN_POINT('',(-18.,290.,82.));
#11284 = DIRECTION('',(0.,0.,1.));
#11285 = DIRECTION('',(1.,0.,-0.));
#11286 = DEFINITIONAL_REPRESENTATION('',(#11287),#11291);
#11287 = CIRCLE('',#11288,1.5);
#11288 = AXIS2_PLACEMENT_2D('',#11289,#11290);
#11289 = CARTESIAN_POINT('',(0.,0.));
#11290 = DIRECTION('',(1.,0.));
#11291 = ( GEOMETRIC_REPRESENTATION_CONTEXT(2) 
PARAMETRIC_REPRESENTATION_CONTEXT() REPRESENTATION_CONTEXT('2D SPACE',''
  ) );
#11292 = ORIENTED_EDGE('',*,*,#11243,.T.);
#11293 = ADVANCED_FACE('',(#11294),#11281,.F.);
#11294 = FACE_BOUND('',#11295,.T.);
#11295 = EDGE_LOOP('',(#11296));
#11296 = ORIENTED_EDGE('',*,*,#11266,.F.);
#11297 = ( GEOMETRIC_REPRESENTATION_CONTEXT(3) 
GLOBAL_UNCERTAINTY_ASSIGNED_CONTEXT((#11301)) 
GLOBAL_UNIT_ASSIGNED_CONTEXT((#11298,#11299,#11300)) 
REPRESENTATION_CONTEXT('Context #1',
  '3D Context with UNIT and UNCERTAINTY') );
#11298 = ( LENGTH_UNIT() NAMED_UNIT(*) SI_UNIT(.MILLI.,.METRE.) );
#11299 = ( NAMED_UNIT(*) PLANE_ANGLE_UNIT() SI_UNIT($,.RADIAN.) );
#11300 = ( NAMED_UNIT(*) SI_UNIT($,.STERADIAN.) SOLID_ANGLE_UNIT() );
#11301 = UNCERTAINTY_MEASURE_WITH_UNIT(LENGTH_MEASURE(1.E-07),#11298,
  'distance_accuracy_value','confusion accuracy');
#11302 = CONTEXT_DEPENDENT_SHAPE_REPRESENTATION(#11303,#11305);
#11303 = ( REPRESENTATION_RELATIONSHIP('','',#11108,#10) 
REPRESENTATION_RELATIONSHIP_WITH_TRANSFORMATION(#11304) 
SHAPE_REPRESENTATION_RELATIONSHIP() );
#11304 = ITEM_DEFINED_TRANSFORMATION('','',#11,#47);
#11305 = PRODUCT_DEFINITION_SHAPE('Placement','Placement of an item',
  #11306);
#11306 = NEXT_ASSEMBLY_USAGE_OCCURRENCE('9','cap_screw_1_0','',#5,#11103
  ,$);
#11307 = PRODUCT_RELATED_PRODUCT_CATEGORY('part',$,(#11105));
#11308 = SHAPE_DEFINITION_REPRESENTATION(#11309,#11315);
#11309 = PRODUCT_DEFINITION_SHAPE('','',#11310);
#11310 = PRODUCT_DEFINITION('design','',#11311,#11314);
#11311 = PRODUCT_DEFINITION_FORMATION('','',#11312);
#11312 = PRODUCT('cap_screw_1_1','cap_screw_1_1','',(#11313));
#11313 = PRODUCT_CONTEXT('',#2,'mechanical');
#11314 = PRODUCT_DEFINITION_CONTEXT('part definition',#2,'design');
#11315 = ADVANCED_BREP_SHAPE_REPRESENTATION('',(#11,#11316),#11504);
#11316 = MANIFOLD_SOLID_BREP('',#11317);
#11317 = CLOSED_SHELL('',(#11318,#11406,#11410,#11445,#11500));
#11318 = ADVANCED_FACE('',(#11319),#11332,.T.);
#11319 = FACE_BOUND('',#11320,.T.);
#11320 = EDGE_LOOP('',(#11321,#11355,#11378,#11405));
#11321 = ORIENTED_EDGE('',*,*,#11322,.F.);
#11322 = EDGE_CURVE('',#11323,#11323,#11325,.T.);
#11323 = VERTEX_POINT('',#11324);
#11324 = CARTESIAN_POINT('',(20.8,290.,120.));
#11325 = SURFACE_CURVE('',#11326,(#11331,#11343),.PCURVE_S1.);
#11326 = CIRCLE('',#11327,2.8);
#11327 = AXIS2_PLACEMENT_3D('',#11328,#11329,#11330);
#11328 = CARTESIAN_POINT('',(18.,290.,120.));
#11329 = DIRECTION('',(0.,0.,1.));
#11330 = DIRECTION('',(1.,0.,-0.));
#11331 = PCURVE('',#11332,#11337);
#11332 = CYLINDRICAL_SURFACE('',#11333,2.8);
#11333 = AXIS2_PLACEMENT_3D('',#11334,#11335,#11336);
#11334 = CARTESIAN_POINT('',(18.,290.,117.));
#11335 = DIRECTION('',(0.,0.,1.));
#11336 = DIRECTION('',(1.,0.,-0.));
#11337 = DEFINITIONAL_REPRESENTATION('',(#11338),#11342);
#11338 = LINE('',#11339,#11340);
#11339 = CARTESIAN_POINT('',(0.,3.));
#11340 = VECTOR('',#11341,1.);
#11341 = DIRECTION('',(1.,0.));
#11342 = ( GEOMETRIC_REPRESENTATION_CONTEXT(2) 
PARAMETRIC_REPRESENTATION_CONTEXT() REPRESENTATION_CONTEXT('2D SPACE',''
  ) );
#11343 = PCURVE('',#11344,#11349);
#11344 = PLANE('',#11345);
#11345 = AXIS2_PLACEMENT_3D('',#11346,#11347,#11348);
#11346 = CARTESIAN_POINT('',(18.,290.,120.));
#11347 = DIRECTION('',(0.,0.,1.));
#11348 = DIRECTION('',(1.,0.,-0.));
#11349 = DEFINITIONAL_REPRESENTATION('',(#11350),#11354);
#11350 = CIRCLE('',#11351,2.8);
#11351 = AXIS2_PLACEMENT_2D('',#11352,#11353);
#11352 = CARTESIAN_POINT('',(0.,0.));
#11353 = DIRECTION('',(1.,0.));
#11354 = ( GEOMETRIC_REPRESENTATION_CONTEXT(2) 
PARAMETRIC_REPRESENTATION_CONTEXT() REPRESENTATION_CONTEXT('2D SPACE',''
  ) );
#11355 = ORIENTED_EDGE('',*,*,#11356,.F.);
#11356 = EDGE_CURVE('',#11357,#11323,#11359,.T.);
#11357 = VERTEX_POINT('',#11358);
#11358 = CARTESIAN_POINT('',(20.8,290.,117.));
#11359 = SEAM_CURVE('',#11360,(#11364,#11371),.PCURVE_S1.);
#11360 = LINE('',#11361,#11362);
#11361 = CARTESIAN_POINT('',(20.8,290.,117.));
#11362 = VECTOR('',#11363,1.);
#11363 = DIRECTION('',(0.,0.,1.));
#11364 = PCURVE('',#11332,#11365);
#11365 = DEFINITIONAL_REPRESENTATION('',(#11366),#11370);
#11366 = LINE('',#11367,#11368);
#11367 = CARTESIAN_POINT('',(6.28318530718,-0.));
#11368 = VECTOR('',#11369,1.);
#11369 = DIRECTION('',(0.,1.));
#11370 = ( GEOMETRIC_REPRESENTATION_CONTEXT(2) 
PARAMETRIC_REPRESENTATION_CONTEXT() REPRESENTATION_CONTEXT('2D SPACE',''
  ) );
#11371 = PCURVE('',#11332,#11372);
#11372 = DEFINITIONAL_REPRESENTATION('',(#11373),#11377);
#11373 = LINE('',#11374,#11375);
#11374 = CARTESIAN_POINT('',(0.,-0.));
#11375 = VECTOR('',#11376,1.);
#11376 = DIRECTION('',(0.,1.));
#11377 = ( GEOMETRIC_REPRESENTATION_CONTEXT(2) 
PARAMETRIC_REPRESENTATION_CONTEXT() REPRESENTATION_CONTEXT('2D SPACE',''
  ) );
#11378 = ORIENTED_EDGE('',*,*,#11379,.T.);
#11379 = EDGE_CURVE('',#11357,#11357,#11380,.T.);
#11380 = SURFACE_CURVE('',#11381,(#11386,#11393),.PCURVE_S1.);
#11381 = CIRCLE('',#11382,2.8);
#11382 = AXIS2_PLACEMENT_3D('',#11383,#11384,#11385);
#11383 = CARTESIAN_POINT('',(18.,290.,117.));
#11384 = DIRECTION('',(0.,0.,1.));
#11385 = DIRECTION('',(1.,0.,-0.));
#11386 = PCURVE('',#11332,#11387);
#11387 = DEFINITIONAL_REPRESENTATION('',(#11388),#11392);
#11388 = LINE('',#11389,#11390);
#11389 = CARTESIAN_POINT('',(0.,0.));
#11390 = VECTOR('',#11391,1.);
#11391 = DIRECTION('',(1.,0.));
#11392 = ( GEOMETRIC_REPRESENTATION_CONTEXT(2) 
PARAMETRIC_REPRESENTATION_CONTEXT() REPRESENTATION_CONTEXT('2D SPACE',''
  ) );
#11393 = PCURVE('',#11394,#11399);
#11394 = PLANE('',#11395);
#11395 = AXIS2_PLACEMENT_3D('',#11396,#11397,#11398);
#11396 = CARTESIAN_POINT('',(18.,290.,117.));
#11397 = DIRECTION('',(0.,0.,1.));
#11398 = DIRECTION('',(1.,0.,-0.));
#11399 = DEFINITIONAL_REPRESENTATION('',(#11400),#11404);
#11400 = CIRCLE('',#11401,2.8);
#11401 = AXIS2_PLACEMENT_2D('',#11402,#11403);
#11402 = CARTESIAN_POINT('',(0.,0.));
#11403 = DIRECTION('',(1.,0.));
#11404 = ( GEOMETRIC_REPRESENTATION_CONTEXT(2) 
PARAMETRIC_REPRESENTATION_CONTEXT() REPRESENTATION_CONTEXT('2D SPACE',''
  ) );
#11405 = ORIENTED_EDGE('',*,*,#11356,.T.);
#11406 = ADVANCED_FACE('',(#11407),#11344,.T.);
#11407 = FACE_BOUND('',#11408,.T.);
#11408 = EDGE_LOOP('',(#11409));
#11409 = ORIENTED_EDGE('',*,*,#11322,.T.);
#11410 = ADVANCED_FACE('',(#11411,#11414),#11394,.F.);
#11411 = FACE_BOUND('',#11412,.F.);
#11412 = EDGE_LOOP('',(#11413));
#11413 = ORIENTED_EDGE('',*,*,#11379,.T.);
#11414 = FACE_BOUND('',#11415,.F.);
#11415 = EDGE_LOOP('',(#11416));
#11416 = ORIENTED_EDGE('',*,*,#11417,.F.);
#11417 = EDGE_CURVE('',#11418,#11418,#11420,.T.);
#11418 = VERTEX_POINT('',#11419);
#11419 = CARTESIAN_POINT('',(19.5,290.,117.));
#11420 = SURFACE_CURVE('',#11421,(#11426,#11433),.PCURVE_S1.);
#11421 = CIRCLE('',#11422,1.5);
#11422 = AXIS2_PLACEMENT_3D('',#11423,#11424,#11425);
#11423 = CARTESIAN_POINT('',(18.,290.,117.));
#11424 = DIRECTION('',(0.,0.,1.));
#11425 = DIRECTION('',(1.,0.,-0.));
#11426 = PCURVE('',#11394,#11427);
#11427 = DEFINITIONAL_REPRESENTATION('',(#11428),#11432);
#11428 = CIRCLE('',#11429,1.5);
#11429 = AXIS2_PLACEMENT_2D('',#11430,#11431);
#11430 = CARTESIAN_POINT('',(0.,0.));
#11431 = DIRECTION('',(1.,0.));
#11432 = ( GEOMETRIC_REPRESENTATION_CONTEXT(2) 
PARAMETRIC_REPRESENTATION_CONTEXT() REPRESENTATION_CONTEXT('2D SPACE',''
  ) );
#11433 = PCURVE('',#11434,#11439);
#11434 = CYLINDRICAL_SURFACE('',#11435,1.5);
#11435 = AXIS2_PLACEMENT_3D('',#11436,#11437,#11438);
#11436 = CARTESIAN_POINT('',(18.,290.,82.));
#11437 = DIRECTION('',(0.,0.,1.));
#11438 = DIRECTION('',(1.,0.,-0.));
#11439 = DEFINITIONAL_REPRESENTATION('',(#11440),#11444);
#11440 = LINE('',#11441,#11442);
#11441 = CARTESIAN_POINT('',(0.,35.));
#11442 = VECTOR('',#11443,1.);
#11443 = DIRECTION('',(1.,0.));
#11444 = ( GEOMETRIC_REPRESENTATION_CONTEXT(2) 
PARAMETRIC_REPRESENTATION_CONTEXT() REPRESENTATION_CONTEXT('2D SPACE',''
  ) );
#11445 = ADVANCED_FACE('',(#11446),#11434,.T.);
#11446 = FACE_BOUND('',#11447,.T.);
#11447 = EDGE_LOOP('',(#11448,#11449,#11472,#11499));
#11448 = ORIENTED_EDGE('',*,*,#11417,.F.);
#11449 = ORIENTED_EDGE('',*,*,#11450,.F.);
#11450 = EDGE_CURVE('',#11451,#11418,#11453,.T.);
#11451 = VERTEX_POINT('',#11452);
#11452 = CARTESIAN_POINT('',(19.5,290.,82.));
#11453 = SEAM_CURVE('',#11454,(#11458,#11465),.PCURVE_S1.);
#11454 = LINE('',#11455,#11456);
#11455 = CARTESIAN_POINT('',(19.5,290.,82.));
#11456 = VECTOR('',#11457,1.);
#11457 = DIRECTION('',(0.,0.,1.));
#11458 = PCURVE('',#11434,#11459);
#11459 = DEFINITIONAL_REPRESENTATION('',(#11460),#11464);
#11460 = LINE('',#11461,#11462);
#11461 = CARTESIAN_POINT('',(6.28318530718,-0.));
#11462 = VECTOR('',#11463,1.);
#11463 = DIRECTION('',(0.,1.));
#11464 = ( GEOMETRIC_REPRESENTATION_CONTEXT(2) 
PARAMETRIC_REPRESENTATION_CONTEXT() REPRESENTATION_CONTEXT('2D SPACE',''
  ) );
#11465 = PCURVE('',#11434,#11466);
#11466 = DEFINITIONAL_REPRESENTATION('',(#11467),#11471);
#11467 = LINE('',#11468,#11469);
#11468 = CARTESIAN_POINT('',(0.,-0.));
#11469 = VECTOR('',#11470,1.);
#11470 = DIRECTION('',(0.,1.));
#11471 = ( GEOMETRIC_REPRESENTATION_CONTEXT(2) 
PARAMETRIC_REPRESENTATION_CONTEXT() REPRESENTATION_CONTEXT('2D SPACE',''
  ) );
#11472 = ORIENTED_EDGE('',*,*,#11473,.T.);
#11473 = EDGE_CURVE('',#11451,#11451,#11474,.T.);
#11474 = SURFACE_CURVE('',#11475,(#11480,#11487),.PCURVE_S1.);
#11475 = CIRCLE('',#11476,1.5);
#11476 = AXIS2_PLACEMENT_3D('',#11477,#11478,#11479);
#11477 = CARTESIAN_POINT('',(18.,290.,82.));
#11478 = DIRECTION('',(0.,0.,1.));
#11479 = DIRECTION('',(1.,0.,-0.));
#11480 = PCURVE('',#11434,#11481);
#11481 = DEFINITIONAL_REPRESENTATION('',(#11482),#11486);
#11482 = LINE('',#11483,#11484);
#11483 = CARTESIAN_POINT('',(0.,0.));
#11484 = VECTOR('',#11485,1.);
#11485 = DIRECTION('',(1.,0.));
#11486 = ( GEOMETRIC_REPRESENTATION_CONTEXT(2) 
PARAMETRIC_REPRESENTATION_CONTEXT() REPRESENTATION_CONTEXT('2D SPACE',''
  ) );
#11487 = PCURVE('',#11488,#11493);
#11488 = PLANE('',#11489);
#11489 = AXIS2_PLACEMENT_3D('',#11490,#11491,#11492);
#11490 = CARTESIAN_POINT('',(18.,290.,82.));
#11491 = DIRECTION('',(0.,0.,1.));
#11492 = DIRECTION('',(1.,0.,-0.));
#11493 = DEFINITIONAL_REPRESENTATION('',(#11494),#11498);
#11494 = CIRCLE('',#11495,1.5);
#11495 = AXIS2_PLACEMENT_2D('',#11496,#11497);
#11496 = CARTESIAN_POINT('',(0.,0.));
#11497 = DIRECTION('',(1.,0.));
#11498 = ( GEOMETRIC_REPRESENTATION_CONTEXT(2) 
PARAMETRIC_REPRESENTATION_CONTEXT() REPRESENTATION_CONTEXT('2D SPACE',''
  ) );
#11499 = ORIENTED_EDGE('',*,*,#11450,.T.);
#11500 = ADVANCED_FACE('',(#11501),#11488,.F.);
#11501 = FACE_BOUND('',#11502,.T.);
#11502 = EDGE_LOOP('',(#11503));
#11503 = ORIENTED_EDGE('',*,*,#11473,.F.);
#11504 = ( GEOMETRIC_REPRESENTATION_CONTEXT(3) 
GLOBAL_UNCERTAINTY_ASSIGNED_CONTEXT((#11508)) 
GLOBAL_UNIT_ASSIGNED_CONTEXT((#11505,#11506,#11507)) 
REPRESENTATION_CONTEXT('Context #1',
  '3D Context with UNIT and UNCERTAINTY') );
#11505 = ( LENGTH_UNIT() NAMED_UNIT(*) SI_UNIT(.MILLI.,.METRE.) );
#11506 = ( NAMED_UNIT(*) PLANE_ANGLE_UNIT() SI_UNIT($,.RADIAN.) );
#11507 = ( NAMED_UNIT(*) SI_UNIT($,.STERADIAN.) SOLID_ANGLE_UNIT() );
#11508 = UNCERTAINTY_MEASURE_WITH_UNIT(LENGTH_MEASURE(1.E-07),#11505,
  'distance_accuracy_value','confusion accuracy');
#11509 = CONTEXT_DEPENDENT_SHAPE_REPRESENTATION(#11510,#11512);
#11510 = ( REPRESENTATION_RELATIONSHIP('','',#11315,#10) 
REPRESENTATION_RELATIONSHIP_WITH_TRANSFORMATION(#11511) 
SHAPE_REPRESENTATION_RELATIONSHIP() );
#11511 = ITEM_DEFINED_TRANSFORMATION('','',#11,#51);
#11512 = PRODUCT_DEFINITION_SHAPE('Placement','Placement of an item',
  #11513);
#11513 = NEXT_ASSEMBLY_USAGE_OCCURRENCE('10','cap_screw_1_1','',#5,
  #11310,$);
#11514 = PRODUCT_RELATED_PRODUCT_CATEGORY('part',$,(#11312));
#11515 = SHAPE_DEFINITION_REPRESENTATION(#11516,#11522);
#11516 = PRODUCT_DEFINITION_SHAPE('','',#11517);
#11517 = PRODUCT_DEFINITION('design','',#11518,#11521);
#11518 = PRODUCT_DEFINITION_FORMATION('','',#11519);
#11519 = PRODUCT('M8_threaded_rod_400mm','M8_threaded_rod_400mm','',(
    #11520));
#11520 = PRODUCT_CONTEXT('',#2,'mechanical');
#11521 = PRODUCT_DEFINITION_CONTEXT('part definition',#2,'design');
#11522 = ADVANCED_BREP_SHAPE_REPRESENTATION('',(#11,#11523),#11621);
#11523 = MANIFOLD_SOLID_BREP('',#11524);
#11524 = CLOSED_SHELL('',(#11525,#11613,#11617));
#11525 = ADVANCED_FACE('',(#11526),#11539,.T.);
#11526 = FACE_BOUND('',#11527,.T.);
#11527 = EDGE_LOOP('',(#11528,#11562,#11585,#11612));
#11528 = ORIENTED_EDGE('',*,*,#11529,.F.);
#11529 = EDGE_CURVE('',#11530,#11530,#11532,.T.);
#11530 = VERTEX_POINT('',#11531);
#11531 = CARTESIAN_POINT('',(-9.797174393179E-16,350.,104.));
#11532 = SURFACE_CURVE('',#11533,(#11538,#11550),.PCURVE_S1.);
#11533 = CIRCLE('',#11534,4.);
#11534 = AXIS2_PLACEMENT_3D('',#11535,#11536,#11537);
#11535 = CARTESIAN_POINT('',(0.,350.,100.));
#11536 = DIRECTION('',(0.,1.,0.));
#11537 = DIRECTION('',(0.,-0.,1.));
#11538 = PCURVE('',#11539,#11544);
#11539 = CYLINDRICAL_SURFACE('',#11540,4.);
#11540 = AXIS2_PLACEMENT_3D('',#11541,#11542,#11543);
#11541 = CARTESIAN_POINT('',(0.,-50.,100.));
#11542 = DIRECTION('',(0.,1.,0.));
#11543 = DIRECTION('',(0.,-0.,1.));
#11544 = DEFINITIONAL_REPRESENTATION('',(#11545),#11549);
#11545 = LINE('',#11546,#11547);
#11546 = CARTESIAN_POINT('',(0.,400.));
#11547 = VECTOR('',#11548,1.);
#11548 = DIRECTION('',(1.,0.));
#11549 = ( GEOMETRIC_REPRESENTATION_CONTEXT(2) 
PARAMETRIC_REPRESENTATION_CONTEXT() REPRESENTATION_CONTEXT('2D SPACE',''
  ) );
#11550 = PCURVE('',#11551,#11556);
#11551 = PLANE('',#11552);
#11552 = AXIS2_PLACEMENT_3D('',#11553,#11554,#11555);
#11553 = CARTESIAN_POINT('',(0.,350.,100.));
#11554 = DIRECTION('',(0.,1.,0.));
#11555 = DIRECTION('',(0.,-0.,1.));
#11556 = DEFINITIONAL_REPRESENTATION('',(#11557),#11561);
#11557 = CIRCLE('',#11558,4.);
#11558 = AXIS2_PLACEMENT_2D('',#11559,#11560);
#11559 = CARTESIAN_POINT('',(0.,0.));
#11560 = DIRECTION('',(1.,0.));
#11561 = ( GEOMETRIC_REPRESENTATION_CONTEXT(2) 
PARAMETRIC_REPRESENTATION_CONTEXT() REPRESENTATION_CONTEXT('2D SPACE',''
  ) );
#11562 = ORIENTED_EDGE('',*,*,#11563,.F.);
#11563 = EDGE_CURVE('',#11564,#11530,#11566,.T.);
#11564 = VERTEX_POINT('',#11565);
#11565 = CARTESIAN_POINT('',(-9.797174393179E-16,-50.,104.));
#11566 = SEAM_CURVE('',#11567,(#11571,#11578),.PCURVE_S1.);
#11567 = LINE('',#11568,#11569);
#11568 = CARTESIAN_POINT('',(-9.797174393179E-16,-50.,104.));
#11569 = VECTOR('',#11570,1.);
#11570 = DIRECTION('',(0.,1.,0.));
#11571 = PCURVE('',#11539,#11572);
#11572 = DEFINITIONAL_REPRESENTATION('',(#11573),#11577);
#11573 = LINE('',#11574,#11575);
#11574 = CARTESIAN_POINT('',(6.28318530718,-0.));
#11575 = VECTOR('',#11576,1.);
#11576 = DIRECTION('',(0.,1.));
#11577 = ( GEOMETRIC_REPRESENTATION_CONTEXT(2) 
PARAMETRIC_REPRESENTATION_CONTEXT() REPRESENTATION_CONTEXT('2D SPACE',''
  ) );
#11578 = PCURVE('',#11539,#11579);
#11579 = DEFINITIONAL_REPRESENTATION('',(#11580),#11584);
#11580 = LINE('',#11581,#11582);
#11581 = CARTESIAN_POINT('',(0.,-0.));
#11582 = VECTOR('',#11583,1.);
#11583 = DIRECTION('',(0.,1.));
#11584 = ( GEOMETRIC_REPRESENTATION_CONTEXT(2) 
PARAMETRIC_REPRESENTATION_CONTEXT() REPRESENTATION_CONTEXT('2D SPACE',''
  ) );
#11585 = ORIENTED_EDGE('',*,*,#11586,.T.);
#11586 = EDGE_CURVE('',#11564,#11564,#11587,.T.);
#11587 = SURFACE_CURVE('',#11588,(#11593,#11600),.PCURVE_S1.);
#11588 = CIRCLE('',#11589,4.);
#11589 = AXIS2_PLACEMENT_3D('',#11590,#11591,#11592);
#11590 = CARTESIAN_POINT('',(0.,-50.,100.));
#11591 = DIRECTION('',(0.,1.,0.));
#11592 = DIRECTION('',(0.,-0.,1.));
#11593 = PCURVE('',#11539,#11594);
#11594 = DEFINITIONAL_REPRESENTATION('',(#11595),#11599);
#11595 = LINE('',#11596,#11597);
#11596 = CARTESIAN_POINT('',(0.,0.));
#11597 = VECTOR('',#11598,1.);
#11598 = DIRECTION('',(1.,0.));
#11599 = ( GEOMETRIC_REPRESENTATION_CONTEXT(2) 
PARAMETRIC_REPRESENTATION_CONTEXT() REPRESENTATION_CONTEXT('2D SPACE',''
  ) );
#11600 = PCURVE('',#11601,#11606);
#11601 = PLANE('',#11602);
#11602 = AXIS2_PLACEMENT_3D('',#11603,#11604,#11605);
#11603 = CARTESIAN_POINT('',(0.,-50.,100.));
#11604 = DIRECTION('',(0.,1.,0.));
#11605 = DIRECTION('',(0.,-0.,1.));
#11606 = DEFINITIONAL_REPRESENTATION('',(#11607),#11611);
#11607 = CIRCLE('',#11608,4.);
#11608 = AXIS2_PLACEMENT_2D('',#11609,#11610);
#11609 = CARTESIAN_POINT('',(0.,0.));
#11610 = DIRECTION('',(1.,0.));
#11611 = ( GEOMETRIC_REPRESENTATION_CONTEXT(2) 
PARAMETRIC_REPRESENTATION_CONTEXT() REPRESENTATION_CONTEXT('2D SPACE',''
  ) );
#11612 = ORIENTED_EDGE('',*,*,#11563,.T.);
#11613 = ADVANCED_FACE('',(#11614),#11551,.T.);
#11614 = FACE_BOUND('',#11615,.T.);
#11615 = EDGE_LOOP('',(#11616));
#11616 = ORIENTED_EDGE('',*,*,#11529,.T.);
#11617 = ADVANCED_FACE('',(#11618),#11601,.F.);
#11618 = FACE_BOUND('',#11619,.T.);
#11619 = EDGE_LOOP('',(#11620));
#11620 = ORIENTED_EDGE('',*,*,#11586,.F.);
#11621 = ( GEOMETRIC_REPRESENTATION_CONTEXT(3) 
GLOBAL_UNCERTAINTY_ASSIGNED_CONTEXT((#11625)) 
GLOBAL_UNIT_ASSIGNED_CONTEXT((#11622,#11623,#11624)) 
REPRESENTATION_CONTEXT('Context #1',
  '3D Context with UNIT and UNCERTAINTY') );
#11622 = ( LENGTH_UNIT() NAMED_UNIT(*) SI_UNIT(.MILLI.,.METRE.) );
#11623 = ( NAMED_UNIT(*) PLANE_ANGLE_UNIT() SI_UNIT($,.RADIAN.) );
#11624 = ( NAMED_UNIT(*) SI_UNIT($,.STERADIAN.) SOLID_ANGLE_UNIT() );
#11625 = UNCERTAINTY_MEASURE_WITH_UNIT(LENGTH_MEASURE(1.E-07),#11622,
  'distance_accuracy_value','confusion accuracy');
#11626 = CONTEXT_DEPENDENT_SHAPE_REPRESENTATION(#11627,#11629);
#11627 = ( REPRESENTATION_RELATIONSHIP('','',#11522,#10) 
REPRESENTATION_RELATIONSHIP_WITH_TRANSFORMATION(#11628) 
SHAPE_REPRESENTATION_RELATIONSHIP() );
#11628 = ITEM_DEFINED_TRANSFORMATION('','',#11,#55);
#11629 = PRODUCT_DEFINITION_SHAPE('Placement','Placement of an item',
  #11630);
#11630 = NEXT_ASSEMBLY_USAGE_OCCURRENCE('11','M8_threaded_rod_400mm','',
  #5,#11517,$);
#11631 = PRODUCT_RELATED_PRODUCT_CATEGORY('part',$,(#11519));
#11632 = SHAPE_DEFINITION_REPRESENTATION(#11633,#11639);
#11633 = PRODUCT_DEFINITION_SHAPE('','',#11634);
#11634 = PRODUCT_DEFINITION('design','',#11635,#11638);
#11635 = PRODUCT_DEFINITION_FORMATION('','',#11636);
#11636 = PRODUCT('chuck_1','chuck_1','',(#11637));
#11637 = PRODUCT_CONTEXT('',#2,'mechanical');
#11638 = PRODUCT_DEFINITION_CONTEXT('part definition',#2,'design');
#11639 = ADVANCED_BREP_SHAPE_REPRESENTATION('',(#11,#11640),#12390);
#11640 = MANIFOLD_SOLID_BREP('',#11641);
#11641 = CLOSED_SHELL('',(#11642,#11730,#11765,#11800,#11855,#11910,
    #12084,#12228,#12275,#12302,#12329,#12356,#12383));
#11642 = ADVANCED_FACE('',(#11643),#11656,.T.);
#11643 = FACE_BOUND('',#11644,.T.);
#11644 = EDGE_LOOP('',(#11645,#11679,#11702,#11729));
#11645 = ORIENTED_EDGE('',*,*,#11646,.F.);
#11646 = EDGE_CURVE('',#11647,#11647,#11649,.T.);
#11647 = VERTEX_POINT('',#11648);
#11648 = CARTESIAN_POINT('',(36.,48.766666666667,100.));
#11649 = SURFACE_CURVE('',#11650,(#11655,#11667),.PCURVE_S1.);
#11650 = CIRCLE('',#11651,36.);
#11651 = AXIS2_PLACEMENT_3D('',#11652,#11653,#11654);
#11652 = CARTESIAN_POINT('',(0.,48.766666666667,100.));
#11653 = DIRECTION('',(-0.,1.,1.110223024625E-16));
#11654 = DIRECTION('',(1.,0.,0.));
#11655 = PCURVE('',#11656,#11661);
#11656 = CYLINDRICAL_SURFACE('',#11657,36.);
#11657 = AXIS2_PLACEMENT_3D('',#11658,#11659,#11660);
#11658 = CARTESIAN_POINT('',(0.,42.766666666667,100.));
#11659 = DIRECTION('',(0.,1.,1.110223024625E-16));
#11660 = DIRECTION('',(1.,0.,0.));
#11661 = DEFINITIONAL_REPRESENTATION('',(#11662),#11666);
#11662 = LINE('',#11663,#11664);
#11663 = CARTESIAN_POINT('',(0.,6.));
#11664 = VECTOR('',#11665,1.);
#11665 = DIRECTION('',(1.,0.));
#11666 = ( GEOMETRIC_REPRESENTATION_CONTEXT(2) 
PARAMETRIC_REPRESENTATION_CONTEXT() REPRESENTATION_CONTEXT('2D SPACE',''
  ) );
#11667 = PCURVE('',#11668,#11673);
#11668 = PLANE('',#11669);
#11669 = AXIS2_PLACEMENT_3D('',#11670,#11671,#11672);
#11670 = CARTESIAN_POINT('',(0.,48.766666666667,100.));
#11671 = DIRECTION('',(0.,1.,1.110223024625E-16));
#11672 = DIRECTION('',(1.,0.,0.));
#11673 = DEFINITIONAL_REPRESENTATION('',(#11674),#11678);
#11674 = CIRCLE('',#11675,36.);
#11675 = AXIS2_PLACEMENT_2D('',#11676,#11677);
#11676 = CARTESIAN_POINT('',(0.,0.));
#11677 = DIRECTION('',(1.,0.));
#11678 = ( GEOMETRIC_REPRESENTATION_CONTEXT(2) 
PARAMETRIC_REPRESENTATION_CONTEXT() REPRESENTATION_CONTEXT('2D SPACE',''
  ) );
#11679 = ORIENTED_EDGE('',*,*,#11680,.F.);
#11680 = EDGE_CURVE('',#11681,#11647,#11683,.T.);
#11681 = VERTEX_POINT('',#11682);
#11682 = CARTESIAN_POINT('',(36.,42.766666666667,100.));
#11683 = SEAM_CURVE('',#11684,(#11688,#11695),.PCURVE_S1.);
#11684 = LINE('',#11685,#11686);
#11685 = CARTESIAN_POINT('',(36.,42.766666666667,100.));
#11686 = VECTOR('',#11687,1.);
#11687 = DIRECTION('',(0.,1.,1.110223024625E-16));
#11688 = PCURVE('',#11656,#11689);
#11689 = DEFINITIONAL_REPRESENTATION('',(#11690),#11694);
#11690 = LINE('',#11691,#11692);
#11691 = CARTESIAN_POINT('',(6.28318530718,-0.));
#11692 = VECTOR('',#11693,1.);
#11693 = DIRECTION('',(0.,1.));
#11694 = ( GEOMETRIC_REPRESENTATION_CONTEXT(2) 
PARAMETRIC_REPRESENTATION_CONTEXT() REPRESENTATION_CONTEXT('2D SPACE',''
  ) );
#11695 = PCURVE('',#11656,#11696);
#11696 = DEFINITIONAL_REPRESENTATION('',(#11697),#11701);
#11697 = LINE('',#11698,#11699);
#11698 = CARTESIAN_POINT('',(0.,-0.));
#11699 = VECTOR('',#11700,1.);
#11700 = DIRECTION('',(0.,1.));
#11701 = ( GEOMETRIC_REPRESENTATION_CONTEXT(2) 
PARAMETRIC_REPRESENTATION_CONTEXT() REPRESENTATION_CONTEXT('2D SPACE',''
  ) );
#11702 = ORIENTED_EDGE('',*,*,#11703,.T.);
#11703 = EDGE_CURVE('',#11681,#11681,#11704,.T.);
#11704 = SURFACE_CURVE('',#11705,(#11710,#11717),.PCURVE_S1.);
#11705 = CIRCLE('',#11706,36.);
#11706 = AXIS2_PLACEMENT_3D('',#11707,#11708,#11709);
#11707 = CARTESIAN_POINT('',(0.,42.766666666667,100.));
#11708 = DIRECTION('',(-0.,1.,1.110223024625E-16));
#11709 = DIRECTION('',(1.,0.,0.));
#11710 = PCURVE('',#11656,#11711);
#11711 = DEFINITIONAL_REPRESENTATION('',(#11712),#11716);
#11712 = LINE('',#11713,#11714);
#11713 = CARTESIAN_POINT('',(0.,0.));
#11714 = VECTOR('',#11715,1.);
#11715 = DIRECTION('',(1.,0.));
#11716 = ( GEOMETRIC_REPRESENTATION_CONTEXT(2) 
PARAMETRIC_REPRESENTATION_CONTEXT() REPRESENTATION_CONTEXT('2D SPACE',''
  ) );
#11717 = PCURVE('',#11718,#11723);
#11718 = PLANE('',#11719);
#11719 = AXIS2_PLACEMENT_3D('',#11720,#11721,#11722);
#11720 = CARTESIAN_POINT('',(0.,42.766666666667,100.));
#11721 = DIRECTION('',(0.,1.,1.110223024625E-16));
#11722 = DIRECTION('',(1.,0.,0.));
#11723 = DEFINITIONAL_REPRESENTATION('',(#11724),#11728);
#11724 = CIRCLE('',#11725,36.);
#11725 = AXIS2_PLACEMENT_2D('',#11726,#11727);
#11726 = CARTESIAN_POINT('',(0.,0.));
#11727 = DIRECTION('',(1.,0.));
#11728 = ( GEOMETRIC_REPRESENTATION_CONTEXT(2) 
PARAMETRIC_REPRESENTATION_CONTEXT() REPRESENTATION_CONTEXT('2D SPACE',''
  ) );
#11729 = ORIENTED_EDGE('',*,*,#11680,.T.);
#11730 = ADVANCED_FACE('',(#11731,#11734),#11668,.T.);
#11731 = FACE_BOUND('',#11732,.T.);
#11732 = EDGE_LOOP('',(#11733));
#11733 = ORIENTED_EDGE('',*,*,#11646,.T.);
#11734 = FACE_BOUND('',#11735,.T.);
#11735 = EDGE_LOOP('',(#11736));
#11736 = ORIENTED_EDGE('',*,*,#11737,.F.);
#11737 = EDGE_CURVE('',#11738,#11738,#11740,.T.);
#11738 = VERTEX_POINT('',#11739);
#11739 = CARTESIAN_POINT('',(31.,48.766666666667,100.));
#11740 = SURFACE_CURVE('',#11741,(#11746,#11753),.PCURVE_S1.);
#11741 = CIRCLE('',#11742,31.);
#11742 = AXIS2_PLACEMENT_3D('',#11743,#11744,#11745);
#11743 = CARTESIAN_POINT('',(0.,48.766666666667,100.));
#11744 = DIRECTION('',(-0.,1.,1.110223024625E-16));
#11745 = DIRECTION('',(1.,0.,0.));
#11746 = PCURVE('',#11668,#11747);
#11747 = DEFINITIONAL_REPRESENTATION('',(#11748),#11752);
#11748 = CIRCLE('',#11749,31.);
#11749 = AXIS2_PLACEMENT_2D('',#11750,#11751);
#11750 = CARTESIAN_POINT('',(0.,0.));
#11751 = DIRECTION('',(1.,0.));
#11752 = ( GEOMETRIC_REPRESENTATION_CONTEXT(2) 
PARAMETRIC_REPRESENTATION_CONTEXT() REPRESENTATION_CONTEXT('2D SPACE',''
  ) );
#11753 = PCURVE('',#11754,#11759);
#11754 = CONICAL_SURFACE('',#11755,31.,0.388318718172);
#11755 = AXIS2_PLACEMENT_3D('',#11756,#11757,#11758);
#11756 = CARTESIAN_POINT('',(0.,48.766666666667,100.));
#11757 = DIRECTION('',(-0.,-1.,-1.110223024625E-16));
#11758 = DIRECTION('',(1.,0.,0.));
#11759 = DEFINITIONAL_REPRESENTATION('',(#11760),#11764);
#11760 = LINE('',#11761,#11762);
#11761 = CARTESIAN_POINT('',(-0.,-0.));
#11762 = VECTOR('',#11763,1.);
#11763 = DIRECTION('',(-1.,-0.));
#11764 = ( GEOMETRIC_REPRESENTATION_CONTEXT(2) 
PARAMETRIC_REPRESENTATION_CONTEXT() REPRESENTATION_CONTEXT('2D SPACE',''
  ) );
#11765 = ADVANCED_FACE('',(#11766,#11769),#11718,.F.);
#11766 = FACE_BOUND('',#11767,.F.);
#11767 = EDGE_LOOP('',(#11768));
#11768 = ORIENTED_EDGE('',*,*,#11703,.T.);
#11769 = FACE_BOUND('',#11770,.F.);
#11770 = EDGE_LOOP('',(#11771));
#11771 = ORIENTED_EDGE('',*,*,#11772,.F.);
#11772 = EDGE_CURVE('',#11773,#11773,#11775,.T.);
#11773 = VERTEX_POINT('',#11774);
#11774 = CARTESIAN_POINT('',(4.25,42.766666666667,100.));
#11775 = SURFACE_CURVE('',#11776,(#11781,#11788),.PCURVE_S1.);
#11776 = CIRCLE('',#11777,4.25);
#11777 = AXIS2_PLACEMENT_3D('',#11778,#11779,#11780);
#11778 = CARTESIAN_POINT('',(0.,42.766666666667,100.));
#11779 = DIRECTION('',(-0.,1.,1.110223024625E-16));
#11780 = DIRECTION('',(1.,0.,0.));
#11781 = PCURVE('',#11718,#11782);
#11782 = DEFINITIONAL_REPRESENTATION('',(#11783),#11787);
#11783 = CIRCLE('',#11784,4.25);
#11784 = AXIS2_PLACEMENT_2D('',#11785,#11786);
#11785 = CARTESIAN_POINT('',(0.,0.));
#11786 = DIRECTION('',(1.,0.));
#11787 = ( GEOMETRIC_REPRESENTATION_CONTEXT(2) 
PARAMETRIC_REPRESENTATION_CONTEXT() REPRESENTATION_CONTEXT('2D SPACE',''
  ) );
#11788 = PCURVE('',#11789,#11794);
#11789 = CYLINDRICAL_SURFACE('',#11790,4.25);
#11790 = AXIS2_PLACEMENT_3D('',#11791,#11792,#11793);
#11791 = CARTESIAN_POINT('',(0.,41.766666666667,100.));
#11792 = DIRECTION('',(0.,1.,1.110223024625E-16));
#11793 = DIRECTION('',(1.,0.,0.));
#11794 = DEFINITIONAL_REPRESENTATION('',(#11795),#11799);
#11795 = LINE('',#11796,#11797);
#11796 = CARTESIAN_POINT('',(0.,1.));
#11797 = VECTOR('',#11798,1.);
#11798 = DIRECTION('',(1.,0.));
#11799 = ( GEOMETRIC_REPRESENTATION_CONTEXT(2) 
PARAMETRIC_REPRESENTATION_CONTEXT() REPRESENTATION_CONTEXT('2D SPACE',''
  ) );
#11800 = ADVANCED_FACE('',(#11801),#11754,.T.);
#11801 = FACE_BOUND('',#11802,.T.);
#11802 = EDGE_LOOP('',(#11803,#11832,#11853,#11854));
#11803 = ORIENTED_EDGE('',*,*,#11804,.F.);
#11804 = EDGE_CURVE('',#11805,#11805,#11807,.T.);
#11805 = VERTEX_POINT('',#11806);
#11806 = CARTESIAN_POINT('',(22.,70.766666666667,100.));
#11807 = SURFACE_CURVE('',#11808,(#11813,#11820),.PCURVE_S1.);
#11808 = CIRCLE('',#11809,22.);
#11809 = AXIS2_PLACEMENT_3D('',#11810,#11811,#11812);
#11810 = CARTESIAN_POINT('',(0.,70.766666666667,100.));
#11811 = DIRECTION('',(-0.,1.,1.110223024625E-16));
#11812 = DIRECTION('',(1.,0.,0.));
#11813 = PCURVE('',#11754,#11814);
#11814 = DEFINITIONAL_REPRESENTATION('',(#11815),#11819);
#11815 = LINE('',#11816,#11817);
#11816 = CARTESIAN_POINT('',(-0.,-22.));
#11817 = VECTOR('',#11818,1.);
#11818 = DIRECTION('',(-1.,-0.));
#11819 = ( GEOMETRIC_REPRESENTATION_CONTEXT(2) 
PARAMETRIC_REPRESENTATION_CONTEXT() REPRESENTATION_CONTEXT('2D SPACE',''
  ) );
#11820 = PCURVE('',#11821,#11826);
#11821 = PLANE('',#11822);
#11822 = AXIS2_PLACEMENT_3D('',#11823,#11824,#11825);
#11823 = CARTESIAN_POINT('',(0.,70.766666666667,100.));
#11824 = DIRECTION('',(0.,1.,1.110223024625E-16));
#11825 = DIRECTION('',(1.,0.,0.));
#11826 = DEFINITIONAL_REPRESENTATION('',(#11827),#11831);
#11827 = CIRCLE('',#11828,22.);
#11828 = AXIS2_PLACEMENT_2D('',#11829,#11830);
#11829 = CARTESIAN_POINT('',(0.,0.));
#11830 = DIRECTION('',(1.,0.));
#11831 = ( GEOMETRIC_REPRESENTATION_CONTEXT(2) 
PARAMETRIC_REPRESENTATION_CONTEXT() REPRESENTATION_CONTEXT('2D SPACE',''
  ) );
#11832 = ORIENTED_EDGE('',*,*,#11833,.F.);
#11833 = EDGE_CURVE('',#11738,#11805,#11834,.T.);
#11834 = SEAM_CURVE('',#11835,(#11839,#11846),.PCURVE_S1.);
#11835 = LINE('',#11836,#11837);
#11836 = CARTESIAN_POINT('',(31.,48.766666666667,100.));
#11837 = VECTOR('',#11838,1.);
#11838 = DIRECTION('',(-0.378632845721,0.925546956206,1.001805360239E-17
    ));
#11839 = PCURVE('',#11754,#11840);
#11840 = DEFINITIONAL_REPRESENTATION('',(#11841),#11845);
#11841 = LINE('',#11842,#11843);
#11842 = CARTESIAN_POINT('',(-6.28318530718,0.));
#11843 = VECTOR('',#11844,1.);
#11844 = DIRECTION('',(-0.,-1.));
#11845 = ( GEOMETRIC_REPRESENTATION_CONTEXT(2) 
PARAMETRIC_REPRESENTATION_CONTEXT() REPRESENTATION_CONTEXT('2D SPACE',''
  ) );
#11846 = PCURVE('',#11754,#11847);
#11847 = DEFINITIONAL_REPRESENTATION('',(#11848),#11852);
#11848 = LINE('',#11849,#11850);
#11849 = CARTESIAN_POINT('',(0.,-0.));
#11850 = VECTOR('',#11851,1.);
#11851 = DIRECTION('',(-0.,-1.));
#11852 = ( GEOMETRIC_REPRESENTATION_CONTEXT(2) 
PARAMETRIC_REPRESENTATION_CONTEXT() REPRESENTATION_CONTEXT('2D SPACE',''
  ) );
#11853 = ORIENTED_EDGE('',*,*,#11737,.T.);
#11854 = ORIENTED_EDGE('',*,*,#11833,.T.);
#11855 = ADVANCED_FACE('',(#11856),#11789,.F.);
#11856 = FACE_BOUND('',#11857,.F.);
#11857 = EDGE_LOOP('',(#11858,#11887,#11908,#11909));
#11858 = ORIENTED_EDGE('',*,*,#11859,.F.);
#11859 = EDGE_CURVE('',#11860,#11860,#11862,.T.);
#11860 = VERTEX_POINT('',#11861);
#11861 = CARTESIAN_POINT('',(4.25,63.966666666667,100.));
#11862 = SURFACE_CURVE('',#11863,(#11868,#11875),.PCURVE_S1.);
#11863 = CIRCLE('',#11864,4.25);
#11864 = AXIS2_PLACEMENT_3D('',#11865,#11866,#11867);
#11865 = CARTESIAN_POINT('',(0.,63.966666666667,100.));
#11866 = DIRECTION('',(-0.,1.,1.110223024625E-16));
#11867 = DIRECTION('',(1.,0.,0.));
#11868 = PCURVE('',#11789,#11869);
#11869 = DEFINITIONAL_REPRESENTATION('',(#11870),#11874);
#11870 = LINE('',#11871,#11872);
#11871 = CARTESIAN_POINT('',(0.,22.2));
#11872 = VECTOR('',#11873,1.);
#11873 = DIRECTION('',(1.,0.));
#11874 = ( GEOMETRIC_REPRESENTATION_CONTEXT(2) 
PARAMETRIC_REPRESENTATION_CONTEXT() REPRESENTATION_CONTEXT('2D SPACE',''
  ) );
#11875 = PCURVE('',#11876,#11881);
#11876 = PLANE('',#11877);
#11877 = AXIS2_PLACEMENT_3D('',#11878,#11879,#11880);
#11878 = CARTESIAN_POINT('',(-4.592149698826E-16,63.966666666667,100.));
#11879 = DIRECTION('',(0.,1.,1.110223024625E-16));
#11880 = DIRECTION('',(1.,0.,0.));
#11881 = DEFINITIONAL_REPRESENTATION('',(#11882),#11886);
#11882 = CIRCLE('',#11883,4.25);
#11883 = AXIS2_PLACEMENT_2D('',#11884,#11885);
#11884 = CARTESIAN_POINT('',(4.592149698826E-16,0.));
#11885 = DIRECTION('',(1.,0.));
#11886 = ( GEOMETRIC_REPRESENTATION_CONTEXT(2) 
PARAMETRIC_REPRESENTATION_CONTEXT() REPRESENTATION_CONTEXT('2D SPACE',''
  ) );
#11887 = ORIENTED_EDGE('',*,*,#11888,.F.);
#11888 = EDGE_CURVE('',#11773,#11860,#11889,.T.);
#11889 = SEAM_CURVE('',#11890,(#11894,#11901),.PCURVE_S1.);
#11890 = LINE('',#11891,#11892);
#11891 = CARTESIAN_POINT('',(4.25,41.766666666667,100.));
#11892 = VECTOR('',#11893,1.);
#11893 = DIRECTION('',(0.,1.,1.110223024625E-16));
#11894 = PCURVE('',#11789,#11895);
#11895 = DEFINITIONAL_REPRESENTATION('',(#11896),#11900);
#11896 = LINE('',#11897,#11898);
#11897 = CARTESIAN_POINT('',(6.28318530718,-0.));
#11898 = VECTOR('',#11899,1.);
#11899 = DIRECTION('',(0.,1.));
#11900 = ( GEOMETRIC_REPRESENTATION_CONTEXT(2) 
PARAMETRIC_REPRESENTATION_CONTEXT() REPRESENTATION_CONTEXT('2D SPACE',''
  ) );
#11901 = PCURVE('',#11789,#11902);
#11902 = DEFINITIONAL_REPRESENTATION('',(#11903),#11907);
#11903 = LINE('',#11904,#11905);
#11904 = CARTESIAN_POINT('',(0.,-0.));
#11905 = VECTOR('',#11906,1.);
#11906 = DIRECTION('',(0.,1.));
#11907 = ( GEOMETRIC_REPRESENTATION_CONTEXT(2) 
PARAMETRIC_REPRESENTATION_CONTEXT() REPRESENTATION_CONTEXT('2D SPACE',''
  ) );
#11908 = ORIENTED_EDGE('',*,*,#11772,.T.);
#11909 = ORIENTED_EDGE('',*,*,#11888,.T.);
#11910 = ADVANCED_FACE('',(#11911,#11914),#11821,.T.);
#11911 = FACE_BOUND('',#11912,.T.);
#11912 = EDGE_LOOP('',(#11913));
#11913 = ORIENTED_EDGE('',*,*,#11804,.T.);
#11914 = FACE_BOUND('',#11915,.T.);
#11915 = EDGE_LOOP('',(#11916,#11946,#11974,#12002,#12030,#12058));
#11916 = ORIENTED_EDGE('',*,*,#11917,.T.);
#11917 = EDGE_CURVE('',#11918,#11920,#11922,.T.);
#11918 = VERTEX_POINT('',#11919);
#11919 = CARTESIAN_POINT('',(-3.86824680357,70.766666666667,93.3));
#11920 = VERTEX_POINT('',#11921);
#11921 = CARTESIAN_POINT('',(3.86824680357,70.766666666667,93.3));
#11922 = SURFACE_CURVE('',#11923,(#11927,#11934),.PCURVE_S1.);
#11923 = LINE('',#11924,#11925);
#11924 = CARTESIAN_POINT('',(1.934123401785,70.766666666667,93.3));
#11925 = VECTOR('',#11926,1.);
#11926 = DIRECTION('',(1.,-1.274577582041E-32,1.148037424707E-16));
#11927 = PCURVE('',#11821,#11928);
#11928 = DEFINITIONAL_REPRESENTATION('',(#11929),#11933);
#11929 = LINE('',#11930,#11931);
#11930 = CARTESIAN_POINT('',(1.934123401785,6.7));
#11931 = VECTOR('',#11932,1.);
#11932 = DIRECTION('',(1.,-1.148037424707E-16));
#11933 = ( GEOMETRIC_REPRESENTATION_CONTEXT(2) 
PARAMETRIC_REPRESENTATION_CONTEXT() REPRESENTATION_CONTEXT('2D SPACE',''
  ) );
#11934 = PCURVE('',#11935,#11940);
#11935 = PLANE('',#11936);
#11936 = AXIS2_PLACEMENT_3D('',#11937,#11938,#11939);
#11937 = CARTESIAN_POINT('',(3.86824680357,63.966666666667,93.3));
#11938 = DIRECTION('',(-1.148037424707E-16,-1.110223024625E-16,1.));
#11939 = DIRECTION('',(-1.,1.274577582041E-32,-1.148037424707E-16));
#11940 = DEFINITIONAL_REPRESENTATION('',(#11941),#11945);
#11941 = LINE('',#11942,#11943);
#11942 = CARTESIAN_POINT('',(1.934123401785,-6.8));
#11943 = VECTOR('',#11944,1.);
#11944 = DIRECTION('',(-1.,0.));
#11945 = ( GEOMETRIC_REPRESENTATION_CONTEXT(2) 
PARAMETRIC_REPRESENTATION_CONTEXT() REPRESENTATION_CONTEXT('2D SPACE',''
  ) );
#11946 = ORIENTED_EDGE('',*,*,#11947,.T.);
#11947 = EDGE_CURVE('',#11920,#11948,#11950,.T.);
#11948 = VERTEX_POINT('',#11949);
#11949 = CARTESIAN_POINT('',(7.736493607141,70.766666666667,100.));
#11950 = SURFACE_CURVE('',#11951,(#11955,#11962),.PCURVE_S1.);
#11951 = LINE('',#11952,#11953);
#11952 = CARTESIAN_POINT('',(6.769431906248,70.766666666667,98.325));
#11953 = VECTOR('',#11954,1.);
#11954 = DIRECTION('',(0.5,-9.614813431918E-17,0.866025403784));
#11955 = PCURVE('',#11821,#11956);
#11956 = DEFINITIONAL_REPRESENTATION('',(#11957),#11961);
#11957 = LINE('',#11958,#11959);
#11958 = CARTESIAN_POINT('',(6.769431906248,1.675));
#11959 = VECTOR('',#11960,1.);
#11960 = DIRECTION('',(0.5,-0.866025403784));
#11961 = ( GEOMETRIC_REPRESENTATION_CONTEXT(2) 
PARAMETRIC_REPRESENTATION_CONTEXT() REPRESENTATION_CONTEXT('2D SPACE',''
  ) );
#11962 = PCURVE('',#11963,#11968);
#11963 = PLANE('',#11964);
#11964 = AXIS2_PLACEMENT_3D('',#11965,#11966,#11967);
#11965 = CARTESIAN_POINT('',(7.736493607141,63.966666666667,100.));
#11966 = DIRECTION('',(-0.866025403784,-5.551115123126E-17,0.5));
#11967 = DIRECTION('',(-0.5,9.614813431918E-17,-0.866025403784));
#11968 = DEFINITIONAL_REPRESENTATION('',(#11969),#11973);
#11969 = LINE('',#11970,#11971);
#11970 = CARTESIAN_POINT('',(1.934123401785,-6.8));
#11971 = VECTOR('',#11972,1.);
#11972 = DIRECTION('',(-1.,0.));
#11973 = ( GEOMETRIC_REPRESENTATION_CONTEXT(2) 
PARAMETRIC_REPRESENTATION_CONTEXT() REPRESENTATION_CONTEXT('2D SPACE',''
  ) );
#11974 = ORIENTED_EDGE('',*,*,#11975,.T.);
#11975 = EDGE_CURVE('',#11948,#11976,#11978,.T.);
#11976 = VERTEX_POINT('',#11977);
#11977 = CARTESIAN_POINT('',(3.86824680357,70.766666666667,106.7));
#11978 = SURFACE_CURVE('',#11979,(#11983,#11990),.PCURVE_S1.);
#11979 = LINE('',#11980,#11981);
#11980 = CARTESIAN_POINT('',(4.835308504463,70.766666666667,105.025));
#11981 = VECTOR('',#11982,1.);
#11982 = DIRECTION('',(-0.5,-9.614813431918E-17,0.866025403784));
#11983 = PCURVE('',#11821,#11984);
#11984 = DEFINITIONAL_REPRESENTATION('',(#11985),#11989);
#11985 = LINE('',#11986,#11987);
#11986 = CARTESIAN_POINT('',(4.835308504463,-5.025));
#11987 = VECTOR('',#11988,1.);
#11988 = DIRECTION('',(-0.5,-0.866025403784));
#11989 = ( GEOMETRIC_REPRESENTATION_CONTEXT(2) 
PARAMETRIC_REPRESENTATION_CONTEXT() REPRESENTATION_CONTEXT('2D SPACE',''
  ) );
#11990 = PCURVE('',#11991,#11996);
#11991 = PLANE('',#11992);
#11992 = AXIS2_PLACEMENT_3D('',#11993,#11994,#11995);
#11993 = CARTESIAN_POINT('',(3.86824680357,63.966666666667,106.7));
#11994 = DIRECTION('',(-0.866025403784,5.551115123126E-17,-0.5));
#11995 = DIRECTION('',(0.5,9.614813431918E-17,-0.866025403784));
#11996 = DEFINITIONAL_REPRESENTATION('',(#11997),#12001);
#11997 = LINE('',#11998,#11999);
#11998 = CARTESIAN_POINT('',(1.934123401785,-6.8));
#11999 = VECTOR('',#12000,1.);
#12000 = DIRECTION('',(-1.,0.));
#12001 = ( GEOMETRIC_REPRESENTATION_CONTEXT(2) 
PARAMETRIC_REPRESENTATION_CONTEXT() REPRESENTATION_CONTEXT('2D SPACE',''
  ) );
#12002 = ORIENTED_EDGE('',*,*,#12003,.T.);
#12003 = EDGE_CURVE('',#11976,#12004,#12006,.T.);
#12004 = VERTEX_POINT('',#12005);
#12005 = CARTESIAN_POINT('',(-3.86824680357,70.766666666667,106.7));
#12006 = SURFACE_CURVE('',#12007,(#12011,#12018),.PCURVE_S1.);
#12007 = LINE('',#12008,#12009);
#12008 = CARTESIAN_POINT('',(-1.934123401785,70.766666666667,106.7));
#12009 = VECTOR('',#12010,1.);
#12010 = DIRECTION('',(-1.,7.647465492244E-32,-6.88822454824E-16));
#12011 = PCURVE('',#11821,#12012);
#12012 = DEFINITIONAL_REPRESENTATION('',(#12013),#12017);
#12013 = LINE('',#12014,#12015);
#12014 = CARTESIAN_POINT('',(-1.934123401785,-6.7));
#12015 = VECTOR('',#12016,1.);
#12016 = DIRECTION('',(-1.,6.88822454824E-16));
#12017 = ( GEOMETRIC_REPRESENTATION_CONTEXT(2) 
PARAMETRIC_REPRESENTATION_CONTEXT() REPRESENTATION_CONTEXT('2D SPACE',''
  ) );
#12018 = PCURVE('',#12019,#12024);
#12019 = PLANE('',#12020);
#12020 = AXIS2_PLACEMENT_3D('',#12021,#12022,#12023);
#12021 = CARTESIAN_POINT('',(-3.86824680357,63.966666666667,106.7));
#12022 = DIRECTION('',(6.88822454824E-16,1.110223024625E-16,-1.));
#12023 = DIRECTION('',(1.,-7.647465492244E-32,6.88822454824E-16));
#12024 = DEFINITIONAL_REPRESENTATION('',(#12025),#12029);
#12025 = LINE('',#12026,#12027);
#12026 = CARTESIAN_POINT('',(1.934123401785,-6.8));
#12027 = VECTOR('',#12028,1.);
#12028 = DIRECTION('',(-1.,0.));
#12029 = ( GEOMETRIC_REPRESENTATION_CONTEXT(2) 
PARAMETRIC_REPRESENTATION_CONTEXT() REPRESENTATION_CONTEXT('2D SPACE',''
  ) );
#12030 = ORIENTED_EDGE('',*,*,#12031,.T.);
#12031 = EDGE_CURVE('',#12004,#12032,#12034,.T.);
#12032 = VERTEX_POINT('',#12033);
#12033 = CARTESIAN_POINT('',(-7.736493607141,70.766666666667,100.));
#12034 = SURFACE_CURVE('',#12035,(#12039,#12046),.PCURVE_S1.);
#12035 = LINE('',#12036,#12037);
#12036 = CARTESIAN_POINT('',(-6.769431906248,70.766666666667,101.675));
#12037 = VECTOR('',#12038,1.);
#12038 = DIRECTION('',(-0.5,9.614813431918E-17,-0.866025403784));
#12039 = PCURVE('',#11821,#12040);
#12040 = DEFINITIONAL_REPRESENTATION('',(#12041),#12045);
#12041 = LINE('',#12042,#12043);
#12042 = CARTESIAN_POINT('',(-6.769431906248,-1.675));
#12043 = VECTOR('',#12044,1.);
#12044 = DIRECTION('',(-0.5,0.866025403784));
#12045 = ( GEOMETRIC_REPRESENTATION_CONTEXT(2) 
PARAMETRIC_REPRESENTATION_CONTEXT() REPRESENTATION_CONTEXT('2D SPACE',''
  ) );
#12046 = PCURVE('',#12047,#12052);
#12047 = PLANE('',#12048);
#12048 = AXIS2_PLACEMENT_3D('',#12049,#12050,#12051);
#12049 = CARTESIAN_POINT('',(-7.736493607141,63.966666666667,100.));
#12050 = DIRECTION('',(0.866025403784,5.551115123126E-17,-0.5));
#12051 = DIRECTION('',(0.5,-9.614813431918E-17,0.866025403784));
#12052 = DEFINITIONAL_REPRESENTATION('',(#12053),#12057);
#12053 = LINE('',#12054,#12055);
#12054 = CARTESIAN_POINT('',(1.934123401785,-6.8));
#12055 = VECTOR('',#12056,1.);
#12056 = DIRECTION('',(-1.,0.));
#12057 = ( GEOMETRIC_REPRESENTATION_CONTEXT(2) 
PARAMETRIC_REPRESENTATION_CONTEXT() REPRESENTATION_CONTEXT('2D SPACE',''
  ) );
#12058 = ORIENTED_EDGE('',*,*,#12059,.T.);
#12059 = EDGE_CURVE('',#12032,#11918,#12060,.T.);
#12060 = SURFACE_CURVE('',#12061,(#12065,#12072),.PCURVE_S1.);
#12061 = LINE('',#12062,#12063);
#12062 = CARTESIAN_POINT('',(-4.835308504463,70.766666666667,94.975));
#12063 = VECTOR('',#12064,1.);
#12064 = DIRECTION('',(0.5,9.614813431918E-17,-0.866025403784));
#12065 = PCURVE('',#11821,#12066);
#12066 = DEFINITIONAL_REPRESENTATION('',(#12067),#12071);
#12067 = LINE('',#12068,#12069);
#12068 = CARTESIAN_POINT('',(-4.835308504463,5.025));
#12069 = VECTOR('',#12070,1.);
#12070 = DIRECTION('',(0.5,0.866025403784));
#12071 = ( GEOMETRIC_REPRESENTATION_CONTEXT(2) 
PARAMETRIC_REPRESENTATION_CONTEXT() REPRESENTATION_CONTEXT('2D SPACE',''
  ) );
#12072 = PCURVE('',#12073,#12078);
#12073 = PLANE('',#12074);
#12074 = AXIS2_PLACEMENT_3D('',#12075,#12076,#12077);
#12075 = CARTESIAN_POINT('',(-3.86824680357,63.966666666667,93.3));
#12076 = DIRECTION('',(0.866025403784,-5.551115123126E-17,0.5));
#12077 = DIRECTION('',(-0.5,-9.614813431918E-17,0.866025403784));
#12078 = DEFINITIONAL_REPRESENTATION('',(#12079),#12083);
#12079 = LINE('',#12080,#12081);
#12080 = CARTESIAN_POINT('',(1.934123401785,-6.8));
#12081 = VECTOR('',#12082,1.);
#12082 = DIRECTION('',(-1.,0.));
#12083 = ( GEOMETRIC_REPRESENTATION_CONTEXT(2) 
PARAMETRIC_REPRESENTATION_CONTEXT() REPRESENTATION_CONTEXT('2D SPACE',''
  ) );
#12084 = ADVANCED_FACE('',(#12085,#12225),#11876,.T.);
#12085 = FACE_BOUND('',#12086,.T.);
#12086 = EDGE_LOOP('',(#12087,#12112,#12135,#12158,#12181,#12204));
#12087 = ORIENTED_EDGE('',*,*,#12088,.T.);
#12088 = EDGE_CURVE('',#12089,#12091,#12093,.T.);
#12089 = VERTEX_POINT('',#12090);
#12090 = CARTESIAN_POINT('',(7.736493607141,63.966666666667,100.));
#12091 = VERTEX_POINT('',#12092);
#12092 = CARTESIAN_POINT('',(3.86824680357,63.966666666667,93.3));
#12093 = SURFACE_CURVE('',#12094,(#12098,#12105),.PCURVE_S1.);
#12094 = LINE('',#12095,#12096);
#12095 = CARTESIAN_POINT('',(7.736493607141,63.966666666667,100.));
#12096 = VECTOR('',#12097,1.);
#12097 = DIRECTION('',(-0.5,9.614813431918E-17,-0.866025403784));
#12098 = PCURVE('',#11876,#12099);
#12099 = DEFINITIONAL_REPRESENTATION('',(#12100),#12104);
#12100 = LINE('',#12101,#12102);
#12101 = CARTESIAN_POINT('',(7.736493607141,0.));
#12102 = VECTOR('',#12103,1.);
#12103 = DIRECTION('',(-0.5,0.866025403784));
#12104 = ( GEOMETRIC_REPRESENTATION_CONTEXT(2) 
PARAMETRIC_REPRESENTATION_CONTEXT() REPRESENTATION_CONTEXT('2D SPACE',''
  ) );
#12105 = PCURVE('',#11963,#12106);
#12106 = DEFINITIONAL_REPRESENTATION('',(#12107),#12111);
#12107 = LINE('',#12108,#12109);
#12108 = CARTESIAN_POINT('',(0.,0.));
#12109 = VECTOR('',#12110,1.);
#12110 = DIRECTION('',(1.,0.));
#12111 = ( GEOMETRIC_REPRESENTATION_CONTEXT(2) 
PARAMETRIC_REPRESENTATION_CONTEXT() REPRESENTATION_CONTEXT('2D SPACE',''
  ) );
#12112 = ORIENTED_EDGE('',*,*,#12113,.T.);
#12113 = EDGE_CURVE('',#12091,#12114,#12116,.T.);
#12114 = VERTEX_POINT('',#12115);
#12115 = CARTESIAN_POINT('',(-3.86824680357,63.966666666667,93.3));
#12116 = SURFACE_CURVE('',#12117,(#12121,#12128),.PCURVE_S1.);
#12117 = LINE('',#12118,#12119);
#12118 = CARTESIAN_POINT('',(3.86824680357,63.966666666667,93.3));
#12119 = VECTOR('',#12120,1.);
#12120 = DIRECTION('',(-1.,1.274577582041E-32,-1.148037424707E-16));
#12121 = PCURVE('',#11876,#12122);
#12122 = DEFINITIONAL_REPRESENTATION('',(#12123),#12127);
#12123 = LINE('',#12124,#12125);
#12124 = CARTESIAN_POINT('',(3.86824680357,6.7));
#12125 = VECTOR('',#12126,1.);
#12126 = DIRECTION('',(-1.,1.148037424707E-16));
#12127 = ( GEOMETRIC_REPRESENTATION_CONTEXT(2) 
PARAMETRIC_REPRESENTATION_CONTEXT() REPRESENTATION_CONTEXT('2D SPACE',''
  ) );
#12128 = PCURVE('',#11935,#12129);
#12129 = DEFINITIONAL_REPRESENTATION('',(#12130),#12134);
#12130 = LINE('',#12131,#12132);
#12131 = CARTESIAN_POINT('',(0.,0.));
#12132 = VECTOR('',#12133,1.);
#12133 = DIRECTION('',(1.,0.));
#12134 = ( GEOMETRIC_REPRESENTATION_CONTEXT(2) 
PARAMETRIC_REPRESENTATION_CONTEXT() REPRESENTATION_CONTEXT('2D SPACE',''
  ) );
#12135 = ORIENTED_EDGE('',*,*,#12136,.T.);
#12136 = EDGE_CURVE('',#12114,#12137,#12139,.T.);
#12137 = VERTEX_POINT('',#12138);
#12138 = CARTESIAN_POINT('',(-7.736493607141,63.966666666667,100.));
#12139 = SURFACE_CURVE('',#12140,(#12144,#12151),.PCURVE_S1.);
#12140 = LINE('',#12141,#12142);
#12141 = CARTESIAN_POINT('',(-3.86824680357,63.966666666667,93.3));
#12142 = VECTOR('',#12143,1.);
#12143 = DIRECTION('',(-0.5,-9.614813431918E-17,0.866025403784));
#12144 = PCURVE('',#11876,#12145);
#12145 = DEFINITIONAL_REPRESENTATION('',(#12146),#12150);
#12146 = LINE('',#12147,#12148);
#12147 = CARTESIAN_POINT('',(-3.86824680357,6.7));
#12148 = VECTOR('',#12149,1.);
#12149 = DIRECTION('',(-0.5,-0.866025403784));
#12150 = ( GEOMETRIC_REPRESENTATION_CONTEXT(2) 
PARAMETRIC_REPRESENTATION_CONTEXT() REPRESENTATION_CONTEXT('2D SPACE',''
  ) );
#12151 = PCURVE('',#12073,#12152);
#12152 = DEFINITIONAL_REPRESENTATION('',(#12153),#12157);
#12153 = LINE('',#12154,#12155);
#12154 = CARTESIAN_POINT('',(0.,0.));
#12155 = VECTOR('',#12156,1.);
#12156 = DIRECTION('',(1.,0.));
#12157 = ( GEOMETRIC_REPRESENTATION_CONTEXT(2) 
PARAMETRIC_REPRESENTATION_CONTEXT() REPRESENTATION_CONTEXT('2D SPACE',''
  ) );
#12158 = ORIENTED_EDGE('',*,*,#12159,.T.);
#12159 = EDGE_CURVE('',#12137,#12160,#12162,.T.);
#12160 = VERTEX_POINT('',#12161);
#12161 = CARTESIAN_POINT('',(-3.86824680357,63.966666666667,106.7));
#12162 = SURFACE_CURVE('',#12163,(#12167,#12174),.PCURVE_S1.);
#12163 = LINE('',#12164,#12165);
#12164 = CARTESIAN_POINT('',(-7.736493607141,63.966666666667,100.));
#12165 = VECTOR('',#12166,1.);
#12166 = DIRECTION('',(0.5,-9.614813431918E-17,0.866025403784));
#12167 = PCURVE('',#11876,#12168);
#12168 = DEFINITIONAL_REPRESENTATION('',(#12169),#12173);
#12169 = LINE('',#12170,#12171);
#12170 = CARTESIAN_POINT('',(-7.736493607141,0.));
#12171 = VECTOR('',#12172,1.);
#12172 = DIRECTION('',(0.5,-0.866025403784));
#12173 = ( GEOMETRIC_REPRESENTATION_CONTEXT(2) 
PARAMETRIC_REPRESENTATION_CONTEXT() REPRESENTATION_CONTEXT('2D SPACE',''
  ) );
#12174 = PCURVE('',#12047,#12175);
#12175 = DEFINITIONAL_REPRESENTATION('',(#12176),#12180);
#12176 = LINE('',#12177,#12178);
#12177 = CARTESIAN_POINT('',(0.,0.));
#12178 = VECTOR('',#12179,1.);
#12179 = DIRECTION('',(1.,0.));
#12180 = ( GEOMETRIC_REPRESENTATION_CONTEXT(2) 
PARAMETRIC_REPRESENTATION_CONTEXT() REPRESENTATION_CONTEXT('2D SPACE',''
  ) );
#12181 = ORIENTED_EDGE('',*,*,#12182,.T.);
#12182 = EDGE_CURVE('',#12160,#12183,#12185,.T.);
#12183 = VERTEX_POINT('',#12184);
#12184 = CARTESIAN_POINT('',(3.86824680357,63.966666666667,106.7));
#12185 = SURFACE_CURVE('',#12186,(#12190,#12197),.PCURVE_S1.);
#12186 = LINE('',#12187,#12188);
#12187 = CARTESIAN_POINT('',(-3.86824680357,63.966666666667,106.7));
#12188 = VECTOR('',#12189,1.);
#12189 = DIRECTION('',(1.,-7.647465492244E-32,6.88822454824E-16));
#12190 = PCURVE('',#11876,#12191);
#12191 = DEFINITIONAL_REPRESENTATION('',(#12192),#12196);
#12192 = LINE('',#12193,#12194);
#12193 = CARTESIAN_POINT('',(-3.86824680357,-6.7));
#12194 = VECTOR('',#12195,1.);
#12195 = DIRECTION('',(1.,-6.88822454824E-16));
#12196 = ( GEOMETRIC_REPRESENTATION_CONTEXT(2) 
PARAMETRIC_REPRESENTATION_CONTEXT() REPRESENTATION_CONTEXT('2D SPACE',''
  ) );
#12197 = PCURVE('',#12019,#12198);
#12198 = DEFINITIONAL_REPRESENTATION('',(#12199),#12203);
#12199 = LINE('',#12200,#12201);
#12200 = CARTESIAN_POINT('',(0.,0.));
#12201 = VECTOR('',#12202,1.);
#12202 = DIRECTION('',(1.,0.));
#12203 = ( GEOMETRIC_REPRESENTATION_CONTEXT(2) 
PARAMETRIC_REPRESENTATION_CONTEXT() REPRESENTATION_CONTEXT('2D SPACE',''
  ) );
#12204 = ORIENTED_EDGE('',*,*,#12205,.T.);
#12205 = EDGE_CURVE('',#12183,#12089,#12206,.T.);
#12206 = SURFACE_CURVE('',#12207,(#12211,#12218),.PCURVE_S1.);
#12207 = LINE('',#12208,#12209);
#12208 = CARTESIAN_POINT('',(3.86824680357,63.966666666667,106.7));
#12209 = VECTOR('',#12210,1.);
#12210 = DIRECTION('',(0.5,9.614813431918E-17,-0.866025403784));
#12211 = PCURVE('',#11876,#12212);
#12212 = DEFINITIONAL_REPRESENTATION('',(#12213),#12217);
#12213 = LINE('',#12214,#12215);
#12214 = CARTESIAN_POINT('',(3.86824680357,-6.7));
#12215 = VECTOR('',#12216,1.);
#12216 = DIRECTION('',(0.5,0.866025403784));
#12217 = ( GEOMETRIC_REPRESENTATION_CONTEXT(2) 
PARAMETRIC_REPRESENTATION_CONTEXT() REPRESENTATION_CONTEXT('2D SPACE',''
  ) );
#12218 = PCURVE('',#11991,#12219);
#12219 = DEFINITIONAL_REPRESENTATION('',(#12220),#12224);
#12220 = LINE('',#12221,#12222);
#12221 = CARTESIAN_POINT('',(0.,0.));
#12222 = VECTOR('',#12223,1.);
#12223 = DIRECTION('',(1.,0.));
#12224 = ( GEOMETRIC_REPRESENTATION_CONTEXT(2) 
PARAMETRIC_REPRESENTATION_CONTEXT() REPRESENTATION_CONTEXT('2D SPACE',''
  ) );
#12225 = FACE_BOUND('',#12226,.T.);
#12226 = EDGE_LOOP('',(#12227));
#12227 = ORIENTED_EDGE('',*,*,#11859,.F.);
#12228 = ADVANCED_FACE('',(#12229),#11935,.T.);
#12229 = FACE_BOUND('',#12230,.T.);
#12230 = EDGE_LOOP('',(#12231,#12232,#12253,#12254));
#12231 = ORIENTED_EDGE('',*,*,#12113,.F.);
#12232 = ORIENTED_EDGE('',*,*,#12233,.T.);
#12233 = EDGE_CURVE('',#12091,#11920,#12234,.T.);
#12234 = SURFACE_CURVE('',#12235,(#12239,#12246),.PCURVE_S1.);
#12235 = LINE('',#12236,#12237);
#12236 = CARTESIAN_POINT('',(3.86824680357,63.966666666667,93.3));
#12237 = VECTOR('',#12238,1.);
#12238 = DIRECTION('',(0.,1.,1.110223024625E-16));
#12239 = PCURVE('',#11935,#12240);
#12240 = DEFINITIONAL_REPRESENTATION('',(#12241),#12245);
#12241 = LINE('',#12242,#12243);
#12242 = CARTESIAN_POINT('',(0.,0.));
#12243 = VECTOR('',#12244,1.);
#12244 = DIRECTION('',(0.,-1.));
#12245 = ( GEOMETRIC_REPRESENTATION_CONTEXT(2) 
PARAMETRIC_REPRESENTATION_CONTEXT() REPRESENTATION_CONTEXT('2D SPACE',''
  ) );
#12246 = PCURVE('',#11963,#12247);
#12247 = DEFINITIONAL_REPRESENTATION('',(#12248),#12252);
#12248 = LINE('',#12249,#12250);
#12249 = CARTESIAN_POINT('',(7.736493607141,7.438494264989E-16));
#12250 = VECTOR('',#12251,1.);
#12251 = DIRECTION('',(0.,-1.));
#12252 = ( GEOMETRIC_REPRESENTATION_CONTEXT(2) 
PARAMETRIC_REPRESENTATION_CONTEXT() REPRESENTATION_CONTEXT('2D SPACE',''
  ) );
#12253 = ORIENTED_EDGE('',*,*,#11917,.F.);
#12254 = ORIENTED_EDGE('',*,*,#12255,.F.);
#12255 = EDGE_CURVE('',#12114,#11918,#12256,.T.);
#12256 = SURFACE_CURVE('',#12257,(#12261,#12268),.PCURVE_S1.);
#12257 = LINE('',#12258,#12259);
#12258 = CARTESIAN_POINT('',(-3.86824680357,63.966666666667,93.3));
#12259 = VECTOR('',#12260,1.);
#12260 = DIRECTION('',(0.,1.,1.110223024625E-16));
#12261 = PCURVE('',#11935,#12262);
#12262 = DEFINITIONAL_REPRESENTATION('',(#12263),#12267);
#12263 = LINE('',#12264,#12265);
#12264 = CARTESIAN_POINT('',(7.736493607141,-0.));
#12265 = VECTOR('',#12266,1.);
#12266 = DIRECTION('',(0.,-1.));
#12267 = ( GEOMETRIC_REPRESENTATION_CONTEXT(2) 
PARAMETRIC_REPRESENTATION_CONTEXT() REPRESENTATION_CONTEXT('2D SPACE',''
  ) );
#12268 = PCURVE('',#12073,#12269);
#12269 = DEFINITIONAL_REPRESENTATION('',(#12270),#12274);
#12270 = LINE('',#12271,#12272);
#12271 = CARTESIAN_POINT('',(0.,0.));
#12272 = VECTOR('',#12273,1.);
#12273 = DIRECTION('',(0.,-1.));
#12274 = ( GEOMETRIC_REPRESENTATION_CONTEXT(2) 
PARAMETRIC_REPRESENTATION_CONTEXT() REPRESENTATION_CONTEXT('2D SPACE',''
  ) );
#12275 = ADVANCED_FACE('',(#12276),#12073,.T.);
#12276 = FACE_BOUND('',#12277,.T.);
#12277 = EDGE_LOOP('',(#12278,#12279,#12280,#12281));
#12278 = ORIENTED_EDGE('',*,*,#12136,.F.);
#12279 = ORIENTED_EDGE('',*,*,#12255,.T.);
#12280 = ORIENTED_EDGE('',*,*,#12059,.F.);
#12281 = ORIENTED_EDGE('',*,*,#12282,.F.);
#12282 = EDGE_CURVE('',#12137,#12032,#12283,.T.);
#12283 = SURFACE_CURVE('',#12284,(#12288,#12295),.PCURVE_S1.);
#12284 = LINE('',#12285,#12286);
#12285 = CARTESIAN_POINT('',(-7.736493607141,63.966666666667,100.));
#12286 = VECTOR('',#12287,1.);
#12287 = DIRECTION('',(0.,1.,1.110223024625E-16));
#12288 = PCURVE('',#12073,#12289);
#12289 = DEFINITIONAL_REPRESENTATION('',(#12290),#12294);
#12290 = LINE('',#12291,#12292);
#12291 = CARTESIAN_POINT('',(7.736493607141,-7.438494264989E-16));
#12292 = VECTOR('',#12293,1.);
#12293 = DIRECTION('',(0.,-1.));
#12294 = ( GEOMETRIC_REPRESENTATION_CONTEXT(2) 
PARAMETRIC_REPRESENTATION_CONTEXT() REPRESENTATION_CONTEXT('2D SPACE',''
  ) );
#12295 = PCURVE('',#12047,#12296);
#12296 = DEFINITIONAL_REPRESENTATION('',(#12297),#12301);
#12297 = LINE('',#12298,#12299);
#12298 = CARTESIAN_POINT('',(0.,0.));
#12299 = VECTOR('',#12300,1.);
#12300 = DIRECTION('',(0.,-1.));
#12301 = ( GEOMETRIC_REPRESENTATION_CONTEXT(2) 
PARAMETRIC_REPRESENTATION_CONTEXT() REPRESENTATION_CONTEXT('2D SPACE',''
  ) );
#12302 = ADVANCED_FACE('',(#12303),#12047,.T.);
#12303 = FACE_BOUND('',#12304,.T.);
#12304 = EDGE_LOOP('',(#12305,#12306,#12307,#12308));
#12305 = ORIENTED_EDGE('',*,*,#12159,.F.);
#12306 = ORIENTED_EDGE('',*,*,#12282,.T.);
#12307 = ORIENTED_EDGE('',*,*,#12031,.F.);
#12308 = ORIENTED_EDGE('',*,*,#12309,.F.);
#12309 = EDGE_CURVE('',#12160,#12004,#12310,.T.);
#12310 = SURFACE_CURVE('',#12311,(#12315,#12322),.PCURVE_S1.);
#12311 = LINE('',#12312,#12313);
#12312 = CARTESIAN_POINT('',(-3.86824680357,63.966666666667,106.7));
#12313 = VECTOR('',#12314,1.);
#12314 = DIRECTION('',(0.,1.,1.110223024625E-16));
#12315 = PCURVE('',#12047,#12316);
#12316 = DEFINITIONAL_REPRESENTATION('',(#12317),#12321);
#12317 = LINE('',#12318,#12319);
#12318 = CARTESIAN_POINT('',(7.736493607141,-7.438494264989E-16));
#12319 = VECTOR('',#12320,1.);
#12320 = DIRECTION('',(0.,-1.));
#12321 = ( GEOMETRIC_REPRESENTATION_CONTEXT(2) 
PARAMETRIC_REPRESENTATION_CONTEXT() REPRESENTATION_CONTEXT('2D SPACE',''
  ) );
#12322 = PCURVE('',#12019,#12323);
#12323 = DEFINITIONAL_REPRESENTATION('',(#12324),#12328);
#12324 = LINE('',#12325,#12326);
#12325 = CARTESIAN_POINT('',(0.,0.));
#12326 = VECTOR('',#12327,1.);
#12327 = DIRECTION('',(0.,-1.));
#12328 = ( GEOMETRIC_REPRESENTATION_CONTEXT(2) 
PARAMETRIC_REPRESENTATION_CONTEXT() REPRESENTATION_CONTEXT('2D SPACE',''
  ) );
#12329 = ADVANCED_FACE('',(#12330),#12019,.T.);
#12330 = FACE_BOUND('',#12331,.T.);
#12331 = EDGE_LOOP('',(#12332,#12333,#12334,#12335));
#12332 = ORIENTED_EDGE('',*,*,#12182,.F.);
#12333 = ORIENTED_EDGE('',*,*,#12309,.T.);
#12334 = ORIENTED_EDGE('',*,*,#12003,.F.);
#12335 = ORIENTED_EDGE('',*,*,#12336,.F.);
#12336 = EDGE_CURVE('',#12183,#11976,#12337,.T.);
#12337 = SURFACE_CURVE('',#12338,(#12342,#12349),.PCURVE_S1.);
#12338 = LINE('',#12339,#12340);
#12339 = CARTESIAN_POINT('',(3.86824680357,63.966666666667,106.7));
#12340 = VECTOR('',#12341,1.);
#12341 = DIRECTION('',(0.,1.,1.110223024625E-16));
#12342 = PCURVE('',#12019,#12343);
#12343 = DEFINITIONAL_REPRESENTATION('',(#12344),#12348);
#12344 = LINE('',#12345,#12346);
#12345 = CARTESIAN_POINT('',(7.736493607141,0.));
#12346 = VECTOR('',#12347,1.);
#12347 = DIRECTION('',(0.,-1.));
#12348 = ( GEOMETRIC_REPRESENTATION_CONTEXT(2) 
PARAMETRIC_REPRESENTATION_CONTEXT() REPRESENTATION_CONTEXT('2D SPACE',''
  ) );
#12349 = PCURVE('',#11991,#12350);
#12350 = DEFINITIONAL_REPRESENTATION('',(#12351),#12355);
#12351 = LINE('',#12352,#12353);
#12352 = CARTESIAN_POINT('',(0.,0.));
#12353 = VECTOR('',#12354,1.);
#12354 = DIRECTION('',(0.,-1.));
#12355 = ( GEOMETRIC_REPRESENTATION_CONTEXT(2) 
PARAMETRIC_REPRESENTATION_CONTEXT() REPRESENTATION_CONTEXT('2D SPACE',''
  ) );
#12356 = ADVANCED_FACE('',(#12357),#11991,.T.);
#12357 = FACE_BOUND('',#12358,.T.);
#12358 = EDGE_LOOP('',(#12359,#12360,#12361,#12362));
#12359 = ORIENTED_EDGE('',*,*,#12205,.F.);
#12360 = ORIENTED_EDGE('',*,*,#12336,.T.);
#12361 = ORIENTED_EDGE('',*,*,#11975,.F.);
#12362 = ORIENTED_EDGE('',*,*,#12363,.F.);
#12363 = EDGE_CURVE('',#12089,#11948,#12364,.T.);
#12364 = SURFACE_CURVE('',#12365,(#12369,#12376),.PCURVE_S1.);
#12365 = LINE('',#12366,#12367);
#12366 = CARTESIAN_POINT('',(7.736493607141,63.966666666667,100.));
#12367 = VECTOR('',#12368,1.);
#12368 = DIRECTION('',(0.,1.,1.110223024625E-16));
#12369 = PCURVE('',#11991,#12370);
#12370 = DEFINITIONAL_REPRESENTATION('',(#12371),#12375);
#12371 = LINE('',#12372,#12373);
#12372 = CARTESIAN_POINT('',(7.736493607141,7.438494264989E-16));
#12373 = VECTOR('',#12374,1.);
#12374 = DIRECTION('',(0.,-1.));
#12375 = ( GEOMETRIC_REPRESENTATION_CONTEXT(2) 
PARAMETRIC_REPRESENTATION_CONTEXT() REPRESENTATION_CONTEXT('2D SPACE',''
  ) );
#12376 = PCURVE('',#11963,#12377);
#12377 = DEFINITIONAL_REPRESENTATION('',(#12378),#12382);
#12378 = LINE('',#12379,#12380);
#12379 = CARTESIAN_POINT('',(0.,0.));
#12380 = VECTOR('',#12381,1.);
#12381 = DIRECTION('',(0.,-1.));
#12382 = ( GEOMETRIC_REPRESENTATION_CONTEXT(2) 
PARAMETRIC_REPRESENTATION_CONTEXT() REPRESENTATION_CONTEXT('2D SPACE',''
  ) );
#12383 = ADVANCED_FACE('',(#12384),#11963,.T.);
#12384 = FACE_BOUND('',#12385,.T.);
#12385 = EDGE_LOOP('',(#12386,#12387,#12388,#12389));
#12386 = ORIENTED_EDGE('',*,*,#12088,.F.);
#12387 = ORIENTED_EDGE('',*,*,#12363,.T.);
#12388 = ORIENTED_EDGE('',*,*,#11947,.F.);
#12389 = ORIENTED_EDGE('',*,*,#12233,.F.);
#12390 = ( GEOMETRIC_REPRESENTATION_CONTEXT(3) 
GLOBAL_UNCERTAINTY_ASSIGNED_CONTEXT((#12394)) 
GLOBAL_UNIT_ASSIGNED_CONTEXT((#12391,#12392,#12393)) 
REPRESENTATION_CONTEXT('Context #1',
  '3D Context with UNIT and UNCERTAINTY') );
#12391 = ( LENGTH_UNIT() NAMED_UNIT(*) SI_UNIT(.MILLI.,.METRE.) );
#12392 = ( NAMED_UNIT(*) PLANE_ANGLE_UNIT() SI_UNIT($,.RADIAN.) );
#12393 = ( NAMED_UNIT(*) SI_UNIT($,.STERADIAN.) SOLID_ANGLE_UNIT() );
#12394 = UNCERTAINTY_MEASURE_WITH_UNIT(LENGTH_MEASURE(1.E-07),#12391,
  'distance_accuracy_value','confusion accuracy');
#12395 = CONTEXT_DEPENDENT_SHAPE_REPRESENTATION(#12396,#12398);
#12396 = ( REPRESENTATION_RELATIONSHIP('','',#11639,#10) 
REPRESENTATION_RELATIONSHIP_WITH_TRANSFORMATION(#12397) 
SHAPE_REPRESENTATION_RELATIONSHIP() );
#12397 = ITEM_DEFINED_TRANSFORMATION('','',#11,#59);
#12398 = PRODUCT_DEFINITION_SHAPE('Placement','Placement of an item',
  #12399);
#12399 = NEXT_ASSEMBLY_USAGE_OCCURRENCE('12','chuck_1','',#5,#11634,$);
#12400 = PRODUCT_RELATED_PRODUCT_CATEGORY('part',$,(#11636));
#12401 = SHAPE_DEFINITION_REPRESENTATION(#12402,#12408);
#12402 = PRODUCT_DEFINITION_SHAPE('','',#12403);
#12403 = PRODUCT_DEFINITION('design','',#12404,#12407);
#12404 = PRODUCT_DEFINITION_FORMATION('','',#12405);
#12405 = PRODUCT('chuck_captive_nut_0','chuck_captive_nut_0','',(#12406)
  );
#12406 = PRODUCT_CONTEXT('',#2,'mechanical');
#12407 = PRODUCT_DEFINITION_CONTEXT('part definition',#2,'design');
#12408 = ADVANCED_BREP_SHAPE_REPRESENTATION('',(#11,#12409),#12979);
#12409 = MANIFOLD_SOLID_BREP('',#12410);
#12410 = CLOSED_SHELL('',(#12411,#12531,#12607,#12683,#12792,#12891,
    #12918,#12945,#12952));
#12411 = ADVANCED_FACE('',(#12412),#12426,.F.);
#12412 = FACE_BOUND('',#12413,.F.);
#12413 = EDGE_LOOP('',(#12414,#12449,#12477,#12505));
#12414 = ORIENTED_EDGE('',*,*,#12415,.T.);
#12415 = EDGE_CURVE('',#12416,#12418,#12420,.T.);
#12416 = VERTEX_POINT('',#12417);
#12417 = CARTESIAN_POINT('',(7.505553499465,63.966666666667,100.));
#12418 = VERTEX_POINT('',#12419);
#12419 = CARTESIAN_POINT('',(7.505553499465,70.466666666667,100.));
#12420 = SURFACE_CURVE('',#12421,(#12425,#12437),.PCURVE_S1.);
#12421 = LINE('',#12422,#12423);
#12422 = CARTESIAN_POINT('',(7.505553499465,63.966666666667,100.));
#12423 = VECTOR('',#12424,1.);
#12424 = DIRECTION('',(0.,1.,1.110223024625E-16));
#12425 = PCURVE('',#12426,#12431);
#12426 = PLANE('',#12427);
#12427 = AXIS2_PLACEMENT_3D('',#12428,#12429,#12430);
#12428 = CARTESIAN_POINT('',(7.505553499465,63.966666666667,100.));
#12429 = DIRECTION('',(-0.866025403784,-5.551115123126E-17,0.5));
#12430 = DIRECTION('',(-0.5,9.614813431918E-17,-0.866025403784));
#12431 = DEFINITIONAL_REPRESENTATION('',(#12432),#12436);
#12432 = LINE('',#12433,#12434);
#12433 = CARTESIAN_POINT('',(0.,0.));
#12434 = VECTOR('',#12435,1.);
#12435 = DIRECTION('',(0.,-1.));
#12436 = ( GEOMETRIC_REPRESENTATION_CONTEXT(2) 
PARAMETRIC_REPRESENTATION_CONTEXT() REPRESENTATION_CONTEXT('2D SPACE',''
  ) );
#12437 = PCURVE('',#12438,#12443);
#12438 = PLANE('',#12439);
#12439 = AXIS2_PLACEMENT_3D('',#12440,#12441,#12442);
#12440 = CARTESIAN_POINT('',(3.752776749733,63.966666666667,106.5));
#12441 = DIRECTION('',(-0.866025403784,5.551115123126E-17,-0.5));
#12442 = DIRECTION('',(0.5,9.614813431918E-17,-0.866025403784));
#12443 = DEFINITIONAL_REPRESENTATION('',(#12444),#12448);
#12444 = LINE('',#12445,#12446);
#12445 = CARTESIAN_POINT('',(7.505553499465,7.216449660064E-16));
#12446 = VECTOR('',#12447,1.);
#12447 = DIRECTION('',(0.,-1.));
#12448 = ( GEOMETRIC_REPRESENTATION_CONTEXT(2) 
PARAMETRIC_REPRESENTATION_CONTEXT() REPRESENTATION_CONTEXT('2D SPACE',''
  ) );
#12449 = ORIENTED_EDGE('',*,*,#12450,.T.);
#12450 = EDGE_CURVE('',#12418,#12451,#12453,.T.);
#12451 = VERTEX_POINT('',#12452);
#12452 = CARTESIAN_POINT('',(3.752776749733,70.466666666667,93.5));
#12453 = SURFACE_CURVE('',#12454,(#12458,#12465),.PCURVE_S1.);
#12454 = LINE('',#12455,#12456);
#12455 = CARTESIAN_POINT('',(7.505553499465,70.466666666667,100.));
#12456 = VECTOR('',#12457,1.);
#12457 = DIRECTION('',(-0.5,9.614813431918E-17,-0.866025403784));
#12458 = PCURVE('',#12426,#12459);
#12459 = DEFINITIONAL_REPRESENTATION('',(#12460),#12464);
#12460 = LINE('',#12461,#12462);
#12461 = CARTESIAN_POINT('',(6.249628730747E-16,-6.5));
#12462 = VECTOR('',#12463,1.);
#12463 = DIRECTION('',(1.,0.));
#12464 = ( GEOMETRIC_REPRESENTATION_CONTEXT(2) 
PARAMETRIC_REPRESENTATION_CONTEXT() REPRESENTATION_CONTEXT('2D SPACE',''
  ) );
#12465 = PCURVE('',#12466,#12471);
#12466 = PLANE('',#12467);
#12467 = AXIS2_PLACEMENT_3D('',#12468,#12469,#12470);
#12468 = CARTESIAN_POINT('',(-3.155631075091E-16,70.466666666667,100.));
#12469 = DIRECTION('',(0.,1.,1.110223024625E-16));
#12470 = DIRECTION('',(1.,0.,0.));
#12471 = DEFINITIONAL_REPRESENTATION('',(#12472),#12476);
#12472 = LINE('',#12473,#12474);
#12473 = CARTESIAN_POINT('',(7.505553499465,0.));
#12474 = VECTOR('',#12475,1.);
#12475 = DIRECTION('',(-0.5,0.866025403784));
#12476 = ( GEOMETRIC_REPRESENTATION_CONTEXT(2) 
PARAMETRIC_REPRESENTATION_CONTEXT() REPRESENTATION_CONTEXT('2D SPACE',''
  ) );
#12477 = ORIENTED_EDGE('',*,*,#12478,.F.);
#12478 = EDGE_CURVE('',#12479,#12451,#12481,.T.);
#12479 = VERTEX_POINT('',#12480);
#12480 = CARTESIAN_POINT('',(3.752776749733,63.966666666667,93.5));
#12481 = SURFACE_CURVE('',#12482,(#12486,#12493),.PCURVE_S1.);
#12482 = LINE('',#12483,#12484);
#12483 = CARTESIAN_POINT('',(3.752776749733,63.966666666667,93.5));
#12484 = VECTOR('',#12485,1.);
#12485 = DIRECTION('',(0.,1.,1.110223024625E-16));
#12486 = PCURVE('',#12426,#12487);
#12487 = DEFINITIONAL_REPRESENTATION('',(#12488),#12492);
#12488 = LINE('',#12489,#12490);
#12489 = CARTESIAN_POINT('',(7.505553499465,7.216449660064E-16));
#12490 = VECTOR('',#12491,1.);
#12491 = DIRECTION('',(0.,-1.));
#12492 = ( GEOMETRIC_REPRESENTATION_CONTEXT(2) 
PARAMETRIC_REPRESENTATION_CONTEXT() REPRESENTATION_CONTEXT('2D SPACE',''
  ) );
#12493 = PCURVE('',#12494,#12499);
#12494 = PLANE('',#12495);
#12495 = AXIS2_PLACEMENT_3D('',#12496,#12497,#12498);
#12496 = CARTESIAN_POINT('',(3.752776749733,63.966666666667,93.5));
#12497 = DIRECTION('',(-1.183361653159E-16,-1.110223024625E-16,1.));
#12498 = DIRECTION('',(-1.,1.313795353796E-32,-1.183361653159E-16));
#12499 = DEFINITIONAL_REPRESENTATION('',(#12500),#12504);
#12500 = LINE('',#12501,#12502);
#12501 = CARTESIAN_POINT('',(0.,0.));
#12502 = VECTOR('',#12503,1.);
#12503 = DIRECTION('',(0.,-1.));
#12504 = ( GEOMETRIC_REPRESENTATION_CONTEXT(2) 
PARAMETRIC_REPRESENTATION_CONTEXT() REPRESENTATION_CONTEXT('2D SPACE',''
  ) );
#12505 = ORIENTED_EDGE('',*,*,#12506,.F.);
#12506 = EDGE_CURVE('',#12416,#12479,#12507,.T.);
#12507 = SURFACE_CURVE('',#12508,(#12512,#12519),.PCURVE_S1.);
#12508 = LINE('',#12509,#12510);
#12509 = CARTESIAN_POINT('',(7.505553499465,63.966666666667,100.));
#12510 = VECTOR('',#12511,1.);
#12511 = DIRECTION('',(-0.5,9.614813431918E-17,-0.866025403784));
#12512 = PCURVE('',#12426,#12513);
#12513 = DEFINITIONAL_REPRESENTATION('',(#12514),#12518);
#12514 = LINE('',#12515,#12516);
#12515 = CARTESIAN_POINT('',(0.,0.));
#12516 = VECTOR('',#12517,1.);
#12517 = DIRECTION('',(1.,0.));
#12518 = ( GEOMETRIC_REPRESENTATION_CONTEXT(2) 
PARAMETRIC_REPRESENTATION_CONTEXT() REPRESENTATION_CONTEXT('2D SPACE',''
  ) );
#12519 = PCURVE('',#12520,#12525);
#12520 = PLANE('',#12521);
#12521 = AXIS2_PLACEMENT_3D('',#12522,#12523,#12524);
#12522 = CARTESIAN_POINT('',(-3.155631075091E-16,63.966666666667,100.));
#12523 = DIRECTION('',(0.,1.,1.110223024625E-16));
#12524 = DIRECTION('',(1.,0.,0.));
#12525 = DEFINITIONAL_REPRESENTATION('',(#12526),#12530);
#12526 = LINE('',#12527,#12528);
#12527 = CARTESIAN_POINT('',(7.505553499465,0.));
#12528 = VECTOR('',#12529,1.);
#12529 = DIRECTION('',(-0.5,0.866025403784));
#12530 = ( GEOMETRIC_REPRESENTATION_CONTEXT(2) 
PARAMETRIC_REPRESENTATION_CONTEXT() REPRESENTATION_CONTEXT('2D SPACE',''
  ) );
#12531 = ADVANCED_FACE('',(#12532),#12438,.F.);
#12532 = FACE_BOUND('',#12533,.F.);
#12533 = EDGE_LOOP('',(#12534,#12564,#12585,#12586));
#12534 = ORIENTED_EDGE('',*,*,#12535,.T.);
#12535 = EDGE_CURVE('',#12536,#12538,#12540,.T.);
#12536 = VERTEX_POINT('',#12537);
#12537 = CARTESIAN_POINT('',(3.752776749733,63.966666666667,106.5));
#12538 = VERTEX_POINT('',#12539);
#12539 = CARTESIAN_POINT('',(3.752776749733,70.466666666667,106.5));
#12540 = SURFACE_CURVE('',#12541,(#12545,#12552),.PCURVE_S1.);
#12541 = LINE('',#12542,#12543);
#12542 = CARTESIAN_POINT('',(3.752776749733,63.966666666667,106.5));
#12543 = VECTOR('',#12544,1.);
#12544 = DIRECTION('',(0.,1.,1.110223024625E-16));
#12545 = PCURVE('',#12438,#12546);
#12546 = DEFINITIONAL_REPRESENTATION('',(#12547),#12551);
#12547 = LINE('',#12548,#12549);
#12548 = CARTESIAN_POINT('',(0.,0.));
#12549 = VECTOR('',#12550,1.);
#12550 = DIRECTION('',(0.,-1.));
#12551 = ( GEOMETRIC_REPRESENTATION_CONTEXT(2) 
PARAMETRIC_REPRESENTATION_CONTEXT() REPRESENTATION_CONTEXT('2D SPACE',''
  ) );
#12552 = PCURVE('',#12553,#12558);
#12553 = PLANE('',#12554);
#12554 = AXIS2_PLACEMENT_3D('',#12555,#12556,#12557);
#12555 = CARTESIAN_POINT('',(-3.752776749733,63.966666666667,106.5));
#12556 = DIRECTION('',(5.916808265796E-16,1.110223024625E-16,-1.));
#12557 = DIRECTION('',(1.,-6.568976768979E-32,5.916808265796E-16));
#12558 = DEFINITIONAL_REPRESENTATION('',(#12559),#12563);
#12559 = LINE('',#12560,#12561);
#12560 = CARTESIAN_POINT('',(7.505553499465,0.));
#12561 = VECTOR('',#12562,1.);
#12562 = DIRECTION('',(0.,-1.));
#12563 = ( GEOMETRIC_REPRESENTATION_CONTEXT(2) 
PARAMETRIC_REPRESENTATION_CONTEXT() REPRESENTATION_CONTEXT('2D SPACE',''
  ) );
#12564 = ORIENTED_EDGE('',*,*,#12565,.T.);
#12565 = EDGE_CURVE('',#12538,#12418,#12566,.T.);
#12566 = SURFACE_CURVE('',#12567,(#12571,#12578),.PCURVE_S1.);
#12567 = LINE('',#12568,#12569);
#12568 = CARTESIAN_POINT('',(3.752776749733,70.466666666667,106.5));
#12569 = VECTOR('',#12570,1.);
#12570 = DIRECTION('',(0.5,9.614813431918E-17,-0.866025403784));
#12571 = PCURVE('',#12438,#12572);
#12572 = DEFINITIONAL_REPRESENTATION('',(#12573),#12577);
#12573 = LINE('',#12574,#12575);
#12574 = CARTESIAN_POINT('',(8.470074779997E-16,-6.5));
#12575 = VECTOR('',#12576,1.);
#12576 = DIRECTION('',(1.,0.));
#12577 = ( GEOMETRIC_REPRESENTATION_CONTEXT(2) 
PARAMETRIC_REPRESENTATION_CONTEXT() REPRESENTATION_CONTEXT('2D SPACE',''
  ) );
#12578 = PCURVE('',#12466,#12579);
#12579 = DEFINITIONAL_REPRESENTATION('',(#12580),#12584);
#12580 = LINE('',#12581,#12582);
#12581 = CARTESIAN_POINT('',(3.752776749733,-6.5));
#12582 = VECTOR('',#12583,1.);
#12583 = DIRECTION('',(0.5,0.866025403784));
#12584 = ( GEOMETRIC_REPRESENTATION_CONTEXT(2) 
PARAMETRIC_REPRESENTATION_CONTEXT() REPRESENTATION_CONTEXT('2D SPACE',''
  ) );
#12585 = ORIENTED_EDGE('',*,*,#12415,.F.);
#12586 = ORIENTED_EDGE('',*,*,#12587,.F.);
#12587 = EDGE_CURVE('',#12536,#12416,#12588,.T.);
#12588 = SURFACE_CURVE('',#12589,(#12593,#12600),.PCURVE_S1.);
#12589 = LINE('',#12590,#12591);
#12590 = CARTESIAN_POINT('',(3.752776749733,63.966666666667,106.5));
#12591 = VECTOR('',#12592,1.);
#12592 = DIRECTION('',(0.5,9.614813431918E-17,-0.866025403784));
#12593 = PCURVE('',#12438,#12594);
#12594 = DEFINITIONAL_REPRESENTATION('',(#12595),#12599);
#12595 = LINE('',#12596,#12597);
#12596 = CARTESIAN_POINT('',(0.,0.));
#12597 = VECTOR('',#12598,1.);
#12598 = DIRECTION('',(1.,0.));
#12599 = ( GEOMETRIC_REPRESENTATION_CONTEXT(2) 
PARAMETRIC_REPRESENTATION_CONTEXT() REPRESENTATION_CONTEXT('2D SPACE',''
  ) );
#12600 = PCURVE('',#12520,#12601);
#12601 = DEFINITIONAL_REPRESENTATION('',(#12602),#12606);
#12602 = LINE('',#12603,#12604);
#12603 = CARTESIAN_POINT('',(3.752776749733,-6.5));
#12604 = VECTOR('',#12605,1.);
#12605 = DIRECTION('',(0.5,0.866025403784));
#12606 = ( GEOMETRIC_REPRESENTATION_CONTEXT(2) 
PARAMETRIC_REPRESENTATION_CONTEXT() REPRESENTATION_CONTEXT('2D SPACE',''
  ) );
#12607 = ADVANCED_FACE('',(#12608),#12494,.F.);
#12608 = FACE_BOUND('',#12609,.F.);
#12609 = EDGE_LOOP('',(#12610,#12611,#12634,#12662));
#12610 = ORIENTED_EDGE('',*,*,#12478,.T.);
#12611 = ORIENTED_EDGE('',*,*,#12612,.T.);
#12612 = EDGE_CURVE('',#12451,#12613,#12615,.T.);
#12613 = VERTEX_POINT('',#12614);
#12614 = CARTESIAN_POINT('',(-3.752776749733,70.466666666667,93.5));
#12615 = SURFACE_CURVE('',#12616,(#12620,#12627),.PCURVE_S1.);
#12616 = LINE('',#12617,#12618);
#12617 = CARTESIAN_POINT('',(3.752776749733,70.466666666667,93.5));
#12618 = VECTOR('',#12619,1.);
#12619 = DIRECTION('',(-1.,1.313795353796E-32,-1.183361653159E-16));
#12620 = PCURVE('',#12494,#12621);
#12621 = DEFINITIONAL_REPRESENTATION('',(#12622),#12626);
#12622 = LINE('',#12623,#12624);
#12623 = CARTESIAN_POINT('',(8.539669799672E-32,-6.5));
#12624 = VECTOR('',#12625,1.);
#12625 = DIRECTION('',(1.,0.));
#12626 = ( GEOMETRIC_REPRESENTATION_CONTEXT(2) 
PARAMETRIC_REPRESENTATION_CONTEXT() REPRESENTATION_CONTEXT('2D SPACE',''
  ) );
#12627 = PCURVE('',#12466,#12628);
#12628 = DEFINITIONAL_REPRESENTATION('',(#12629),#12633);
#12629 = LINE('',#12630,#12631);
#12630 = CARTESIAN_POINT('',(3.752776749733,6.5));
#12631 = VECTOR('',#12632,1.);
#12632 = DIRECTION('',(-1.,1.183361653159E-16));
#12633 = ( GEOMETRIC_REPRESENTATION_CONTEXT(2) 
PARAMETRIC_REPRESENTATION_CONTEXT() REPRESENTATION_CONTEXT('2D SPACE',''
  ) );
#12634 = ORIENTED_EDGE('',*,*,#12635,.F.);
#12635 = EDGE_CURVE('',#12636,#12613,#12638,.T.);
#12636 = VERTEX_POINT('',#12637);
#12637 = CARTESIAN_POINT('',(-3.752776749733,63.966666666667,93.5));
#12638 = SURFACE_CURVE('',#12639,(#12643,#12650),.PCURVE_S1.);
#12639 = LINE('',#12640,#12641);
#12640 = CARTESIAN_POINT('',(-3.752776749733,63.966666666667,93.5));
#12641 = VECTOR('',#12642,1.);
#12642 = DIRECTION('',(0.,1.,1.110223024625E-16));
#12643 = PCURVE('',#12494,#12644);
#12644 = DEFINITIONAL_REPRESENTATION('',(#12645),#12649);
#12645 = LINE('',#12646,#12647);
#12646 = CARTESIAN_POINT('',(7.505553499465,-0.));
#12647 = VECTOR('',#12648,1.);
#12648 = DIRECTION('',(0.,-1.));
#12649 = ( GEOMETRIC_REPRESENTATION_CONTEXT(2) 
PARAMETRIC_REPRESENTATION_CONTEXT() REPRESENTATION_CONTEXT('2D SPACE',''
  ) );
#12650 = PCURVE('',#12651,#12656);
#12651 = PLANE('',#12652);
#12652 = AXIS2_PLACEMENT_3D('',#12653,#12654,#12655);
#12653 = CARTESIAN_POINT('',(-3.752776749733,63.966666666667,93.5));
#12654 = DIRECTION('',(0.866025403784,-5.551115123126E-17,0.5));
#12655 = DIRECTION('',(-0.5,-9.614813431918E-17,0.866025403784));
#12656 = DEFINITIONAL_REPRESENTATION('',(#12657),#12661);
#12657 = LINE('',#12658,#12659);
#12658 = CARTESIAN_POINT('',(0.,0.));
#12659 = VECTOR('',#12660,1.);
#12660 = DIRECTION('',(0.,-1.));
#12661 = ( GEOMETRIC_REPRESENTATION_CONTEXT(2) 
PARAMETRIC_REPRESENTATION_CONTEXT() REPRESENTATION_CONTEXT('2D SPACE',''
  ) );
#12662 = ORIENTED_EDGE('',*,*,#12663,.F.);
#12663 = EDGE_CURVE('',#12479,#12636,#12664,.T.);
#12664 = SURFACE_CURVE('',#12665,(#12669,#12676),.PCURVE_S1.);
#12665 = LINE('',#12666,#12667);
#12666 = CARTESIAN_POINT('',(3.752776749733,63.966666666667,93.5));
#12667 = VECTOR('',#12668,1.);
#12668 = DIRECTION('',(-1.,1.313795353796E-32,-1.183361653159E-16));
#12669 = PCURVE('',#12494,#12670);
#12670 = DEFINITIONAL_REPRESENTATION('',(#12671),#12675);
#12671 = LINE('',#12672,#12673);
#12672 = CARTESIAN_POINT('',(0.,0.));
#12673 = VECTOR('',#12674,1.);
#12674 = DIRECTION('',(1.,0.));
#12675 = ( GEOMETRIC_REPRESENTATION_CONTEXT(2) 
PARAMETRIC_REPRESENTATION_CONTEXT() REPRESENTATION_CONTEXT('2D SPACE',''
  ) );
#12676 = PCURVE('',#12520,#12677);
#12677 = DEFINITIONAL_REPRESENTATION('',(#12678),#12682);
#12678 = LINE('',#12679,#12680);
#12679 = CARTESIAN_POINT('',(3.752776749733,6.5));
#12680 = VECTOR('',#12681,1.);
#12681 = DIRECTION('',(-1.,1.183361653159E-16));
#12682 = ( GEOMETRIC_REPRESENTATION_CONTEXT(2) 
PARAMETRIC_REPRESENTATION_CONTEXT() REPRESENTATION_CONTEXT('2D SPACE',''
  ) );
#12683 = ADVANCED_FACE('',(#12684,#12761),#12520,.F.);
#12684 = FACE_BOUND('',#12685,.F.);
#12685 = EDGE_LOOP('',(#12686,#12687,#12688,#12711,#12739,#12760));
#12686 = ORIENTED_EDGE('',*,*,#12506,.T.);
#12687 = ORIENTED_EDGE('',*,*,#12663,.T.);
#12688 = ORIENTED_EDGE('',*,*,#12689,.T.);
#12689 = EDGE_CURVE('',#12636,#12690,#12692,.T.);
#12690 = VERTEX_POINT('',#12691);
#12691 = CARTESIAN_POINT('',(-7.505553499465,63.966666666667,100.));
#12692 = SURFACE_CURVE('',#12693,(#12697,#12704),.PCURVE_S1.);
#12693 = LINE('',#12694,#12695);
#12694 = CARTESIAN_POINT('',(-3.752776749733,63.966666666667,93.5));
#12695 = VECTOR('',#12696,1.);
#12696 = DIRECTION('',(-0.5,-9.614813431918E-17,0.866025403784));
#12697 = PCURVE('',#12520,#12698);
#12698 = DEFINITIONAL_REPRESENTATION('',(#12699),#12703);
#12699 = LINE('',#12700,#12701);
#12700 = CARTESIAN_POINT('',(-3.752776749733,6.5));
#12701 = VECTOR('',#12702,1.);
#12702 = DIRECTION('',(-0.5,-0.866025403784));
#12703 = ( GEOMETRIC_REPRESENTATION_CONTEXT(2) 
PARAMETRIC_REPRESENTATION_CONTEXT() REPRESENTATION_CONTEXT('2D SPACE',''
  ) );
#12704 = PCURVE('',#12651,#12705);
#12705 = DEFINITIONAL_REPRESENTATION('',(#12706),#12710);
#12706 = LINE('',#12707,#12708);
#12707 = CARTESIAN_POINT('',(0.,0.));
#12708 = VECTOR('',#12709,1.);
#12709 = DIRECTION('',(1.,0.));
#12710 = ( GEOMETRIC_REPRESENTATION_CONTEXT(2) 
PARAMETRIC_REPRESENTATION_CONTEXT() REPRESENTATION_CONTEXT('2D SPACE',''
  ) );
#12711 = ORIENTED_EDGE('',*,*,#12712,.T.);
#12712 = EDGE_CURVE('',#12690,#12713,#12715,.T.);
#12713 = VERTEX_POINT('',#12714);
#12714 = CARTESIAN_POINT('',(-3.752776749733,63.966666666667,106.5));
#12715 = SURFACE_CURVE('',#12716,(#12720,#12727),.PCURVE_S1.);
#12716 = LINE('',#12717,#12718);
#12717 = CARTESIAN_POINT('',(-7.505553499465,63.966666666667,100.));
#12718 = VECTOR('',#12719,1.);
#12719 = DIRECTION('',(0.5,-9.614813431918E-17,0.866025403784));
#12720 = PCURVE('',#12520,#12721);
#12721 = DEFINITIONAL_REPRESENTATION('',(#12722),#12726);
#12722 = LINE('',#12723,#12724);
#12723 = CARTESIAN_POINT('',(-7.505553499465,0.));
#12724 = VECTOR('',#12725,1.);
#12725 = DIRECTION('',(0.5,-0.866025403784));
#12726 = ( GEOMETRIC_REPRESENTATION_CONTEXT(2) 
PARAMETRIC_REPRESENTATION_CONTEXT() REPRESENTATION_CONTEXT('2D SPACE',''
  ) );
#12727 = PCURVE('',#12728,#12733);
#12728 = PLANE('',#12729);
#12729 = AXIS2_PLACEMENT_3D('',#12730,#12731,#12732);
#12730 = CARTESIAN_POINT('',(-7.505553499465,63.966666666667,100.));
#12731 = DIRECTION('',(0.866025403784,5.551115123126E-17,-0.5));
#12732 = DIRECTION('',(0.5,-9.614813431918E-17,0.866025403784));
#12733 = DEFINITIONAL_REPRESENTATION('',(#12734),#12738);
#12734 = LINE('',#12735,#12736);
#12735 = CARTESIAN_POINT('',(0.,0.));
#12736 = VECTOR('',#12737,1.);
#12737 = DIRECTION('',(1.,0.));
#12738 = ( GEOMETRIC_REPRESENTATION_CONTEXT(2) 
PARAMETRIC_REPRESENTATION_CONTEXT() REPRESENTATION_CONTEXT('2D SPACE',''
  ) );
#12739 = ORIENTED_EDGE('',*,*,#12740,.T.);
#12740 = EDGE_CURVE('',#12713,#12536,#12741,.T.);
#12741 = SURFACE_CURVE('',#12742,(#12746,#12753),.PCURVE_S1.);
#12742 = LINE('',#12743,#12744);
#12743 = CARTESIAN_POINT('',(-3.752776749733,63.966666666667,106.5));
#12744 = VECTOR('',#12745,1.);
#12745 = DIRECTION('',(1.,-6.568976768979E-32,5.916808265796E-16));
#12746 = PCURVE('',#12520,#12747);
#12747 = DEFINITIONAL_REPRESENTATION('',(#12748),#12752);
#12748 = LINE('',#12749,#12750);
#12749 = CARTESIAN_POINT('',(-3.752776749733,-6.5));
#12750 = VECTOR('',#12751,1.);
#12751 = DIRECTION('',(1.,-5.916808265796E-16));
#12752 = ( GEOMETRIC_REPRESENTATION_CONTEXT(2) 
PARAMETRIC_REPRESENTATION_CONTEXT() REPRESENTATION_CONTEXT('2D SPACE',''
  ) );
#12753 = PCURVE('',#12553,#12754);
#12754 = DEFINITIONAL_REPRESENTATION('',(#12755),#12759);
#12755 = LINE('',#12756,#12757);
#12756 = CARTESIAN_POINT('',(0.,0.));
#12757 = VECTOR('',#12758,1.);
#12758 = DIRECTION('',(1.,0.));
#12759 = ( GEOMETRIC_REPRESENTATION_CONTEXT(2) 
PARAMETRIC_REPRESENTATION_CONTEXT() REPRESENTATION_CONTEXT('2D SPACE',''
  ) );
#12760 = ORIENTED_EDGE('',*,*,#12587,.T.);
#12761 = FACE_BOUND('',#12762,.F.);
#12762 = EDGE_LOOP('',(#12763));
#12763 = ORIENTED_EDGE('',*,*,#12764,.F.);
#12764 = EDGE_CURVE('',#12765,#12765,#12767,.T.);
#12765 = VERTEX_POINT('',#12766);
#12766 = CARTESIAN_POINT('',(4.,63.966666666667,100.));
#12767 = SURFACE_CURVE('',#12768,(#12773,#12780),.PCURVE_S1.);
#12768 = CIRCLE('',#12769,4.);
#12769 = AXIS2_PLACEMENT_3D('',#12770,#12771,#12772);
#12770 = CARTESIAN_POINT('',(0.,63.966666666667,100.));
#12771 = DIRECTION('',(-0.,1.,1.110223024625E-16));
#12772 = DIRECTION('',(1.,0.,0.));
#12773 = PCURVE('',#12520,#12774);
#12774 = DEFINITIONAL_REPRESENTATION('',(#12775),#12779);
#12775 = CIRCLE('',#12776,4.);
#12776 = AXIS2_PLACEMENT_2D('',#12777,#12778);
#12777 = CARTESIAN_POINT('',(3.155631075091E-16,0.));
#12778 = DIRECTION('',(1.,0.));
#12779 = ( GEOMETRIC_REPRESENTATION_CONTEXT(2) 
PARAMETRIC_REPRESENTATION_CONTEXT() REPRESENTATION_CONTEXT('2D SPACE',''
  ) );
#12780 = PCURVE('',#12781,#12786);
#12781 = CYLINDRICAL_SURFACE('',#12782,4.);
#12782 = AXIS2_PLACEMENT_3D('',#12783,#12784,#12785);
#12783 = CARTESIAN_POINT('',(0.,62.966666666667,100.));
#12784 = DIRECTION('',(0.,1.,1.110223024625E-16));
#12785 = DIRECTION('',(1.,0.,0.));
#12786 = DEFINITIONAL_REPRESENTATION('',(#12787),#12791);
#12787 = LINE('',#12788,#12789);
#12788 = CARTESIAN_POINT('',(0.,1.));
#12789 = VECTOR('',#12790,1.);
#12790 = DIRECTION('',(1.,0.));
#12791 = ( GEOMETRIC_REPRESENTATION_CONTEXT(2) 
PARAMETRIC_REPRESENTATION_CONTEXT() REPRESENTATION_CONTEXT('2D SPACE',''
  ) );
#12792 = ADVANCED_FACE('',(#12793,#12865),#12466,.T.);
#12793 = FACE_BOUND('',#12794,.T.);
#12794 = EDGE_LOOP('',(#12795,#12796,#12797,#12820,#12843,#12864));
#12795 = ORIENTED_EDGE('',*,*,#12450,.T.);
#12796 = ORIENTED_EDGE('',*,*,#12612,.T.);
#12797 = ORIENTED_EDGE('',*,*,#12798,.T.);
#12798 = EDGE_CURVE('',#12613,#12799,#12801,.T.);
#12799 = VERTEX_POINT('',#12800);
#12800 = CARTESIAN_POINT('',(-7.505553499465,70.466666666667,100.));
#12801 = SURFACE_CURVE('',#12802,(#12806,#12813),.PCURVE_S1.);
#12802 = LINE('',#12803,#12804);
#12803 = CARTESIAN_POINT('',(-3.752776749733,70.466666666667,93.5));
#12804 = VECTOR('',#12805,1.);
#12805 = DIRECTION('',(-0.5,-9.614813431918E-17,0.866025403784));
#12806 = PCURVE('',#12466,#12807);
#12807 = DEFINITIONAL_REPRESENTATION('',(#12808),#12812);
#12808 = LINE('',#12809,#12810);
#12809 = CARTESIAN_POINT('',(-3.752776749733,6.5));
#12810 = VECTOR('',#12811,1.);
#12811 = DIRECTION('',(-0.5,-0.866025403784));
#12812 = ( GEOMETRIC_REPRESENTATION_CONTEXT(2) 
PARAMETRIC_REPRESENTATION_CONTEXT() REPRESENTATION_CONTEXT('2D SPACE',''
  ) );
#12813 = PCURVE('',#12651,#12814);
#12814 = DEFINITIONAL_REPRESENTATION('',(#12815),#12819);
#12815 = LINE('',#12816,#12817);
#12816 = CARTESIAN_POINT('',(-8.470074779997E-16,-6.5));
#12817 = VECTOR('',#12818,1.);
#12818 = DIRECTION('',(1.,0.));
#12819 = ( GEOMETRIC_REPRESENTATION_CONTEXT(2) 
PARAMETRIC_REPRESENTATION_CONTEXT() REPRESENTATION_CONTEXT('2D SPACE',''
  ) );
#12820 = ORIENTED_EDGE('',*,*,#12821,.T.);
#12821 = EDGE_CURVE('',#12799,#12822,#12824,.T.);
#12822 = VERTEX_POINT('',#12823);
#12823 = CARTESIAN_POINT('',(-3.752776749733,70.466666666667,106.5));
#12824 = SURFACE_CURVE('',#12825,(#12829,#12836),.PCURVE_S1.);
#12825 = LINE('',#12826,#12827);
#12826 = CARTESIAN_POINT('',(-7.505553499465,70.466666666667,100.));
#12827 = VECTOR('',#12828,1.);
#12828 = DIRECTION('',(0.5,-9.614813431918E-17,0.866025403784));
#12829 = PCURVE('',#12466,#12830);
#12830 = DEFINITIONAL_REPRESENTATION('',(#12831),#12835);
#12831 = LINE('',#12832,#12833);
#12832 = CARTESIAN_POINT('',(-7.505553499465,0.));
#12833 = VECTOR('',#12834,1.);
#12834 = DIRECTION('',(0.5,-0.866025403784));
#12835 = ( GEOMETRIC_REPRESENTATION_CONTEXT(2) 
PARAMETRIC_REPRESENTATION_CONTEXT() REPRESENTATION_CONTEXT('2D SPACE',''
  ) );
#12836 = PCURVE('',#12728,#12837);
#12837 = DEFINITIONAL_REPRESENTATION('',(#12838),#12842);
#12838 = LINE('',#12839,#12840);
#12839 = CARTESIAN_POINT('',(-6.249628730747E-16,-6.5));
#12840 = VECTOR('',#12841,1.);
#12841 = DIRECTION('',(1.,0.));
#12842 = ( GEOMETRIC_REPRESENTATION_CONTEXT(2) 
PARAMETRIC_REPRESENTATION_CONTEXT() REPRESENTATION_CONTEXT('2D SPACE',''
  ) );
#12843 = ORIENTED_EDGE('',*,*,#12844,.T.);
#12844 = EDGE_CURVE('',#12822,#12538,#12845,.T.);
#12845 = SURFACE_CURVE('',#12846,(#12850,#12857),.PCURVE_S1.);
#12846 = LINE('',#12847,#12848);
#12847 = CARTESIAN_POINT('',(-3.752776749733,70.466666666667,106.5));
#12848 = VECTOR('',#12849,1.);
#12849 = DIRECTION('',(1.,-6.568976768979E-32,5.916808265796E-16));
#12850 = PCURVE('',#12466,#12851);
#12851 = DEFINITIONAL_REPRESENTATION('',(#12852),#12856);
#12852 = LINE('',#12853,#12854);
#12853 = CARTESIAN_POINT('',(-3.752776749733,-6.5));
#12854 = VECTOR('',#12855,1.);
#12855 = DIRECTION('',(1.,-5.916808265796E-16));
#12856 = ( GEOMETRIC_REPRESENTATION_CONTEXT(2) 
PARAMETRIC_REPRESENTATION_CONTEXT() REPRESENTATION_CONTEXT('2D SPACE',''
  ) );
#12857 = PCURVE('',#12553,#12858);
#12858 = DEFINITIONAL_REPRESENTATION('',(#12859),#12863);
#12859 = LINE('',#12860,#12861);
#12860 = CARTESIAN_POINT('',(-4.269834899836E-31,-6.5));
#12861 = VECTOR('',#12862,1.);
#12862 = DIRECTION('',(1.,0.));
#12863 = ( GEOMETRIC_REPRESENTATION_CONTEXT(2) 
PARAMETRIC_REPRESENTATION_CONTEXT() REPRESENTATION_CONTEXT('2D SPACE',''
  ) );
#12864 = ORIENTED_EDGE('',*,*,#12565,.T.);
#12865 = FACE_BOUND('',#12866,.T.);
#12866 = EDGE_LOOP('',(#12867));
#12867 = ORIENTED_EDGE('',*,*,#12868,.F.);
#12868 = EDGE_CURVE('',#12869,#12869,#12871,.T.);
#12869 = VERTEX_POINT('',#12870);
#12870 = CARTESIAN_POINT('',(4.,70.466666666667,100.));
#12871 = SURFACE_CURVE('',#12872,(#12877,#12884),.PCURVE_S1.);
#12872 = CIRCLE('',#12873,4.);
#12873 = AXIS2_PLACEMENT_3D('',#12874,#12875,#12876);
#12874 = CARTESIAN_POINT('',(0.,70.466666666667,100.));
#12875 = DIRECTION('',(-0.,1.,1.110223024625E-16));
#12876 = DIRECTION('',(1.,0.,0.));
#12877 = PCURVE('',#12466,#12878);
#12878 = DEFINITIONAL_REPRESENTATION('',(#12879),#12883);
#12879 = CIRCLE('',#12880,4.);
#12880 = AXIS2_PLACEMENT_2D('',#12881,#12882);
#12881 = CARTESIAN_POINT('',(3.155631075091E-16,0.));
#12882 = DIRECTION('',(1.,0.));
#12883 = ( GEOMETRIC_REPRESENTATION_CONTEXT(2) 
PARAMETRIC_REPRESENTATION_CONTEXT() REPRESENTATION_CONTEXT('2D SPACE',''
  ) );
#12884 = PCURVE('',#12781,#12885);
#12885 = DEFINITIONAL_REPRESENTATION('',(#12886),#12890);
#12886 = LINE('',#12887,#12888);
#12887 = CARTESIAN_POINT('',(0.,7.5));
#12888 = VECTOR('',#12889,1.);
#12889 = DIRECTION('',(1.,0.));
#12890 = ( GEOMETRIC_REPRESENTATION_CONTEXT(2) 
PARAMETRIC_REPRESENTATION_CONTEXT() REPRESENTATION_CONTEXT('2D SPACE',''
  ) );
#12891 = ADVANCED_FACE('',(#12892),#12553,.F.);
#12892 = FACE_BOUND('',#12893,.F.);
#12893 = EDGE_LOOP('',(#12894,#12915,#12916,#12917));
#12894 = ORIENTED_EDGE('',*,*,#12895,.T.);
#12895 = EDGE_CURVE('',#12713,#12822,#12896,.T.);
#12896 = SURFACE_CURVE('',#12897,(#12901,#12908),.PCURVE_S1.);
#12897 = LINE('',#12898,#12899);
#12898 = CARTESIAN_POINT('',(-3.752776749733,63.966666666667,106.5));
#12899 = VECTOR('',#12900,1.);
#12900 = DIRECTION('',(0.,1.,1.110223024625E-16));
#12901 = PCURVE('',#12553,#12902);
#12902 = DEFINITIONAL_REPRESENTATION('',(#12903),#12907);
#12903 = LINE('',#12904,#12905);
#12904 = CARTESIAN_POINT('',(0.,0.));
#12905 = VECTOR('',#12906,1.);
#12906 = DIRECTION('',(0.,-1.));
#12907 = ( GEOMETRIC_REPRESENTATION_CONTEXT(2) 
PARAMETRIC_REPRESENTATION_CONTEXT() REPRESENTATION_CONTEXT('2D SPACE',''
  ) );
#12908 = PCURVE('',#12728,#12909);
#12909 = DEFINITIONAL_REPRESENTATION('',(#12910),#12914);
#12910 = LINE('',#12911,#12912);
#12911 = CARTESIAN_POINT('',(7.505553499465,-7.216449660064E-16));
#12912 = VECTOR('',#12913,1.);
#12913 = DIRECTION('',(0.,-1.));
#12914 = ( GEOMETRIC_REPRESENTATION_CONTEXT(2) 
PARAMETRIC_REPRESENTATION_CONTEXT() REPRESENTATION_CONTEXT('2D SPACE',''
  ) );
#12915 = ORIENTED_EDGE('',*,*,#12844,.T.);
#12916 = ORIENTED_EDGE('',*,*,#12535,.F.);
#12917 = ORIENTED_EDGE('',*,*,#12740,.F.);
#12918 = ADVANCED_FACE('',(#12919),#12651,.F.);
#12919 = FACE_BOUND('',#12920,.F.);
#12920 = EDGE_LOOP('',(#12921,#12922,#12923,#12944));
#12921 = ORIENTED_EDGE('',*,*,#12635,.T.);
#12922 = ORIENTED_EDGE('',*,*,#12798,.T.);
#12923 = ORIENTED_EDGE('',*,*,#12924,.F.);
#12924 = EDGE_CURVE('',#12690,#12799,#12925,.T.);
#12925 = SURFACE_CURVE('',#12926,(#12930,#12937),.PCURVE_S1.);
#12926 = LINE('',#12927,#12928);
#12927 = CARTESIAN_POINT('',(-7.505553499465,63.966666666667,100.));
#12928 = VECTOR('',#12929,1.);
#12929 = DIRECTION('',(0.,1.,1.110223024625E-16));
#12930 = PCURVE('',#12651,#12931);
#12931 = DEFINITIONAL_REPRESENTATION('',(#12932),#12936);
#12932 = LINE('',#12933,#12934);
#12933 = CARTESIAN_POINT('',(7.505553499465,-7.216449660064E-16));
#12934 = VECTOR('',#12935,1.);
#12935 = DIRECTION('',(0.,-1.));
#12936 = ( GEOMETRIC_REPRESENTATION_CONTEXT(2) 
PARAMETRIC_REPRESENTATION_CONTEXT() REPRESENTATION_CONTEXT('2D SPACE',''
  ) );
#12937 = PCURVE('',#12728,#12938);
#12938 = DEFINITIONAL_REPRESENTATION('',(#12939),#12943);
#12939 = LINE('',#12940,#12941);
#12940 = CARTESIAN_POINT('',(0.,0.));
#12941 = VECTOR('',#12942,1.);
#12942 = DIRECTION('',(0.,-1.));
#12943 = ( GEOMETRIC_REPRESENTATION_CONTEXT(2) 
PARAMETRIC_REPRESENTATION_CONTEXT() REPRESENTATION_CONTEXT('2D SPACE',''
  ) );
#12944 = ORIENTED_EDGE('',*,*,#12689,.F.);
#12945 = ADVANCED_FACE('',(#12946),#12728,.F.);
#12946 = FACE_BOUND('',#12947,.F.);
#12947 = EDGE_LOOP('',(#12948,#12949,#12950,#12951));
#12948 = ORIENTED_EDGE('',*,*,#12924,.T.);
#12949 = ORIENTED_EDGE('',*,*,#12821,.T.);
#12950 = ORIENTED_EDGE('',*,*,#12895,.F.);
#12951 = ORIENTED_EDGE('',*,*,#12712,.F.);
#12952 = ADVANCED_FACE('',(#12953),#12781,.F.);
#12953 = FACE_BOUND('',#12954,.F.);
#12954 = EDGE_LOOP('',(#12955,#12956,#12977,#12978));
#12955 = ORIENTED_EDGE('',*,*,#12868,.F.);
#12956 = ORIENTED_EDGE('',*,*,#12957,.F.);
#12957 = EDGE_CURVE('',#12765,#12869,#12958,.T.);
#12958 = SEAM_CURVE('',#12959,(#12963,#12970),.PCURVE_S1.);
#12959 = LINE('',#12960,#12961);
#12960 = CARTESIAN_POINT('',(4.,62.966666666667,100.));
#12961 = VECTOR('',#12962,1.);
#12962 = DIRECTION('',(0.,1.,1.110223024625E-16));
#12963 = PCURVE('',#12781,#12964);
#12964 = DEFINITIONAL_REPRESENTATION('',(#12965),#12969);
#12965 = LINE('',#12966,#12967);
#12966 = CARTESIAN_POINT('',(6.28318530718,-0.));
#12967 = VECTOR('',#12968,1.);
#12968 = DIRECTION('',(0.,1.));
#12969 = ( GEOMETRIC_REPRESENTATION_CONTEXT(2) 
PARAMETRIC_REPRESENTATION_CONTEXT() REPRESENTATION_CONTEXT('2D SPACE',''
  ) );
#12970 = PCURVE('',#12781,#12971);
#12971 = DEFINITIONAL_REPRESENTATION('',(#12972),#12976);
#12972 = LINE('',#12973,#12974);
#12973 = CARTESIAN_POINT('',(0.,-0.));
#12974 = VECTOR('',#12975,1.);
#12975 = DIRECTION('',(0.,1.));
#12976 = ( GEOMETRIC_REPRESENTATION_CONTEXT(2) 
PARAMETRIC_REPRESENTATION_CONTEXT() REPRESENTATION_CONTEXT('2D SPACE',''
  ) );
#12977 = ORIENTED_EDGE('',*,*,#12764,.T.);
#12978 = ORIENTED_EDGE('',*,*,#12957,.T.);
#12979 = ( GEOMETRIC_REPRESENTATION_CONTEXT(3) 
GLOBAL_UNCERTAINTY_ASSIGNED_CONTEXT((#12983)) 
GLOBAL_UNIT_ASSIGNED_CONTEXT((#12980,#12981,#12982)) 
REPRESENTATION_CONTEXT('Context #1',
  '3D Context with UNIT and UNCERTAINTY') );
#12980 = ( LENGTH_UNIT() NAMED_UNIT(*) SI_UNIT(.MILLI.,.METRE.) );
#12981 = ( NAMED_UNIT(*) PLANE_ANGLE_UNIT() SI_UNIT($,.RADIAN.) );
#12982 = ( NAMED_UNIT(*) SI_UNIT($,.STERADIAN.) SOLID_ANGLE_UNIT() );
#12983 = UNCERTAINTY_MEASURE_WITH_UNIT(LENGTH_MEASURE(1.E-07),#12980,
  'distance_accuracy_value','confusion accuracy');
#12984 = CONTEXT_DEPENDENT_SHAPE_REPRESENTATION(#12985,#12987);
#12985 = ( REPRESENTATION_RELATIONSHIP('','',#12408,#10) 
REPRESENTATION_RELATIONSHIP_WITH_TRANSFORMATION(#12986) 
SHAPE_REPRESENTATION_RELATIONSHIP() );
#12986 = ITEM_DEFINED_TRANSFORMATION('','',#11,#63);
#12987 = PRODUCT_DEFINITION_SHAPE('Placement','Placement of an item',
  #12988);
#12988 = NEXT_ASSEMBLY_USAGE_OCCURRENCE('13','chuck_captive_nut_0','',#5
  ,#12403,$);
#12989 = PRODUCT_RELATED_PRODUCT_CATEGORY('part',$,(#12405));
#12990 = SHAPE_DEFINITION_REPRESENTATION(#12991,#12997);
#12991 = PRODUCT_DEFINITION_SHAPE('','',#12992);
#12992 = PRODUCT_DEFINITION('design','',#12993,#12996);
#12993 = PRODUCT_DEFINITION_FORMATION('','',#12994);
#12994 = PRODUCT('chuck_back_nut_0','chuck_back_nut_0','',(#12995));
#12995 = PRODUCT_CONTEXT('',#2,'mechanical');
#12996 = PRODUCT_DEFINITION_CONTEXT('part definition',#2,'design');
#12997 = ADVANCED_BREP_SHAPE_REPRESENTATION('',(#11,#12998),#13568);
#12998 = MANIFOLD_SOLID_BREP('',#12999);
#12999 = CLOSED_SHELL('',(#13000,#13120,#13196,#13272,#13381,#13480,
    #13507,#13534,#13541));
#13000 = ADVANCED_FACE('',(#13001),#13015,.F.);
#13001 = FACE_BOUND('',#13002,.F.);
#13002 = EDGE_LOOP('',(#13003,#13038,#13066,#13094));
#13003 = ORIENTED_EDGE('',*,*,#13004,.T.);
#13004 = EDGE_CURVE('',#13005,#13007,#13009,.T.);
#13005 = VERTEX_POINT('',#13006);
#13006 = CARTESIAN_POINT('',(7.505553499465,34.766666666667,100.));
#13007 = VERTEX_POINT('',#13008);
#13008 = CARTESIAN_POINT('',(7.505553499465,41.266666666667,100.));
#13009 = SURFACE_CURVE('',#13010,(#13014,#13026),.PCURVE_S1.);
#13010 = LINE('',#13011,#13012);
#13011 = CARTESIAN_POINT('',(7.505553499465,34.766666666667,100.));
#13012 = VECTOR('',#13013,1.);
#13013 = DIRECTION('',(0.,1.,1.110223024625E-16));
#13014 = PCURVE('',#13015,#13020);
#13015 = PLANE('',#13016);
#13016 = AXIS2_PLACEMENT_3D('',#13017,#13018,#13019);
#13017 = CARTESIAN_POINT('',(7.505553499465,34.766666666667,100.));
#13018 = DIRECTION('',(-0.866025403784,-5.551115123126E-17,0.5));
#13019 = DIRECTION('',(-0.5,9.614813431918E-17,-0.866025403784));
#13020 = DEFINITIONAL_REPRESENTATION('',(#13021),#13025);
#13021 = LINE('',#13022,#13023);
#13022 = CARTESIAN_POINT('',(0.,0.));
#13023 = VECTOR('',#13024,1.);
#13024 = DIRECTION('',(0.,-1.));
#13025 = ( GEOMETRIC_REPRESENTATION_CONTEXT(2) 
PARAMETRIC_REPRESENTATION_CONTEXT() REPRESENTATION_CONTEXT('2D SPACE',''
  ) );
#13026 = PCURVE('',#13027,#13032);
#13027 = PLANE('',#13028);
#13028 = AXIS2_PLACEMENT_3D('',#13029,#13030,#13031);
#13029 = CARTESIAN_POINT('',(3.752776749733,34.766666666667,106.5));
#13030 = DIRECTION('',(-0.866025403784,5.551115123126E-17,-0.5));
#13031 = DIRECTION('',(0.5,9.614813431918E-17,-0.866025403784));
#13032 = DEFINITIONAL_REPRESENTATION('',(#13033),#13037);
#13033 = LINE('',#13034,#13035);
#13034 = CARTESIAN_POINT('',(7.505553499465,7.216449660064E-16));
#13035 = VECTOR('',#13036,1.);
#13036 = DIRECTION('',(0.,-1.));
#13037 = ( GEOMETRIC_REPRESENTATION_CONTEXT(2) 
PARAMETRIC_REPRESENTATION_CONTEXT() REPRESENTATION_CONTEXT('2D SPACE',''
  ) );
#13038 = ORIENTED_EDGE('',*,*,#13039,.T.);
#13039 = EDGE_CURVE('',#13007,#13040,#13042,.T.);
#13040 = VERTEX_POINT('',#13041);
#13041 = CARTESIAN_POINT('',(3.752776749733,41.266666666667,93.5));
#13042 = SURFACE_CURVE('',#13043,(#13047,#13054),.PCURVE_S1.);
#13043 = LINE('',#13044,#13045);
#13044 = CARTESIAN_POINT('',(7.505553499465,41.266666666667,100.));
#13045 = VECTOR('',#13046,1.);
#13046 = DIRECTION('',(-0.5,9.614813431918E-17,-0.866025403784));
#13047 = PCURVE('',#13015,#13048);
#13048 = DEFINITIONAL_REPRESENTATION('',(#13049),#13053);
#13049 = LINE('',#13050,#13051);
#13050 = CARTESIAN_POINT('',(6.249628730747E-16,-6.5));
#13051 = VECTOR('',#13052,1.);
#13052 = DIRECTION('',(1.,0.));
#13053 = ( GEOMETRIC_REPRESENTATION_CONTEXT(2) 
PARAMETRIC_REPRESENTATION_CONTEXT() REPRESENTATION_CONTEXT('2D SPACE',''
  ) );
#13054 = PCURVE('',#13055,#13060);
#13055 = PLANE('',#13056);
#13056 = AXIS2_PLACEMENT_3D('',#13057,#13058,#13059);
#13057 = CARTESIAN_POINT('',(-3.155631075091E-16,41.266666666667,100.));
#13058 = DIRECTION('',(0.,1.,1.110223024625E-16));
#13059 = DIRECTION('',(1.,0.,0.));
#13060 = DEFINITIONAL_REPRESENTATION('',(#13061),#13065);
#13061 = LINE('',#13062,#13063);
#13062 = CARTESIAN_POINT('',(7.505553499465,0.));
#13063 = VECTOR('',#13064,1.);
#13064 = DIRECTION('',(-0.5,0.866025403784));
#13065 = ( GEOMETRIC_REPRESENTATION_CONTEXT(2) 
PARAMETRIC_REPRESENTATION_CONTEXT() REPRESENTATION_CONTEXT('2D SPACE',''
  ) );
#13066 = ORIENTED_EDGE('',*,*,#13067,.F.);
#13067 = EDGE_CURVE('',#13068,#13040,#13070,.T.);
#13068 = VERTEX_POINT('',#13069);
#13069 = CARTESIAN_POINT('',(3.752776749733,34.766666666667,93.5));
#13070 = SURFACE_CURVE('',#13071,(#13075,#13082),.PCURVE_S1.);
#13071 = LINE('',#13072,#13073);
#13072 = CARTESIAN_POINT('',(3.752776749733,34.766666666667,93.5));
#13073 = VECTOR('',#13074,1.);
#13074 = DIRECTION('',(0.,1.,1.110223024625E-16));
#13075 = PCURVE('',#13015,#13076);
#13076 = DEFINITIONAL_REPRESENTATION('',(#13077),#13081);
#13077 = LINE('',#13078,#13079);
#13078 = CARTESIAN_POINT('',(7.505553499465,7.216449660064E-16));
#13079 = VECTOR('',#13080,1.);
#13080 = DIRECTION('',(0.,-1.));
#13081 = ( GEOMETRIC_REPRESENTATION_CONTEXT(2) 
PARAMETRIC_REPRESENTATION_CONTEXT() REPRESENTATION_CONTEXT('2D SPACE',''
  ) );
#13082 = PCURVE('',#13083,#13088);
#13083 = PLANE('',#13084);
#13084 = AXIS2_PLACEMENT_3D('',#13085,#13086,#13087);
#13085 = CARTESIAN_POINT('',(3.752776749733,34.766666666667,93.5));
#13086 = DIRECTION('',(-1.183361653159E-16,-1.110223024625E-16,1.));
#13087 = DIRECTION('',(-1.,1.313795353796E-32,-1.183361653159E-16));
#13088 = DEFINITIONAL_REPRESENTATION('',(#13089),#13093);
#13089 = LINE('',#13090,#13091);
#13090 = CARTESIAN_POINT('',(0.,0.));
#13091 = VECTOR('',#13092,1.);
#13092 = DIRECTION('',(0.,-1.));
#13093 = ( GEOMETRIC_REPRESENTATION_CONTEXT(2) 
PARAMETRIC_REPRESENTATION_CONTEXT() REPRESENTATION_CONTEXT('2D SPACE',''
  ) );
#13094 = ORIENTED_EDGE('',*,*,#13095,.F.);
#13095 = EDGE_CURVE('',#13005,#13068,#13096,.T.);
#13096 = SURFACE_CURVE('',#13097,(#13101,#13108),.PCURVE_S1.);
#13097 = LINE('',#13098,#13099);
#13098 = CARTESIAN_POINT('',(7.505553499465,34.766666666667,100.));
#13099 = VECTOR('',#13100,1.);
#13100 = DIRECTION('',(-0.5,9.614813431918E-17,-0.866025403784));
#13101 = PCURVE('',#13015,#13102);
#13102 = DEFINITIONAL_REPRESENTATION('',(#13103),#13107);
#13103 = LINE('',#13104,#13105);
#13104 = CARTESIAN_POINT('',(0.,0.));
#13105 = VECTOR('',#13106,1.);
#13106 = DIRECTION('',(1.,0.));
#13107 = ( GEOMETRIC_REPRESENTATION_CONTEXT(2) 
PARAMETRIC_REPRESENTATION_CONTEXT() REPRESENTATION_CONTEXT('2D SPACE',''
  ) );
#13108 = PCURVE('',#13109,#13114);
#13109 = PLANE('',#13110);
#13110 = AXIS2_PLACEMENT_3D('',#13111,#13112,#13113);
#13111 = CARTESIAN_POINT('',(-3.155631075091E-16,34.766666666667,100.));
#13112 = DIRECTION('',(0.,1.,1.110223024625E-16));
#13113 = DIRECTION('',(1.,0.,0.));
#13114 = DEFINITIONAL_REPRESENTATION('',(#13115),#13119);
#13115 = LINE('',#13116,#13117);
#13116 = CARTESIAN_POINT('',(7.505553499465,0.));
#13117 = VECTOR('',#13118,1.);
#13118 = DIRECTION('',(-0.5,0.866025403784));
#13119 = ( GEOMETRIC_REPRESENTATION_CONTEXT(2) 
PARAMETRIC_REPRESENTATION_CONTEXT() REPRESENTATION_CONTEXT('2D SPACE',''
  ) );
#13120 = ADVANCED_FACE('',(#13121),#13027,.F.);
#13121 = FACE_BOUND('',#13122,.F.);
#13122 = EDGE_LOOP('',(#13123,#13153,#13174,#13175));
#13123 = ORIENTED_EDGE('',*,*,#13124,.T.);
#13124 = EDGE_CURVE('',#13125,#13127,#13129,.T.);
#13125 = VERTEX_POINT('',#13126);
#13126 = CARTESIAN_POINT('',(3.752776749733,34.766666666667,106.5));
#13127 = VERTEX_POINT('',#13128);
#13128 = CARTESIAN_POINT('',(3.752776749733,41.266666666667,106.5));
#13129 = SURFACE_CURVE('',#13130,(#13134,#13141),.PCURVE_S1.);
#13130 = LINE('',#13131,#13132);
#13131 = CARTESIAN_POINT('',(3.752776749733,34.766666666667,106.5));
#13132 = VECTOR('',#13133,1.);
#13133 = DIRECTION('',(0.,1.,1.110223024625E-16));
#13134 = PCURVE('',#13027,#13135);
#13135 = DEFINITIONAL_REPRESENTATION('',(#13136),#13140);
#13136 = LINE('',#13137,#13138);
#13137 = CARTESIAN_POINT('',(0.,0.));
#13138 = VECTOR('',#13139,1.);
#13139 = DIRECTION('',(0.,-1.));
#13140 = ( GEOMETRIC_REPRESENTATION_CONTEXT(2) 
PARAMETRIC_REPRESENTATION_CONTEXT() REPRESENTATION_CONTEXT('2D SPACE',''
  ) );
#13141 = PCURVE('',#13142,#13147);
#13142 = PLANE('',#13143);
#13143 = AXIS2_PLACEMENT_3D('',#13144,#13145,#13146);
#13144 = CARTESIAN_POINT('',(-3.752776749733,34.766666666667,106.5));
#13145 = DIRECTION('',(5.916808265796E-16,1.110223024625E-16,-1.));
#13146 = DIRECTION('',(1.,-6.568976768979E-32,5.916808265796E-16));
#13147 = DEFINITIONAL_REPRESENTATION('',(#13148),#13152);
#13148 = LINE('',#13149,#13150);
#13149 = CARTESIAN_POINT('',(7.505553499465,0.));
#13150 = VECTOR('',#13151,1.);
#13151 = DIRECTION('',(0.,-1.));
#13152 = ( GEOMETRIC_REPRESENTATION_CONTEXT(2) 
PARAMETRIC_REPRESENTATION_CONTEXT() REPRESENTATION_CONTEXT('2D SPACE',''
  ) );
#13153 = ORIENTED_EDGE('',*,*,#13154,.T.);
#13154 = EDGE_CURVE('',#13127,#13007,#13155,.T.);
#13155 = SURFACE_CURVE('',#13156,(#13160,#13167),.PCURVE_S1.);
#13156 = LINE('',#13157,#13158);
#13157 = CARTESIAN_POINT('',(3.752776749733,41.266666666667,106.5));
#13158 = VECTOR('',#13159,1.);
#13159 = DIRECTION('',(0.5,9.614813431918E-17,-0.866025403784));
#13160 = PCURVE('',#13027,#13161);
#13161 = DEFINITIONAL_REPRESENTATION('',(#13162),#13166);
#13162 = LINE('',#13163,#13164);
#13163 = CARTESIAN_POINT('',(8.470074779997E-16,-6.5));
#13164 = VECTOR('',#13165,1.);
#13165 = DIRECTION('',(1.,0.));
#13166 = ( GEOMETRIC_REPRESENTATION_CONTEXT(2) 
PARAMETRIC_REPRESENTATION_CONTEXT() REPRESENTATION_CONTEXT('2D SPACE',''
  ) );
#13167 = PCURVE('',#13055,#13168);
#13168 = DEFINITIONAL_REPRESENTATION('',(#13169),#13173);
#13169 = LINE('',#13170,#13171);
#13170 = CARTESIAN_POINT('',(3.752776749733,-6.5));
#13171 = VECTOR('',#13172,1.);
#13172 = DIRECTION('',(0.5,0.866025403784));
#13173 = ( GEOMETRIC_REPRESENTATION_CONTEXT(2) 
PARAMETRIC_REPRESENTATION_CONTEXT() REPRESENTATION_CONTEXT('2D SPACE',''
  ) );
#13174 = ORIENTED_EDGE('',*,*,#13004,.F.);
#13175 = ORIENTED_EDGE('',*,*,#13176,.F.);
#13176 = EDGE_CURVE('',#13125,#13005,#13177,.T.);
#13177 = SURFACE_CURVE('',#13178,(#13182,#13189),.PCURVE_S1.);
#13178 = LINE('',#13179,#13180);
#13179 = CARTESIAN_POINT('',(3.752776749733,34.766666666667,106.5));
#13180 = VECTOR('',#13181,1.);
#13181 = DIRECTION('',(0.5,9.614813431918E-17,-0.866025403784));
#13182 = PCURVE('',#13027,#13183);
#13183 = DEFINITIONAL_REPRESENTATION('',(#13184),#13188);
#13184 = LINE('',#13185,#13186);
#13185 = CARTESIAN_POINT('',(0.,0.));
#13186 = VECTOR('',#13187,1.);
#13187 = DIRECTION('',(1.,0.));
#13188 = ( GEOMETRIC_REPRESENTATION_CONTEXT(2) 
PARAMETRIC_REPRESENTATION_CONTEXT() REPRESENTATION_CONTEXT('2D SPACE',''
  ) );
#13189 = PCURVE('',#13109,#13190);
#13190 = DEFINITIONAL_REPRESENTATION('',(#13191),#13195);
#13191 = LINE('',#13192,#13193);
#13192 = CARTESIAN_POINT('',(3.752776749733,-6.5));
#13193 = VECTOR('',#13194,1.);
#13194 = DIRECTION('',(0.5,0.866025403784));
#13195 = ( GEOMETRIC_REPRESENTATION_CONTEXT(2) 
PARAMETRIC_REPRESENTATION_CONTEXT() REPRESENTATION_CONTEXT('2D SPACE',''
  ) );
#13196 = ADVANCED_FACE('',(#13197),#13083,.F.);
#13197 = FACE_BOUND('',#13198,.F.);
#13198 = EDGE_LOOP('',(#13199,#13200,#13223,#13251));
#13199 = ORIENTED_EDGE('',*,*,#13067,.T.);
#13200 = ORIENTED_EDGE('',*,*,#13201,.T.);
#13201 = EDGE_CURVE('',#13040,#13202,#13204,.T.);
#13202 = VERTEX_POINT('',#13203);
#13203 = CARTESIAN_POINT('',(-3.752776749733,41.266666666667,93.5));
#13204 = SURFACE_CURVE('',#13205,(#13209,#13216),.PCURVE_S1.);
#13205 = LINE('',#13206,#13207);
#13206 = CARTESIAN_POINT('',(3.752776749733,41.266666666667,93.5));
#13207 = VECTOR('',#13208,1.);
#13208 = DIRECTION('',(-1.,1.313795353796E-32,-1.183361653159E-16));
#13209 = PCURVE('',#13083,#13210);
#13210 = DEFINITIONAL_REPRESENTATION('',(#13211),#13215);
#13211 = LINE('',#13212,#13213);
#13212 = CARTESIAN_POINT('',(8.539669799672E-32,-6.5));
#13213 = VECTOR('',#13214,1.);
#13214 = DIRECTION('',(1.,0.));
#13215 = ( GEOMETRIC_REPRESENTATION_CONTEXT(2) 
PARAMETRIC_REPRESENTATION_CONTEXT() REPRESENTATION_CONTEXT('2D SPACE',''
  ) );
#13216 = PCURVE('',#13055,#13217);
#13217 = DEFINITIONAL_REPRESENTATION('',(#13218),#13222);
#13218 = LINE('',#13219,#13220);
#13219 = CARTESIAN_POINT('',(3.752776749733,6.5));
#13220 = VECTOR('',#13221,1.);
#13221 = DIRECTION('',(-1.,1.183361653159E-16));
#13222 = ( GEOMETRIC_REPRESENTATION_CONTEXT(2) 
PARAMETRIC_REPRESENTATION_CONTEXT() REPRESENTATION_CONTEXT('2D SPACE',''
  ) );
#13223 = ORIENTED_EDGE('',*,*,#13224,.F.);
#13224 = EDGE_CURVE('',#13225,#13202,#13227,.T.);
#13225 = VERTEX_POINT('',#13226);
#13226 = CARTESIAN_POINT('',(-3.752776749733,34.766666666667,93.5));
#13227 = SURFACE_CURVE('',#13228,(#13232,#13239),.PCURVE_S1.);
#13228 = LINE('',#13229,#13230);
#13229 = CARTESIAN_POINT('',(-3.752776749733,34.766666666667,93.5));
#13230 = VECTOR('',#13231,1.);
#13231 = DIRECTION('',(0.,1.,1.110223024625E-16));
#13232 = PCURVE('',#13083,#13233);
#13233 = DEFINITIONAL_REPRESENTATION('',(#13234),#13238);
#13234 = LINE('',#13235,#13236);
#13235 = CARTESIAN_POINT('',(7.505553499465,-0.));
#13236 = VECTOR('',#13237,1.);
#13237 = DIRECTION('',(0.,-1.));
#13238 = ( GEOMETRIC_REPRESENTATION_CONTEXT(2) 
PARAMETRIC_REPRESENTATION_CONTEXT() REPRESENTATION_CONTEXT('2D SPACE',''
  ) );
#13239 = PCURVE('',#13240,#13245);
#13240 = PLANE('',#13241);
#13241 = AXIS2_PLACEMENT_3D('',#13242,#13243,#13244);
#13242 = CARTESIAN_POINT('',(-3.752776749733,34.766666666667,93.5));
#13243 = DIRECTION('',(0.866025403784,-5.551115123126E-17,0.5));
#13244 = DIRECTION('',(-0.5,-9.614813431918E-17,0.866025403784));
#13245 = DEFINITIONAL_REPRESENTATION('',(#13246),#13250);
#13246 = LINE('',#13247,#13248);
#13247 = CARTESIAN_POINT('',(0.,0.));
#13248 = VECTOR('',#13249,1.);
#13249 = DIRECTION('',(0.,-1.));
#13250 = ( GEOMETRIC_REPRESENTATION_CONTEXT(2) 
PARAMETRIC_REPRESENTATION_CONTEXT() REPRESENTATION_CONTEXT('2D SPACE',''
  ) );
#13251 = ORIENTED_EDGE('',*,*,#13252,.F.);
#13252 = EDGE_CURVE('',#13068,#13225,#13253,.T.);
#13253 = SURFACE_CURVE('',#13254,(#13258,#13265),.PCURVE_S1.);
#13254 = LINE('',#13255,#13256);
#13255 = CARTESIAN_POINT('',(3.752776749733,34.766666666667,93.5));
#13256 = VECTOR('',#13257,1.);
#13257 = DIRECTION('',(-1.,1.313795353796E-32,-1.183361653159E-16));
#13258 = PCURVE('',#13083,#13259);
#13259 = DEFINITIONAL_REPRESENTATION('',(#13260),#13264);
#13260 = LINE('',#13261,#13262);
#13261 = CARTESIAN_POINT('',(0.,0.));
#13262 = VECTOR('',#13263,1.);
#13263 = DIRECTION('',(1.,0.));
#13264 = ( GEOMETRIC_REPRESENTATION_CONTEXT(2) 
PARAMETRIC_REPRESENTATION_CONTEXT() REPRESENTATION_CONTEXT('2D SPACE',''
  ) );
#13265 = PCURVE('',#13109,#13266);
#13266 = DEFINITIONAL_REPRESENTATION('',(#13267),#13271);
#13267 = LINE('',#13268,#13269);
#13268 = CARTESIAN_POINT('',(3.752776749733,6.5));
#13269 = VECTOR('',#13270,1.);
#13270 = DIRECTION('',(-1.,1.183361653159E-16));
#13271 = ( GEOMETRIC_REPRESENTATION_CONTEXT(2) 
PARAMETRIC_REPRESENTATION_CONTEXT() REPRESENTATION_CONTEXT('2D SPACE',''
  ) );
#13272 = ADVANCED_FACE('',(#13273,#13350),#13109,.F.);
#13273 = FACE_BOUND('',#13274,.F.);
#13274 = EDGE_LOOP('',(#13275,#13276,#13277,#13300,#13328,#13349));
#13275 = ORIENTED_EDGE('',*,*,#13095,.T.);
#13276 = ORIENTED_EDGE('',*,*,#13252,.T.);
#13277 = ORIENTED_EDGE('',*,*,#13278,.T.);
#13278 = EDGE_CURVE('',#13225,#13279,#13281,.T.);
#13279 = VERTEX_POINT('',#13280);
#13280 = CARTESIAN_POINT('',(-7.505553499465,34.766666666667,100.));
#13281 = SURFACE_CURVE('',#13282,(#13286,#13293),.PCURVE_S1.);
#13282 = LINE('',#13283,#13284);
#13283 = CARTESIAN_POINT('',(-3.752776749733,34.766666666667,93.5));
#13284 = VECTOR('',#13285,1.);
#13285 = DIRECTION('',(-0.5,-9.614813431918E-17,0.866025403784));
#13286 = PCURVE('',#13109,#13287);
#13287 = DEFINITIONAL_REPRESENTATION('',(#13288),#13292);
#13288 = LINE('',#13289,#13290);
#13289 = CARTESIAN_POINT('',(-3.752776749733,6.5));
#13290 = VECTOR('',#13291,1.);
#13291 = DIRECTION('',(-0.5,-0.866025403784));
#13292 = ( GEOMETRIC_REPRESENTATION_CONTEXT(2) 
PARAMETRIC_REPRESENTATION_CONTEXT() REPRESENTATION_CONTEXT('2D SPACE',''
  ) );
#13293 = PCURVE('',#13240,#13294);
#13294 = DEFINITIONAL_REPRESENTATION('',(#13295),#13299);
#13295 = LINE('',#13296,#13297);
#13296 = CARTESIAN_POINT('',(0.,0.));
#13297 = VECTOR('',#13298,1.);
#13298 = DIRECTION('',(1.,0.));
#13299 = ( GEOMETRIC_REPRESENTATION_CONTEXT(2) 
PARAMETRIC_REPRESENTATION_CONTEXT() REPRESENTATION_CONTEXT('2D SPACE',''
  ) );
#13300 = ORIENTED_EDGE('',*,*,#13301,.T.);
#13301 = EDGE_CURVE('',#13279,#13302,#13304,.T.);
#13302 = VERTEX_POINT('',#13303);
#13303 = CARTESIAN_POINT('',(-3.752776749733,34.766666666667,106.5));
#13304 = SURFACE_CURVE('',#13305,(#13309,#13316),.PCURVE_S1.);
#13305 = LINE('',#13306,#13307);
#13306 = CARTESIAN_POINT('',(-7.505553499465,34.766666666667,100.));
#13307 = VECTOR('',#13308,1.);
#13308 = DIRECTION('',(0.5,-9.614813431918E-17,0.866025403784));
#13309 = PCURVE('',#13109,#13310);
#13310 = DEFINITIONAL_REPRESENTATION('',(#13311),#13315);
#13311 = LINE('',#13312,#13313);
#13312 = CARTESIAN_POINT('',(-7.505553499465,0.));
#13313 = VECTOR('',#13314,1.);
#13314 = DIRECTION('',(0.5,-0.866025403784));
#13315 = ( GEOMETRIC_REPRESENTATION_CONTEXT(2) 
PARAMETRIC_REPRESENTATION_CONTEXT() REPRESENTATION_CONTEXT('2D SPACE',''
  ) );
#13316 = PCURVE('',#13317,#13322);
#13317 = PLANE('',#13318);
#13318 = AXIS2_PLACEMENT_3D('',#13319,#13320,#13321);
#13319 = CARTESIAN_POINT('',(-7.505553499465,34.766666666667,100.));
#13320 = DIRECTION('',(0.866025403784,5.551115123126E-17,-0.5));
#13321 = DIRECTION('',(0.5,-9.614813431918E-17,0.866025403784));
#13322 = DEFINITIONAL_REPRESENTATION('',(#13323),#13327);
#13323 = LINE('',#13324,#13325);
#13324 = CARTESIAN_POINT('',(0.,0.));
#13325 = VECTOR('',#13326,1.);
#13326 = DIRECTION('',(1.,0.));
#13327 = ( GEOMETRIC_REPRESENTATION_CONTEXT(2) 
PARAMETRIC_REPRESENTATION_CONTEXT() REPRESENTATION_CONTEXT('2D SPACE',''
  ) );
#13328 = ORIENTED_EDGE('',*,*,#13329,.T.);
#13329 = EDGE_CURVE('',#13302,#13125,#13330,.T.);
#13330 = SURFACE_CURVE('',#13331,(#13335,#13342),.PCURVE_S1.);
#13331 = LINE('',#13332,#13333);
#13332 = CARTESIAN_POINT('',(-3.752776749733,34.766666666667,106.5));
#13333 = VECTOR('',#13334,1.);
#13334 = DIRECTION('',(1.,-6.568976768979E-32,5.916808265796E-16));
#13335 = PCURVE('',#13109,#13336);
#13336 = DEFINITIONAL_REPRESENTATION('',(#13337),#13341);
#13337 = LINE('',#13338,#13339);
#13338 = CARTESIAN_POINT('',(-3.752776749733,-6.5));
#13339 = VECTOR('',#13340,1.);
#13340 = DIRECTION('',(1.,-5.916808265796E-16));
#13341 = ( GEOMETRIC_REPRESENTATION_CONTEXT(2) 
PARAMETRIC_REPRESENTATION_CONTEXT() REPRESENTATION_CONTEXT('2D SPACE',''
  ) );
#13342 = PCURVE('',#13142,#13343);
#13343 = DEFINITIONAL_REPRESENTATION('',(#13344),#13348);
#13344 = LINE('',#13345,#13346);
#13345 = CARTESIAN_POINT('',(0.,0.));
#13346 = VECTOR('',#13347,1.);
#13347 = DIRECTION('',(1.,0.));
#13348 = ( GEOMETRIC_REPRESENTATION_CONTEXT(2) 
PARAMETRIC_REPRESENTATION_CONTEXT() REPRESENTATION_CONTEXT('2D SPACE',''
  ) );
#13349 = ORIENTED_EDGE('',*,*,#13176,.T.);
#13350 = FACE_BOUND('',#13351,.F.);
#13351 = EDGE_LOOP('',(#13352));
#13352 = ORIENTED_EDGE('',*,*,#13353,.F.);
#13353 = EDGE_CURVE('',#13354,#13354,#13356,.T.);
#13354 = VERTEX_POINT('',#13355);
#13355 = CARTESIAN_POINT('',(4.,34.766666666667,100.));
#13356 = SURFACE_CURVE('',#13357,(#13362,#13369),.PCURVE_S1.);
#13357 = CIRCLE('',#13358,4.);
#13358 = AXIS2_PLACEMENT_3D('',#13359,#13360,#13361);
#13359 = CARTESIAN_POINT('',(0.,34.766666666667,100.));
#13360 = DIRECTION('',(-0.,1.,1.110223024625E-16));
#13361 = DIRECTION('',(1.,0.,0.));
#13362 = PCURVE('',#13109,#13363);
#13363 = DEFINITIONAL_REPRESENTATION('',(#13364),#13368);
#13364 = CIRCLE('',#13365,4.);
#13365 = AXIS2_PLACEMENT_2D('',#13366,#13367);
#13366 = CARTESIAN_POINT('',(3.155631075091E-16,0.));
#13367 = DIRECTION('',(1.,0.));
#13368 = ( GEOMETRIC_REPRESENTATION_CONTEXT(2) 
PARAMETRIC_REPRESENTATION_CONTEXT() REPRESENTATION_CONTEXT('2D SPACE',''
  ) );
#13369 = PCURVE('',#13370,#13375);
#13370 = CYLINDRICAL_SURFACE('',#13371,4.);
#13371 = AXIS2_PLACEMENT_3D('',#13372,#13373,#13374);
#13372 = CARTESIAN_POINT('',(0.,33.766666666667,100.));
#13373 = DIRECTION('',(0.,1.,1.110223024625E-16));
#13374 = DIRECTION('',(1.,0.,0.));
#13375 = DEFINITIONAL_REPRESENTATION('',(#13376),#13380);
#13376 = LINE('',#13377,#13378);
#13377 = CARTESIAN_POINT('',(0.,1.));
#13378 = VECTOR('',#13379,1.);
#13379 = DIRECTION('',(1.,0.));
#13380 = ( GEOMETRIC_REPRESENTATION_CONTEXT(2) 
PARAMETRIC_REPRESENTATION_CONTEXT() REPRESENTATION_CONTEXT('2D SPACE',''
  ) );
#13381 = ADVANCED_FACE('',(#13382,#13454),#13055,.T.);
#13382 = FACE_BOUND('',#13383,.T.);
#13383 = EDGE_LOOP('',(#13384,#13385,#13386,#13409,#13432,#13453));
#13384 = ORIENTED_EDGE('',*,*,#13039,.T.);
#13385 = ORIENTED_EDGE('',*,*,#13201,.T.);
#13386 = ORIENTED_EDGE('',*,*,#13387,.T.);
#13387 = EDGE_CURVE('',#13202,#13388,#13390,.T.);
#13388 = VERTEX_POINT('',#13389);
#13389 = CARTESIAN_POINT('',(-7.505553499465,41.266666666667,100.));
#13390 = SURFACE_CURVE('',#13391,(#13395,#13402),.PCURVE_S1.);
#13391 = LINE('',#13392,#13393);
#13392 = CARTESIAN_POINT('',(-3.752776749733,41.266666666667,93.5));
#13393 = VECTOR('',#13394,1.);
#13394 = DIRECTION('',(-0.5,-9.614813431918E-17,0.866025403784));
#13395 = PCURVE('',#13055,#13396);
#13396 = DEFINITIONAL_REPRESENTATION('',(#13397),#13401);
#13397 = LINE('',#13398,#13399);
#13398 = CARTESIAN_POINT('',(-3.752776749733,6.5));
#13399 = VECTOR('',#13400,1.);
#13400 = DIRECTION('',(-0.5,-0.866025403784));
#13401 = ( GEOMETRIC_REPRESENTATION_CONTEXT(2) 
PARAMETRIC_REPRESENTATION_CONTEXT() REPRESENTATION_CONTEXT('2D SPACE',''
  ) );
#13402 = PCURVE('',#13240,#13403);
#13403 = DEFINITIONAL_REPRESENTATION('',(#13404),#13408);
#13404 = LINE('',#13405,#13406);
#13405 = CARTESIAN_POINT('',(-8.470074779997E-16,-6.5));
#13406 = VECTOR('',#13407,1.);
#13407 = DIRECTION('',(1.,0.));
#13408 = ( GEOMETRIC_REPRESENTATION_CONTEXT(2) 
PARAMETRIC_REPRESENTATION_CONTEXT() REPRESENTATION_CONTEXT('2D SPACE',''
  ) );
#13409 = ORIENTED_EDGE('',*,*,#13410,.T.);
#13410 = EDGE_CURVE('',#13388,#13411,#13413,.T.);
#13411 = VERTEX_POINT('',#13412);
#13412 = CARTESIAN_POINT('',(-3.752776749733,41.266666666667,106.5));
#13413 = SURFACE_CURVE('',#13414,(#13418,#13425),.PCURVE_S1.);
#13414 = LINE('',#13415,#13416);
#13415 = CARTESIAN_POINT('',(-7.505553499465,41.266666666667,100.));
#13416 = VECTOR('',#13417,1.);
#13417 = DIRECTION('',(0.5,-9.614813431918E-17,0.866025403784));
#13418 = PCURVE('',#13055,#13419);
#13419 = DEFINITIONAL_REPRESENTATION('',(#13420),#13424);
#13420 = LINE('',#13421,#13422);
#13421 = CARTESIAN_POINT('',(-7.505553499465,0.));
#13422 = VECTOR('',#13423,1.);
#13423 = DIRECTION('',(0.5,-0.866025403784));
#13424 = ( GEOMETRIC_REPRESENTATION_CONTEXT(2) 
PARAMETRIC_REPRESENTATION_CONTEXT() REPRESENTATION_CONTEXT('2D SPACE',''
  ) );
#13425 = PCURVE('',#13317,#13426);
#13426 = DEFINITIONAL_REPRESENTATION('',(#13427),#13431);
#13427 = LINE('',#13428,#13429);
#13428 = CARTESIAN_POINT('',(-6.249628730747E-16,-6.5));
#13429 = VECTOR('',#13430,1.);
#13430 = DIRECTION('',(1.,0.));
#13431 = ( GEOMETRIC_REPRESENTATION_CONTEXT(2) 
PARAMETRIC_REPRESENTATION_CONTEXT() REPRESENTATION_CONTEXT('2D SPACE',''
  ) );
#13432 = ORIENTED_EDGE('',*,*,#13433,.T.);
#13433 = EDGE_CURVE('',#13411,#13127,#13434,.T.);
#13434 = SURFACE_CURVE('',#13435,(#13439,#13446),.PCURVE_S1.);
#13435 = LINE('',#13436,#13437);
#13436 = CARTESIAN_POINT('',(-3.752776749733,41.266666666667,106.5));
#13437 = VECTOR('',#13438,1.);
#13438 = DIRECTION('',(1.,-6.568976768979E-32,5.916808265796E-16));
#13439 = PCURVE('',#13055,#13440);
#13440 = DEFINITIONAL_REPRESENTATION('',(#13441),#13445);
#13441 = LINE('',#13442,#13443);
#13442 = CARTESIAN_POINT('',(-3.752776749733,-6.5));
#13443 = VECTOR('',#13444,1.);
#13444 = DIRECTION('',(1.,-5.916808265796E-16));
#13445 = ( GEOMETRIC_REPRESENTATION_CONTEXT(2) 
PARAMETRIC_REPRESENTATION_CONTEXT() REPRESENTATION_CONTEXT('2D SPACE',''
  ) );
#13446 = PCURVE('',#13142,#13447);
#13447 = DEFINITIONAL_REPRESENTATION('',(#13448),#13452);
#13448 = LINE('',#13449,#13450);
#13449 = CARTESIAN_POINT('',(-4.269834899836E-31,-6.5));
#13450 = VECTOR('',#13451,1.);
#13451 = DIRECTION('',(1.,0.));
#13452 = ( GEOMETRIC_REPRESENTATION_CONTEXT(2) 
PARAMETRIC_REPRESENTATION_CONTEXT() REPRESENTATION_CONTEXT('2D SPACE',''
  ) );
#13453 = ORIENTED_EDGE('',*,*,#13154,.T.);
#13454 = FACE_BOUND('',#13455,.T.);
#13455 = EDGE_LOOP('',(#13456));
#13456 = ORIENTED_EDGE('',*,*,#13457,.F.);
#13457 = EDGE_CURVE('',#13458,#13458,#13460,.T.);
#13458 = VERTEX_POINT('',#13459);
#13459 = CARTESIAN_POINT('',(4.,41.266666666667,100.));
#13460 = SURFACE_CURVE('',#13461,(#13466,#13473),.PCURVE_S1.);
#13461 = CIRCLE('',#13462,4.);
#13462 = AXIS2_PLACEMENT_3D('',#13463,#13464,#13465);
#13463 = CARTESIAN_POINT('',(0.,41.266666666667,100.));
#13464 = DIRECTION('',(-0.,1.,1.110223024625E-16));
#13465 = DIRECTION('',(1.,0.,0.));
#13466 = PCURVE('',#13055,#13467);
#13467 = DEFINITIONAL_REPRESENTATION('',(#13468),#13472);
#13468 = CIRCLE('',#13469,4.);
#13469 = AXIS2_PLACEMENT_2D('',#13470,#13471);
#13470 = CARTESIAN_POINT('',(3.155631075091E-16,0.));
#13471 = DIRECTION('',(1.,0.));
#13472 = ( GEOMETRIC_REPRESENTATION_CONTEXT(2) 
PARAMETRIC_REPRESENTATION_CONTEXT() REPRESENTATION_CONTEXT('2D SPACE',''
  ) );
#13473 = PCURVE('',#13370,#13474);
#13474 = DEFINITIONAL_REPRESENTATION('',(#13475),#13479);
#13475 = LINE('',#13476,#13477);
#13476 = CARTESIAN_POINT('',(0.,7.5));
#13477 = VECTOR('',#13478,1.);
#13478 = DIRECTION('',(1.,0.));
#13479 = ( GEOMETRIC_REPRESENTATION_CONTEXT(2) 
PARAMETRIC_REPRESENTATION_CONTEXT() REPRESENTATION_CONTEXT('2D SPACE',''
  ) );
#13480 = ADVANCED_FACE('',(#13481),#13142,.F.);
#13481 = FACE_BOUND('',#13482,.F.);
#13482 = EDGE_LOOP('',(#13483,#13504,#13505,#13506));
#13483 = ORIENTED_EDGE('',*,*,#13484,.T.);
#13484 = EDGE_CURVE('',#13302,#13411,#13485,.T.);
#13485 = SURFACE_CURVE('',#13486,(#13490,#13497),.PCURVE_S1.);
#13486 = LINE('',#13487,#13488);
#13487 = CARTESIAN_POINT('',(-3.752776749733,34.766666666667,106.5));
#13488 = VECTOR('',#13489,1.);
#13489 = DIRECTION('',(0.,1.,1.110223024625E-16));
#13490 = PCURVE('',#13142,#13491);
#13491 = DEFINITIONAL_REPRESENTATION('',(#13492),#13496);
#13492 = LINE('',#13493,#13494);
#13493 = CARTESIAN_POINT('',(0.,0.));
#13494 = VECTOR('',#13495,1.);
#13495 = DIRECTION('',(0.,-1.));
#13496 = ( GEOMETRIC_REPRESENTATION_CONTEXT(2) 
PARAMETRIC_REPRESENTATION_CONTEXT() REPRESENTATION_CONTEXT('2D SPACE',''
  ) );
#13497 = PCURVE('',#13317,#13498);
#13498 = DEFINITIONAL_REPRESENTATION('',(#13499),#13503);
#13499 = LINE('',#13500,#13501);
#13500 = CARTESIAN_POINT('',(7.505553499465,-7.216449660064E-16));
#13501 = VECTOR('',#13502,1.);
#13502 = DIRECTION('',(0.,-1.));
#13503 = ( GEOMETRIC_REPRESENTATION_CONTEXT(2) 
PARAMETRIC_REPRESENTATION_CONTEXT() REPRESENTATION_CONTEXT('2D SPACE',''
  ) );
#13504 = ORIENTED_EDGE('',*,*,#13433,.T.);
#13505 = ORIENTED_EDGE('',*,*,#13124,.F.);
#13506 = ORIENTED_EDGE('',*,*,#13329,.F.);
#13507 = ADVANCED_FACE('',(#13508),#13240,.F.);
#13508 = FACE_BOUND('',#13509,.F.);
#13509 = EDGE_LOOP('',(#13510,#13511,#13512,#13533));
#13510 = ORIENTED_EDGE('',*,*,#13224,.T.);
#13511 = ORIENTED_EDGE('',*,*,#13387,.T.);
#13512 = ORIENTED_EDGE('',*,*,#13513,.F.);
#13513 = EDGE_CURVE('',#13279,#13388,#13514,.T.);
#13514 = SURFACE_CURVE('',#13515,(#13519,#13526),.PCURVE_S1.);
#13515 = LINE('',#13516,#13517);
#13516 = CARTESIAN_POINT('',(-7.505553499465,34.766666666667,100.));
#13517 = VECTOR('',#13518,1.);
#13518 = DIRECTION('',(0.,1.,1.110223024625E-16));
#13519 = PCURVE('',#13240,#13520);
#13520 = DEFINITIONAL_REPRESENTATION('',(#13521),#13525);
#13521 = LINE('',#13522,#13523);
#13522 = CARTESIAN_POINT('',(7.505553499465,-7.216449660064E-16));
#13523 = VECTOR('',#13524,1.);
#13524 = DIRECTION('',(0.,-1.));
#13525 = ( GEOMETRIC_REPRESENTATION_CONTEXT(2) 
PARAMETRIC_REPRESENTATION_CONTEXT() REPRESENTATION_CONTEXT('2D SPACE',''
  ) );
#13526 = PCURVE('',#13317,#13527);
#13527 = DEFINITIONAL_REPRESENTATION('',(#13528),#13532);
#13528 = LINE('',#13529,#13530);
#13529 = CARTESIAN_POINT('',(0.,0.));
#13530 = VECTOR('',#13531,1.);
#13531 = DIRECTION('',(0.,-1.));
#13532 = ( GEOMETRIC_REPRESENTATION_CONTEXT(2) 
PARAMETRIC_REPRESENTATION_CONTEXT() REPRESENTATION_CONTEXT('2D SPACE',''
  ) );
#13533 = ORIENTED_EDGE('',*,*,#13278,.F.);
#13534 = ADVANCED_FACE('',(#13535),#13317,.F.);
#13535 = FACE_BOUND('',#13536,.F.);
#13536 = EDGE_LOOP('',(#13537,#13538,#13539,#13540));
#13537 = ORIENTED_EDGE('',*,*,#13513,.T.);
#13538 = ORIENTED_EDGE('',*,*,#13410,.T.);
#13539 = ORIENTED_EDGE('',*,*,#13484,.F.);
#13540 = ORIENTED_EDGE('',*,*,#13301,.F.);
#13541 = ADVANCED_FACE('',(#13542),#13370,.F.);
#13542 = FACE_BOUND('',#13543,.F.);
#13543 = EDGE_LOOP('',(#13544,#13545,#13566,#13567));
#13544 = ORIENTED_EDGE('',*,*,#13457,.F.);
#13545 = ORIENTED_EDGE('',*,*,#13546,.F.);
#13546 = EDGE_CURVE('',#13354,#13458,#13547,.T.);
#13547 = SEAM_CURVE('',#13548,(#13552,#13559),.PCURVE_S1.);
#13548 = LINE('',#13549,#13550);
#13549 = CARTESIAN_POINT('',(4.,33.766666666667,100.));
#13550 = VECTOR('',#13551,1.);
#13551 = DIRECTION('',(0.,1.,1.110223024625E-16));
#13552 = PCURVE('',#13370,#13553);
#13553 = DEFINITIONAL_REPRESENTATION('',(#13554),#13558);
#13554 = LINE('',#13555,#13556);
#13555 = CARTESIAN_POINT('',(6.28318530718,-0.));
#13556 = VECTOR('',#13557,1.);
#13557 = DIRECTION('',(0.,1.));
#13558 = ( GEOMETRIC_REPRESENTATION_CONTEXT(2) 
PARAMETRIC_REPRESENTATION_CONTEXT() REPRESENTATION_CONTEXT('2D SPACE',''
  ) );
#13559 = PCURVE('',#13370,#13560);
#13560 = DEFINITIONAL_REPRESENTATION('',(#13561),#13565);
#13561 = LINE('',#13562,#13563);
#13562 = CARTESIAN_POINT('',(0.,-0.));
#13563 = VECTOR('',#13564,1.);
#13564 = DIRECTION('',(0.,1.));
#13565 = ( GEOMETRIC_REPRESENTATION_CONTEXT(2) 
PARAMETRIC_REPRESENTATION_CONTEXT() REPRESENTATION_CONTEXT('2D SPACE',''
  ) );
#13566 = ORIENTED_EDGE('',*,*,#13353,.T.);
#13567 = ORIENTED_EDGE('',*,*,#13546,.T.);
#13568 = ( GEOMETRIC_REPRESENTATION_CONTEXT(3) 
GLOBAL_UNCERTAINTY_ASSIGNED_CONTEXT((#13572)) 
GLOBAL_UNIT_ASSIGNED_CONTEXT((#13569,#13570,#13571)) 
REPRESENTATION_CONTEXT('Context #1',
  '3D Context with UNIT and UNCERTAINTY') );
#13569 = ( LENGTH_UNIT() NAMED_UNIT(*) SI_UNIT(.MILLI.,.METRE.) );
#13570 = ( NAMED_UNIT(*) PLANE_ANGLE_UNIT() SI_UNIT($,.RADIAN.) );
#13571 = ( NAMED_UNIT(*) SI_UNIT($,.STERADIAN.) SOLID_ANGLE_UNIT() );
#13572 = UNCERTAINTY_MEASURE_WITH_UNIT(LENGTH_MEASURE(1.E-07),#13569,
  'distance_accuracy_value','confusion accuracy');
#13573 = CONTEXT_DEPENDENT_SHAPE_REPRESENTATION(#13574,#13576);
#13574 = ( REPRESENTATION_RELATIONSHIP('','',#12997,#10) 
REPRESENTATION_RELATIONSHIP_WITH_TRANSFORMATION(#13575) 
SHAPE_REPRESENTATION_RELATIONSHIP() );
#13575 = ITEM_DEFINED_TRANSFORMATION('','',#11,#67);
#13576 = PRODUCT_DEFINITION_SHAPE('Placement','Placement of an item',
  #13577);
#13577 = NEXT_ASSEMBLY_USAGE_OCCURRENCE('14','chuck_back_nut_0','',#5,
  #12992,$);
#13578 = PRODUCT_RELATED_PRODUCT_CATEGORY('part',$,(#12994));
#13579 = SHAPE_DEFINITION_REPRESENTATION(#13580,#13586);
#13580 = PRODUCT_DEFINITION_SHAPE('','',#13581);
#13581 = PRODUCT_DEFINITION('design','',#13582,#13585);
#13582 = PRODUCT_DEFINITION_FORMATION('','',#13583);
#13583 = PRODUCT('chuck_washer_0','chuck_washer_0','',(#13584));
#13584 = PRODUCT_CONTEXT('',#2,'mechanical');
#13585 = PRODUCT_DEFINITION_CONTEXT('part definition',#2,'design');
#13586 = ADVANCED_BREP_SHAPE_REPRESENTATION('',(#11,#13587),#13769);
#13587 = MANIFOLD_SOLID_BREP('',#13588);
#13588 = CLOSED_SHELL('',(#13589,#13677,#13712,#13742));
#13589 = ADVANCED_FACE('',(#13590),#13603,.T.);
#13590 = FACE_BOUND('',#13591,.T.);
#13591 = EDGE_LOOP('',(#13592,#13626,#13649,#13676));
#13592 = ORIENTED_EDGE('',*,*,#13593,.F.);
#13593 = EDGE_CURVE('',#13594,#13594,#13596,.T.);
#13594 = VERTEX_POINT('',#13595);
#13595 = CARTESIAN_POINT('',(8.,42.766666666667,100.));
#13596 = SURFACE_CURVE('',#13597,(#13602,#13614),.PCURVE_S1.);
#13597 = CIRCLE('',#13598,8.);
#13598 = AXIS2_PLACEMENT_3D('',#13599,#13600,#13601);
#13599 = CARTESIAN_POINT('',(0.,42.766666666667,100.));
#13600 = DIRECTION('',(-0.,1.,1.110223024625E-16));
#13601 = DIRECTION('',(1.,0.,0.));
#13602 = PCURVE('',#13603,#13608);
#13603 = CYLINDRICAL_SURFACE('',#13604,8.);
#13604 = AXIS2_PLACEMENT_3D('',#13605,#13606,#13607);
#13605 = CARTESIAN_POINT('',(0.,41.266666666667,100.));
#13606 = DIRECTION('',(0.,1.,1.110223024625E-16));
#13607 = DIRECTION('',(1.,0.,0.));
#13608 = DEFINITIONAL_REPRESENTATION('',(#13609),#13613);
#13609 = LINE('',#13610,#13611);
#13610 = CARTESIAN_POINT('',(0.,1.5));
#13611 = VECTOR('',#13612,1.);
#13612 = DIRECTION('',(1.,0.));
#13613 = ( GEOMETRIC_REPRESENTATION_CONTEXT(2) 
PARAMETRIC_REPRESENTATION_CONTEXT() REPRESENTATION_CONTEXT('2D SPACE',''
  ) );
#13614 = PCURVE('',#13615,#13620);
#13615 = PLANE('',#13616);
#13616 = AXIS2_PLACEMENT_3D('',#13617,#13618,#13619);
#13617 = CARTESIAN_POINT('',(0.,42.766666666667,100.));
#13618 = DIRECTION('',(0.,1.,1.110223024625E-16));
#13619 = DIRECTION('',(1.,0.,0.));
#13620 = DEFINITIONAL_REPRESENTATION('',(#13621),#13625);
#13621 = CIRCLE('',#13622,8.);
#13622 = AXIS2_PLACEMENT_2D('',#13623,#13624);
#13623 = CARTESIAN_POINT('',(0.,0.));
#13624 = DIRECTION('',(1.,0.));
#13625 = ( GEOMETRIC_REPRESENTATION_CONTEXT(2) 
PARAMETRIC_REPRESENTATION_CONTEXT() REPRESENTATION_CONTEXT('2D SPACE',''
  ) );
#13626 = ORIENTED_EDGE('',*,*,#13627,.F.);
#13627 = EDGE_CURVE('',#13628,#13594,#13630,.T.);
#13628 = VERTEX_POINT('',#13629);
#13629 = CARTESIAN_POINT('',(8.,41.266666666667,100.));
#13630 = SEAM_CURVE('',#13631,(#13635,#13642),.PCURVE_S1.);
#13631 = LINE('',#13632,#13633);
#13632 = CARTESIAN_POINT('',(8.,41.266666666667,100.));
#13633 = VECTOR('',#13634,1.);
#13634 = DIRECTION('',(0.,1.,1.110223024625E-16));
#13635 = PCURVE('',#13603,#13636);
#13636 = DEFINITIONAL_REPRESENTATION('',(#13637),#13641);
#13637 = LINE('',#13638,#13639);
#13638 = CARTESIAN_POINT('',(6.28318530718,-0.));
#13639 = VECTOR('',#13640,1.);
#13640 = DIRECTION('',(0.,1.));
#13641 = ( GEOMETRIC_REPRESENTATION_CONTEXT(2) 
PARAMETRIC_REPRESENTATION_CONTEXT() REPRESENTATION_CONTEXT('2D SPACE',''
  ) );
#13642 = PCURVE('',#13603,#13643);
#13643 = DEFINITIONAL_REPRESENTATION('',(#13644),#13648);
#13644 = LINE('',#13645,#13646);
#13645 = CARTESIAN_POINT('',(0.,-0.));
#13646 = VECTOR('',#13647,1.);
#13647 = DIRECTION('',(0.,1.));
#13648 = ( GEOMETRIC_REPRESENTATION_CONTEXT(2) 
PARAMETRIC_REPRESENTATION_CONTEXT() REPRESENTATION_CONTEXT('2D SPACE',''
  ) );
#13649 = ORIENTED_EDGE('',*,*,#13650,.T.);
#13650 = EDGE_CURVE('',#13628,#13628,#13651,.T.);
#13651 = SURFACE_CURVE('',#13652,(#13657,#13664),.PCURVE_S1.);
#13652 = CIRCLE('',#13653,8.);
#13653 = AXIS2_PLACEMENT_3D('',#13654,#13655,#13656);
#13654 = CARTESIAN_POINT('',(0.,41.266666666667,100.));
#13655 = DIRECTION('',(-0.,1.,1.110223024625E-16));
#13656 = DIRECTION('',(1.,0.,0.));
#13657 = PCURVE('',#13603,#13658);
#13658 = DEFINITIONAL_REPRESENTATION('',(#13659),#13663);
#13659 = LINE('',#13660,#13661);
#13660 = CARTESIAN_POINT('',(0.,0.));
#13661 = VECTOR('',#13662,1.);
#13662 = DIRECTION('',(1.,0.));
#13663 = ( GEOMETRIC_REPRESENTATION_CONTEXT(2) 
PARAMETRIC_REPRESENTATION_CONTEXT() REPRESENTATION_CONTEXT('2D SPACE',''
  ) );
#13664 = PCURVE('',#13665,#13670);
#13665 = PLANE('',#13666);
#13666 = AXIS2_PLACEMENT_3D('',#13667,#13668,#13669);
#13667 = CARTESIAN_POINT('',(0.,41.266666666667,100.));
#13668 = DIRECTION('',(0.,1.,1.110223024625E-16));
#13669 = DIRECTION('',(1.,0.,0.));
#13670 = DEFINITIONAL_REPRESENTATION('',(#13671),#13675);
#13671 = CIRCLE('',#13672,8.);
#13672 = AXIS2_PLACEMENT_2D('',#13673,#13674);
#13673 = CARTESIAN_POINT('',(0.,0.));
#13674 = DIRECTION('',(1.,0.));
#13675 = ( GEOMETRIC_REPRESENTATION_CONTEXT(2) 
PARAMETRIC_REPRESENTATION_CONTEXT() REPRESENTATION_CONTEXT('2D SPACE',''
  ) );
#13676 = ORIENTED_EDGE('',*,*,#13627,.T.);
#13677 = ADVANCED_FACE('',(#13678,#13681),#13615,.T.);
#13678 = FACE_BOUND('',#13679,.T.);
#13679 = EDGE_LOOP('',(#13680));
#13680 = ORIENTED_EDGE('',*,*,#13593,.T.);
#13681 = FACE_BOUND('',#13682,.T.);
#13682 = EDGE_LOOP('',(#13683));
#13683 = ORIENTED_EDGE('',*,*,#13684,.F.);
#13684 = EDGE_CURVE('',#13685,#13685,#13687,.T.);
#13685 = VERTEX_POINT('',#13686);
#13686 = CARTESIAN_POINT('',(4.2,42.766666666667,100.));
#13687 = SURFACE_CURVE('',#13688,(#13693,#13700),.PCURVE_S1.);
#13688 = CIRCLE('',#13689,4.2);
#13689 = AXIS2_PLACEMENT_3D('',#13690,#13691,#13692);
#13690 = CARTESIAN_POINT('',(0.,42.766666666667,100.));
#13691 = DIRECTION('',(-0.,1.,1.110223024625E-16));
#13692 = DIRECTION('',(1.,0.,0.));
#13693 = PCURVE('',#13615,#13694);
#13694 = DEFINITIONAL_REPRESENTATION('',(#13695),#13699);
#13695 = CIRCLE('',#13696,4.2);
#13696 = AXIS2_PLACEMENT_2D('',#13697,#13698);
#13697 = CARTESIAN_POINT('',(0.,0.));
#13698 = DIRECTION('',(1.,0.));
#13699 = ( GEOMETRIC_REPRESENTATION_CONTEXT(2) 
PARAMETRIC_REPRESENTATION_CONTEXT() REPRESENTATION_CONTEXT('2D SPACE',''
  ) );
#13700 = PCURVE('',#13701,#13706);
#13701 = CYLINDRICAL_SURFACE('',#13702,4.2);
#13702 = AXIS2_PLACEMENT_3D('',#13703,#13704,#13705);
#13703 = CARTESIAN_POINT('',(0.,41.266666666667,100.));
#13704 = DIRECTION('',(0.,1.,1.110223024625E-16));
#13705 = DIRECTION('',(1.,0.,0.));
#13706 = DEFINITIONAL_REPRESENTATION('',(#13707),#13711);
#13707 = LINE('',#13708,#13709);
#13708 = CARTESIAN_POINT('',(0.,1.5));
#13709 = VECTOR('',#13710,1.);
#13710 = DIRECTION('',(1.,0.));
#13711 = ( GEOMETRIC_REPRESENTATION_CONTEXT(2) 
PARAMETRIC_REPRESENTATION_CONTEXT() REPRESENTATION_CONTEXT('2D SPACE',''
  ) );
#13712 = ADVANCED_FACE('',(#13713,#13716),#13665,.F.);
#13713 = FACE_BOUND('',#13714,.F.);
#13714 = EDGE_LOOP('',(#13715));
#13715 = ORIENTED_EDGE('',*,*,#13650,.T.);
#13716 = FACE_BOUND('',#13717,.F.);
#13717 = EDGE_LOOP('',(#13718));
#13718 = ORIENTED_EDGE('',*,*,#13719,.F.);
#13719 = EDGE_CURVE('',#13720,#13720,#13722,.T.);
#13720 = VERTEX_POINT('',#13721);
#13721 = CARTESIAN_POINT('',(4.2,41.266666666667,100.));
#13722 = SURFACE_CURVE('',#13723,(#13728,#13735),.PCURVE_S1.);
#13723 = CIRCLE('',#13724,4.2);
#13724 = AXIS2_PLACEMENT_3D('',#13725,#13726,#13727);
#13725 = CARTESIAN_POINT('',(0.,41.266666666667,100.));
#13726 = DIRECTION('',(-0.,1.,1.110223024625E-16));
#13727 = DIRECTION('',(1.,0.,0.));
#13728 = PCURVE('',#13665,#13729);
#13729 = DEFINITIONAL_REPRESENTATION('',(#13730),#13734);
#13730 = CIRCLE('',#13731,4.2);
#13731 = AXIS2_PLACEMENT_2D('',#13732,#13733);
#13732 = CARTESIAN_POINT('',(0.,0.));
#13733 = DIRECTION('',(1.,0.));
#13734 = ( GEOMETRIC_REPRESENTATION_CONTEXT(2) 
PARAMETRIC_REPRESENTATION_CONTEXT() REPRESENTATION_CONTEXT('2D SPACE',''
  ) );
#13735 = PCURVE('',#13701,#13736);
#13736 = DEFINITIONAL_REPRESENTATION('',(#13737),#13741);
#13737 = LINE('',#13738,#13739);
#13738 = CARTESIAN_POINT('',(0.,0.));
#13739 = VECTOR('',#13740,1.);
#13740 = DIRECTION('',(1.,0.));
#13741 = ( GEOMETRIC_REPRESENTATION_CONTEXT(2) 
PARAMETRIC_REPRESENTATION_CONTEXT() REPRESENTATION_CONTEXT('2D SPACE',''
  ) );
#13742 = ADVANCED_FACE('',(#13743),#13701,.F.);
#13743 = FACE_BOUND('',#13744,.F.);
#13744 = EDGE_LOOP('',(#13745,#13746,#13767,#13768));
#13745 = ORIENTED_EDGE('',*,*,#13684,.F.);
#13746 = ORIENTED_EDGE('',*,*,#13747,.F.);
#13747 = EDGE_CURVE('',#13720,#13685,#13748,.T.);
#13748 = SEAM_CURVE('',#13749,(#13753,#13760),.PCURVE_S1.);
#13749 = LINE('',#13750,#13751);
#13750 = CARTESIAN_POINT('',(4.2,41.266666666667,100.));
#13751 = VECTOR('',#13752,1.);
#13752 = DIRECTION('',(0.,1.,1.110223024625E-16));
#13753 = PCURVE('',#13701,#13754);
#13754 = DEFINITIONAL_REPRESENTATION('',(#13755),#13759);
#13755 = LINE('',#13756,#13757);
#13756 = CARTESIAN_POINT('',(6.28318530718,-0.));
#13757 = VECTOR('',#13758,1.);
#13758 = DIRECTION('',(0.,1.));
#13759 = ( GEOMETRIC_REPRESENTATION_CONTEXT(2) 
PARAMETRIC_REPRESENTATION_CONTEXT() REPRESENTATION_CONTEXT('2D SPACE',''
  ) );
#13760 = PCURVE('',#13701,#13761);
#13761 = DEFINITIONAL_REPRESENTATION('',(#13762),#13766);
#13762 = LINE('',#13763,#13764);
#13763 = CARTESIAN_POINT('',(0.,-0.));
#13764 = VECTOR('',#13765,1.);
#13765 = DIRECTION('',(0.,1.));
#13766 = ( GEOMETRIC_REPRESENTATION_CONTEXT(2) 
PARAMETRIC_REPRESENTATION_CONTEXT() REPRESENTATION_CONTEXT('2D SPACE',''
  ) );
#13767 = ORIENTED_EDGE('',*,*,#13719,.T.);
#13768 = ORIENTED_EDGE('',*,*,#13747,.T.);
#13769 = ( GEOMETRIC_REPRESENTATION_CONTEXT(3) 
GLOBAL_UNCERTAINTY_ASSIGNED_CONTEXT((#13773)) 
GLOBAL_UNIT_ASSIGNED_CONTEXT((#13770,#13771,#13772)) 
REPRESENTATION_CONTEXT('Context #1',
  '3D Context with UNIT and UNCERTAINTY') );
#13770 = ( LENGTH_UNIT() NAMED_UNIT(*) SI_UNIT(.MILLI.,.METRE.) );
#13771 = ( NAMED_UNIT(*) PLANE_ANGLE_UNIT() SI_UNIT($,.RADIAN.) );
#13772 = ( NAMED_UNIT(*) SI_UNIT($,.STERADIAN.) SOLID_ANGLE_UNIT() );
#13773 = UNCERTAINTY_MEASURE_WITH_UNIT(LENGTH_MEASURE(1.E-07),#13770,
  'distance_accuracy_value','confusion accuracy');
#13774 = CONTEXT_DEPENDENT_SHAPE_REPRESENTATION(#13775,#13777);
#13775 = ( REPRESENTATION_RELATIONSHIP('','',#13586,#10) 
REPRESENTATION_RELATIONSHIP_WITH_TRANSFORMATION(#13776) 
SHAPE_REPRESENTATION_RELATIONSHIP() );
#13776 = ITEM_DEFINED_TRANSFORMATION('','',#11,#71);
#13777 = PRODUCT_DEFINITION_SHAPE('Placement','Placement of an item',
  #13778);
#13778 = NEXT_ASSEMBLY_USAGE_OCCURRENCE('15','chuck_washer_0','',#5,
  #13581,$);
#13779 = PRODUCT_RELATED_PRODUCT_CATEGORY('part',$,(#13583));
#13780 = SHAPE_DEFINITION_REPRESENTATION(#13781,#13787);
#13781 = PRODUCT_DEFINITION_SHAPE('','',#13782);
#13782 = PRODUCT_DEFINITION('design','',#13783,#13786);
#13783 = PRODUCT_DEFINITION_FORMATION('','',#13784);
#13784 = PRODUCT('chuck_2','chuck_2','',(#13785));
#13785 = PRODUCT_CONTEXT('',#2,'mechanical');
#13786 = PRODUCT_DEFINITION_CONTEXT('part definition',#2,'design');
#13787 = ADVANCED_BREP_SHAPE_REPRESENTATION('',(#11,#13788),#14538);
#13788 = MANIFOLD_SOLID_BREP('',#13789);
#13789 = CLOSED_SHELL('',(#13790,#13878,#13913,#13948,#14003,#14058,
    #14232,#14376,#14423,#14450,#14477,#14504,#14531));
#13790 = ADVANCED_FACE('',(#13791),#13804,.T.);
#13791 = FACE_BOUND('',#13792,.T.);
#13792 = EDGE_LOOP('',(#13793,#13827,#13850,#13877));
#13793 = ORIENTED_EDGE('',*,*,#13794,.F.);
#13794 = EDGE_CURVE('',#13795,#13795,#13797,.T.);
#13795 = VERTEX_POINT('',#13796);
#13796 = CARTESIAN_POINT('',(36.,241.23333333333,100.));
#13797 = SURFACE_CURVE('',#13798,(#13803,#13815),.PCURVE_S1.);
#13798 = CIRCLE('',#13799,36.);
#13799 = AXIS2_PLACEMENT_3D('',#13800,#13801,#13802);
#13800 = CARTESIAN_POINT('',(0.,241.23333333333,100.));
#13801 = DIRECTION('',(0.,-1.,1.110223024625E-16));
#13802 = DIRECTION('',(1.,0.,0.));
#13803 = PCURVE('',#13804,#13809);
#13804 = CYLINDRICAL_SURFACE('',#13805,36.);
#13805 = AXIS2_PLACEMENT_3D('',#13806,#13807,#13808);
#13806 = CARTESIAN_POINT('',(0.,247.23333333333,100.));
#13807 = DIRECTION('',(0.,-1.,1.110223024625E-16));
#13808 = DIRECTION('',(1.,0.,0.));
#13809 = DEFINITIONAL_REPRESENTATION('',(#13810),#13814);
#13810 = LINE('',#13811,#13812);
#13811 = CARTESIAN_POINT('',(0.,6.));
#13812 = VECTOR('',#13813,1.);
#13813 = DIRECTION('',(1.,0.));
#13814 = ( GEOMETRIC_REPRESENTATION_CONTEXT(2) 
PARAMETRIC_REPRESENTATION_CONTEXT() REPRESENTATION_CONTEXT('2D SPACE',''
  ) );
#13815 = PCURVE('',#13816,#13821);
#13816 = PLANE('',#13817);
#13817 = AXIS2_PLACEMENT_3D('',#13818,#13819,#13820);
#13818 = CARTESIAN_POINT('',(0.,241.23333333333,100.));
#13819 = DIRECTION('',(0.,-1.,1.110223024625E-16));
#13820 = DIRECTION('',(1.,0.,0.));
#13821 = DEFINITIONAL_REPRESENTATION('',(#13822),#13826);
#13822 = CIRCLE('',#13823,36.);
#13823 = AXIS2_PLACEMENT_2D('',#13824,#13825);
#13824 = CARTESIAN_POINT('',(0.,0.));
#13825 = DIRECTION('',(1.,0.));
#13826 = ( GEOMETRIC_REPRESENTATION_CONTEXT(2) 
PARAMETRIC_REPRESENTATION_CONTEXT() REPRESENTATION_CONTEXT('2D SPACE',''
  ) );
#13827 = ORIENTED_EDGE('',*,*,#13828,.F.);
#13828 = EDGE_CURVE('',#13829,#13795,#13831,.T.);
#13829 = VERTEX_POINT('',#13830);
#13830 = CARTESIAN_POINT('',(36.,247.23333333333,100.));
#13831 = SEAM_CURVE('',#13832,(#13836,#13843),.PCURVE_S1.);
#13832 = LINE('',#13833,#13834);
#13833 = CARTESIAN_POINT('',(36.,247.23333333333,100.));
#13834 = VECTOR('',#13835,1.);
#13835 = DIRECTION('',(0.,-1.,1.110223024625E-16));
#13836 = PCURVE('',#13804,#13837);
#13837 = DEFINITIONAL_REPRESENTATION('',(#13838),#13842);
#13838 = LINE('',#13839,#13840);
#13839 = CARTESIAN_POINT('',(6.28318530718,-0.));
#13840 = VECTOR('',#13841,1.);
#13841 = DIRECTION('',(0.,1.));
#13842 = ( GEOMETRIC_REPRESENTATION_CONTEXT(2) 
PARAMETRIC_REPRESENTATION_CONTEXT() REPRESENTATION_CONTEXT('2D SPACE',''
  ) );
#13843 = PCURVE('',#13804,#13844);
#13844 = DEFINITIONAL_REPRESENTATION('',(#13845),#13849);
#13845 = LINE('',#13846,#13847);
#13846 = CARTESIAN_POINT('',(0.,-0.));
#13847 = VECTOR('',#13848,1.);
#13848 = DIRECTION('',(0.,1.));
#13849 = ( GEOMETRIC_REPRESENTATION_CONTEXT(2) 
PARAMETRIC_REPRESENTATION_CONTEXT() REPRESENTATION_CONTEXT('2D SPACE',''
  ) );
#13850 = ORIENTED_EDGE('',*,*,#13851,.T.);
#13851 = EDGE_CURVE('',#13829,#13829,#13852,.T.);
#13852 = SURFACE_CURVE('',#13853,(#13858,#13865),.PCURVE_S1.);
#13853 = CIRCLE('',#13854,36.);
#13854 = AXIS2_PLACEMENT_3D('',#13855,#13856,#13857);
#13855 = CARTESIAN_POINT('',(0.,247.23333333333,100.));
#13856 = DIRECTION('',(0.,-1.,1.110223024625E-16));
#13857 = DIRECTION('',(1.,0.,0.));
#13858 = PCURVE('',#13804,#13859);
#13859 = DEFINITIONAL_REPRESENTATION('',(#13860),#13864);
#13860 = LINE('',#13861,#13862);
#13861 = CARTESIAN_POINT('',(0.,0.));
#13862 = VECTOR('',#13863,1.);
#13863 = DIRECTION('',(1.,0.));
#13864 = ( GEOMETRIC_REPRESENTATION_CONTEXT(2) 
PARAMETRIC_REPRESENTATION_CONTEXT() REPRESENTATION_CONTEXT('2D SPACE',''
  ) );
#13865 = PCURVE('',#13866,#13871);
#13866 = PLANE('',#13867);
#13867 = AXIS2_PLACEMENT_3D('',#13868,#13869,#13870);
#13868 = CARTESIAN_POINT('',(0.,247.23333333333,100.));
#13869 = DIRECTION('',(0.,-1.,1.110223024625E-16));
#13870 = DIRECTION('',(1.,0.,0.));
#13871 = DEFINITIONAL_REPRESENTATION('',(#13872),#13876);
#13872 = CIRCLE('',#13873,36.);
#13873 = AXIS2_PLACEMENT_2D('',#13874,#13875);
#13874 = CARTESIAN_POINT('',(0.,0.));
#13875 = DIRECTION('',(1.,0.));
#13876 = ( GEOMETRIC_REPRESENTATION_CONTEXT(2) 
PARAMETRIC_REPRESENTATION_CONTEXT() REPRESENTATION_CONTEXT('2D SPACE',''
  ) );
#13877 = ORIENTED_EDGE('',*,*,#13828,.T.);
#13878 = ADVANCED_FACE('',(#13879,#13882),#13816,.T.);
#13879 = FACE_BOUND('',#13880,.T.);
#13880 = EDGE_LOOP('',(#13881));
#13881 = ORIENTED_EDGE('',*,*,#13794,.T.);
#13882 = FACE_BOUND('',#13883,.T.);
#13883 = EDGE_LOOP('',(#13884));
#13884 = ORIENTED_EDGE('',*,*,#13885,.F.);
#13885 = EDGE_CURVE('',#13886,#13886,#13888,.T.);
#13886 = VERTEX_POINT('',#13887);
#13887 = CARTESIAN_POINT('',(31.,241.23333333333,100.));
#13888 = SURFACE_CURVE('',#13889,(#13894,#13901),.PCURVE_S1.);
#13889 = CIRCLE('',#13890,31.);
#13890 = AXIS2_PLACEMENT_3D('',#13891,#13892,#13893);
#13891 = CARTESIAN_POINT('',(0.,241.23333333333,100.));
#13892 = DIRECTION('',(0.,-1.,1.110223024625E-16));
#13893 = DIRECTION('',(1.,0.,0.));
#13894 = PCURVE('',#13816,#13895);
#13895 = DEFINITIONAL_REPRESENTATION('',(#13896),#13900);
#13896 = CIRCLE('',#13897,31.);
#13897 = AXIS2_PLACEMENT_2D('',#13898,#13899);
#13898 = CARTESIAN_POINT('',(0.,0.));
#13899 = DIRECTION('',(1.,0.));
#13900 = ( GEOMETRIC_REPRESENTATION_CONTEXT(2) 
PARAMETRIC_REPRESENTATION_CONTEXT() REPRESENTATION_CONTEXT('2D SPACE',''
  ) );
#13901 = PCURVE('',#13902,#13907);
#13902 = CONICAL_SURFACE('',#13903,31.,0.388318718172);
#13903 = AXIS2_PLACEMENT_3D('',#13904,#13905,#13906);
#13904 = CARTESIAN_POINT('',(0.,241.23333333333,100.));
#13905 = DIRECTION('',(-0.,1.,-1.110223024625E-16));
#13906 = DIRECTION('',(1.,0.,0.));
#13907 = DEFINITIONAL_REPRESENTATION('',(#13908),#13912);
#13908 = LINE('',#13909,#13910);
#13909 = CARTESIAN_POINT('',(-0.,-0.));
#13910 = VECTOR('',#13911,1.);
#13911 = DIRECTION('',(-1.,-0.));
#13912 = ( GEOMETRIC_REPRESENTATION_CONTEXT(2) 
PARAMETRIC_REPRESENTATION_CONTEXT() REPRESENTATION_CONTEXT('2D SPACE',''
  ) );
#13913 = ADVANCED_FACE('',(#13914,#13917),#13866,.F.);
#13914 = FACE_BOUND('',#13915,.F.);
#13915 = EDGE_LOOP('',(#13916));
#13916 = ORIENTED_EDGE('',*,*,#13851,.T.);
#13917 = FACE_BOUND('',#13918,.F.);
#13918 = EDGE_LOOP('',(#13919));
#13919 = ORIENTED_EDGE('',*,*,#13920,.F.);
#13920 = EDGE_CURVE('',#13921,#13921,#13923,.T.);
#13921 = VERTEX_POINT('',#13922);
#13922 = CARTESIAN_POINT('',(4.25,247.23333333333,100.));
#13923 = SURFACE_CURVE('',#13924,(#13929,#13936),.PCURVE_S1.);
#13924 = CIRCLE('',#13925,4.25);
#13925 = AXIS2_PLACEMENT_3D('',#13926,#13927,#13928);
#13926 = CARTESIAN_POINT('',(0.,247.23333333333,100.));
#13927 = DIRECTION('',(0.,-1.,1.110223024625E-16));
#13928 = DIRECTION('',(1.,0.,0.));
#13929 = PCURVE('',#13866,#13930);
#13930 = DEFINITIONAL_REPRESENTATION('',(#13931),#13935);
#13931 = CIRCLE('',#13932,4.25);
#13932 = AXIS2_PLACEMENT_2D('',#13933,#13934);
#13933 = CARTESIAN_POINT('',(0.,0.));
#13934 = DIRECTION('',(1.,0.));
#13935 = ( GEOMETRIC_REPRESENTATION_CONTEXT(2) 
PARAMETRIC_REPRESENTATION_CONTEXT() REPRESENTATION_CONTEXT('2D SPACE',''
  ) );
#13936 = PCURVE('',#13937,#13942);
#13937 = CYLINDRICAL_SURFACE('',#13938,4.25);
#13938 = AXIS2_PLACEMENT_3D('',#13939,#13940,#13941);
#13939 = CARTESIAN_POINT('',(0.,248.23333333333,100.));
#13940 = DIRECTION('',(0.,-1.,1.110223024625E-16));
#13941 = DIRECTION('',(1.,0.,0.));
#13942 = DEFINITIONAL_REPRESENTATION('',(#13943),#13947);
#13943 = LINE('',#13944,#13945);
#13944 = CARTESIAN_POINT('',(0.,1.));
#13945 = VECTOR('',#13946,1.);
#13946 = DIRECTION('',(1.,0.));
#13947 = ( GEOMETRIC_REPRESENTATION_CONTEXT(2) 
PARAMETRIC_REPRESENTATION_CONTEXT() REPRESENTATION_CONTEXT('2D SPACE',''
  ) );
#13948 = ADVANCED_FACE('',(#13949),#13902,.T.);
#13949 = FACE_BOUND('',#13950,.T.);
#13950 = EDGE_LOOP('',(#13951,#13980,#14001,#14002));
#13951 = ORIENTED_EDGE('',*,*,#13952,.F.);
#13952 = EDGE_CURVE('',#13953,#13953,#13955,.T.);
#13953 = VERTEX_POINT('',#13954);
#13954 = CARTESIAN_POINT('',(22.,219.23333333333,100.));
#13955 = SURFACE_CURVE('',#13956,(#13961,#13968),.PCURVE_S1.);
#13956 = CIRCLE('',#13957,22.);
#13957 = AXIS2_PLACEMENT_3D('',#13958,#13959,#13960);
#13958 = CARTESIAN_POINT('',(0.,219.23333333333,100.));
#13959 = DIRECTION('',(0.,-1.,1.110223024625E-16));
#13960 = DIRECTION('',(1.,0.,0.));
#13961 = PCURVE('',#13902,#13962);
#13962 = DEFINITIONAL_REPRESENTATION('',(#13963),#13967);
#13963 = LINE('',#13964,#13965);
#13964 = CARTESIAN_POINT('',(-0.,-22.));
#13965 = VECTOR('',#13966,1.);
#13966 = DIRECTION('',(-1.,-0.));
#13967 = ( GEOMETRIC_REPRESENTATION_CONTEXT(2) 
PARAMETRIC_REPRESENTATION_CONTEXT() REPRESENTATION_CONTEXT('2D SPACE',''
  ) );
#13968 = PCURVE('',#13969,#13974);
#13969 = PLANE('',#13970);
#13970 = AXIS2_PLACEMENT_3D('',#13971,#13972,#13973);
#13971 = CARTESIAN_POINT('',(0.,219.23333333333,100.));
#13972 = DIRECTION('',(0.,-1.,1.110223024625E-16));
#13973 = DIRECTION('',(1.,0.,0.));
#13974 = DEFINITIONAL_REPRESENTATION('',(#13975),#13979);
#13975 = CIRCLE('',#13976,22.);
#13976 = AXIS2_PLACEMENT_2D('',#13977,#13978);
#13977 = CARTESIAN_POINT('',(0.,0.));
#13978 = DIRECTION('',(1.,0.));
#13979 = ( GEOMETRIC_REPRESENTATION_CONTEXT(2) 
PARAMETRIC_REPRESENTATION_CONTEXT() REPRESENTATION_CONTEXT('2D SPACE',''
  ) );
#13980 = ORIENTED_EDGE('',*,*,#13981,.F.);
#13981 = EDGE_CURVE('',#13886,#13953,#13982,.T.);
#13982 = SEAM_CURVE('',#13983,(#13987,#13994),.PCURVE_S1.);
#13983 = LINE('',#13984,#13985);
#13984 = CARTESIAN_POINT('',(31.,241.23333333333,100.));
#13985 = VECTOR('',#13986,1.);
#13986 = DIRECTION('',(-0.378632845721,-0.925546956206,
    1.954946546279E-16));
#13987 = PCURVE('',#13902,#13988);
#13988 = DEFINITIONAL_REPRESENTATION('',(#13989),#13993);
#13989 = LINE('',#13990,#13991);
#13990 = CARTESIAN_POINT('',(-6.28318530718,0.));
#13991 = VECTOR('',#13992,1.);
#13992 = DIRECTION('',(-0.,-1.));
#13993 = ( GEOMETRIC_REPRESENTATION_CONTEXT(2) 
PARAMETRIC_REPRESENTATION_CONTEXT() REPRESENTATION_CONTEXT('2D SPACE',''
  ) );
#13994 = PCURVE('',#13902,#13995);
#13995 = DEFINITIONAL_REPRESENTATION('',(#13996),#14000);
#13996 = LINE('',#13997,#13998);
#13997 = CARTESIAN_POINT('',(0.,-0.));
#13998 = VECTOR('',#13999,1.);
#13999 = DIRECTION('',(-0.,-1.));
#14000 = ( GEOMETRIC_REPRESENTATION_CONTEXT(2) 
PARAMETRIC_REPRESENTATION_CONTEXT() REPRESENTATION_CONTEXT('2D SPACE',''
  ) );
#14001 = ORIENTED_EDGE('',*,*,#13885,.T.);
#14002 = ORIENTED_EDGE('',*,*,#13981,.T.);
#14003 = ADVANCED_FACE('',(#14004),#13937,.F.);
#14004 = FACE_BOUND('',#14005,.F.);
#14005 = EDGE_LOOP('',(#14006,#14035,#14056,#14057));
#14006 = ORIENTED_EDGE('',*,*,#14007,.F.);
#14007 = EDGE_CURVE('',#14008,#14008,#14010,.T.);
#14008 = VERTEX_POINT('',#14009);
#14009 = CARTESIAN_POINT('',(4.25,226.03333333333,100.));
#14010 = SURFACE_CURVE('',#14011,(#14016,#14023),.PCURVE_S1.);
#14011 = CIRCLE('',#14012,4.25);
#14012 = AXIS2_PLACEMENT_3D('',#14013,#14014,#14015);
#14013 = CARTESIAN_POINT('',(0.,226.03333333333,100.));
#14014 = DIRECTION('',(0.,-1.,1.110223024625E-16));
#14015 = DIRECTION('',(1.,0.,0.));
#14016 = PCURVE('',#13937,#14017);
#14017 = DEFINITIONAL_REPRESENTATION('',(#14018),#14022);
#14018 = LINE('',#14019,#14020);
#14019 = CARTESIAN_POINT('',(0.,22.2));
#14020 = VECTOR('',#14021,1.);
#14021 = DIRECTION('',(1.,0.));
#14022 = ( GEOMETRIC_REPRESENTATION_CONTEXT(2) 
PARAMETRIC_REPRESENTATION_CONTEXT() REPRESENTATION_CONTEXT('2D SPACE',''
  ) );
#14023 = PCURVE('',#14024,#14029);
#14024 = PLANE('',#14025);
#14025 = AXIS2_PLACEMENT_3D('',#14026,#14027,#14028);
#14026 = CARTESIAN_POINT('',(-4.592149698826E-16,226.03333333333,100.));
#14027 = DIRECTION('',(0.,-1.,1.110223024625E-16));
#14028 = DIRECTION('',(1.,0.,0.));
#14029 = DEFINITIONAL_REPRESENTATION('',(#14030),#14034);
#14030 = CIRCLE('',#14031,4.25);
#14031 = AXIS2_PLACEMENT_2D('',#14032,#14033);
#14032 = CARTESIAN_POINT('',(4.592149698826E-16,0.));
#14033 = DIRECTION('',(1.,0.));
#14034 = ( GEOMETRIC_REPRESENTATION_CONTEXT(2) 
PARAMETRIC_REPRESENTATION_CONTEXT() REPRESENTATION_CONTEXT('2D SPACE',''
  ) );
#14035 = ORIENTED_EDGE('',*,*,#14036,.F.);
#14036 = EDGE_CURVE('',#13921,#14008,#14037,.T.);
#14037 = SEAM_CURVE('',#14038,(#14042,#14049),.PCURVE_S1.);
#14038 = LINE('',#14039,#14040);
#14039 = CARTESIAN_POINT('',(4.25,248.23333333333,100.));
#14040 = VECTOR('',#14041,1.);
#14041 = DIRECTION('',(0.,-1.,1.110223024625E-16));
#14042 = PCURVE('',#13937,#14043);
#14043 = DEFINITIONAL_REPRESENTATION('',(#14044),#14048);
#14044 = LINE('',#14045,#14046);
#14045 = CARTESIAN_POINT('',(6.28318530718,-0.));
#14046 = VECTOR('',#14047,1.);
#14047 = DIRECTION('',(0.,1.));
#14048 = ( GEOMETRIC_REPRESENTATION_CONTEXT(2) 
PARAMETRIC_REPRESENTATION_CONTEXT() REPRESENTATION_CONTEXT('2D SPACE',''
  ) );
#14049 = PCURVE('',#13937,#14050);
#14050 = DEFINITIONAL_REPRESENTATION('',(#14051),#14055);
#14051 = LINE('',#14052,#14053);
#14052 = CARTESIAN_POINT('',(0.,-0.));
#14053 = VECTOR('',#14054,1.);
#14054 = DIRECTION('',(0.,1.));
#14055 = ( GEOMETRIC_REPRESENTATION_CONTEXT(2) 
PARAMETRIC_REPRESENTATION_CONTEXT() REPRESENTATION_CONTEXT('2D SPACE',''
  ) );
#14056 = ORIENTED_EDGE('',*,*,#13920,.T.);
#14057 = ORIENTED_EDGE('',*,*,#14036,.T.);
#14058 = ADVANCED_FACE('',(#14059,#14062),#13969,.T.);
#14059 = FACE_BOUND('',#14060,.T.);
#14060 = EDGE_LOOP('',(#14061));
#14061 = ORIENTED_EDGE('',*,*,#13952,.T.);
#14062 = FACE_BOUND('',#14063,.T.);
#14063 = EDGE_LOOP('',(#14064,#14094,#14122,#14150,#14178,#14206));
#14064 = ORIENTED_EDGE('',*,*,#14065,.T.);
#14065 = EDGE_CURVE('',#14066,#14068,#14070,.T.);
#14066 = VERTEX_POINT('',#14067);
#14067 = CARTESIAN_POINT('',(-3.86824680357,219.23333333333,106.7));
#14068 = VERTEX_POINT('',#14069);
#14069 = CARTESIAN_POINT('',(3.86824680357,219.23333333333,106.7));
#14070 = SURFACE_CURVE('',#14071,(#14075,#14082),.PCURVE_S1.);
#14071 = LINE('',#14072,#14073);
#14072 = CARTESIAN_POINT('',(1.934123401785,219.23333333333,106.7));
#14073 = VECTOR('',#14074,1.);
#14074 = DIRECTION('',(1.,-1.274577582041E-32,-1.148037424707E-16));
#14075 = PCURVE('',#13969,#14076);
#14076 = DEFINITIONAL_REPRESENTATION('',(#14077),#14081);
#14077 = LINE('',#14078,#14079);
#14078 = CARTESIAN_POINT('',(1.934123401785,6.7));
#14079 = VECTOR('',#14080,1.);
#14080 = DIRECTION('',(1.,-1.148037424707E-16));
#14081 = ( GEOMETRIC_REPRESENTATION_CONTEXT(2) 
PARAMETRIC_REPRESENTATION_CONTEXT() REPRESENTATION_CONTEXT('2D SPACE',''
  ) );
#14082 = PCURVE('',#14083,#14088);
#14083 = PLANE('',#14084);
#14084 = AXIS2_PLACEMENT_3D('',#14085,#14086,#14087);
#14085 = CARTESIAN_POINT('',(3.86824680357,226.03333333333,106.7));
#14086 = DIRECTION('',(-1.148037424707E-16,-1.110223024625E-16,-1.));
#14087 = DIRECTION('',(-1.,1.274577582041E-32,1.148037424707E-16));
#14088 = DEFINITIONAL_REPRESENTATION('',(#14089),#14093);
#14089 = LINE('',#14090,#14091);
#14090 = CARTESIAN_POINT('',(1.934123401785,-6.8));
#14091 = VECTOR('',#14092,1.);
#14092 = DIRECTION('',(-1.,0.));
#14093 = ( GEOMETRIC_REPRESENTATION_CONTEXT(2) 
PARAMETRIC_REPRESENTATION_CONTEXT() REPRESENTATION_CONTEXT('2D SPACE',''
  ) );
#14094 = ORIENTED_EDGE('',*,*,#14095,.T.);
#14095 = EDGE_CURVE('',#14068,#14096,#14098,.T.);
#14096 = VERTEX_POINT('',#14097);
#14097 = CARTESIAN_POINT('',(7.736493607141,219.23333333333,100.));
#14098 = SURFACE_CURVE('',#14099,(#14103,#14110),.PCURVE_S1.);
#14099 = LINE('',#14100,#14101);
#14100 = CARTESIAN_POINT('',(6.769431906248,219.23333333333,101.675));
#14101 = VECTOR('',#14102,1.);
#14102 = DIRECTION('',(0.5,-9.614813431918E-17,-0.866025403784));
#14103 = PCURVE('',#13969,#14104);
#14104 = DEFINITIONAL_REPRESENTATION('',(#14105),#14109);
#14105 = LINE('',#14106,#14107);
#14106 = CARTESIAN_POINT('',(6.769431906248,1.675));
#14107 = VECTOR('',#14108,1.);
#14108 = DIRECTION('',(0.5,-0.866025403784));
#14109 = ( GEOMETRIC_REPRESENTATION_CONTEXT(2) 
PARAMETRIC_REPRESENTATION_CONTEXT() REPRESENTATION_CONTEXT('2D SPACE',''
  ) );
#14110 = PCURVE('',#14111,#14116);
#14111 = PLANE('',#14112);
#14112 = AXIS2_PLACEMENT_3D('',#14113,#14114,#14115);
#14113 = CARTESIAN_POINT('',(7.736493607141,226.03333333333,100.));
#14114 = DIRECTION('',(-0.866025403784,-5.551115123126E-17,-0.5));
#14115 = DIRECTION('',(-0.5,9.614813431918E-17,0.866025403784));
#14116 = DEFINITIONAL_REPRESENTATION('',(#14117),#14121);
#14117 = LINE('',#14118,#14119);
#14118 = CARTESIAN_POINT('',(1.934123401785,-6.8));
#14119 = VECTOR('',#14120,1.);
#14120 = DIRECTION('',(-1.,0.));
#14121 = ( GEOMETRIC_REPRESENTATION_CONTEXT(2) 
PARAMETRIC_REPRESENTATION_CONTEXT() REPRESENTATION_CONTEXT('2D SPACE',''
  ) );
#14122 = ORIENTED_EDGE('',*,*,#14123,.T.);
#14123 = EDGE_CURVE('',#14096,#14124,#14126,.T.);
#14124 = VERTEX_POINT('',#14125);
#14125 = CARTESIAN_POINT('',(3.86824680357,219.23333333333,93.3));
#14126 = SURFACE_CURVE('',#14127,(#14131,#14138),.PCURVE_S1.);
#14127 = LINE('',#14128,#14129);
#14128 = CARTESIAN_POINT('',(4.835308504463,219.23333333333,94.975));
#14129 = VECTOR('',#14130,1.);
#14130 = DIRECTION('',(-0.5,-9.614813431918E-17,-0.866025403784));
#14131 = PCURVE('',#13969,#14132);
#14132 = DEFINITIONAL_REPRESENTATION('',(#14133),#14137);
#14133 = LINE('',#14134,#14135);
#14134 = CARTESIAN_POINT('',(4.835308504463,-5.025));
#14135 = VECTOR('',#14136,1.);
#14136 = DIRECTION('',(-0.5,-0.866025403784));
#14137 = ( GEOMETRIC_REPRESENTATION_CONTEXT(2) 
PARAMETRIC_REPRESENTATION_CONTEXT() REPRESENTATION_CONTEXT('2D SPACE',''
  ) );
#14138 = PCURVE('',#14139,#14144);
#14139 = PLANE('',#14140);
#14140 = AXIS2_PLACEMENT_3D('',#14141,#14142,#14143);
#14141 = CARTESIAN_POINT('',(3.86824680357,226.03333333333,93.3));
#14142 = DIRECTION('',(-0.866025403784,5.551115123126E-17,0.5));
#14143 = DIRECTION('',(0.5,9.614813431918E-17,0.866025403784));
#14144 = DEFINITIONAL_REPRESENTATION('',(#14145),#14149);
#14145 = LINE('',#14146,#14147);
#14146 = CARTESIAN_POINT('',(1.934123401785,-6.8));
#14147 = VECTOR('',#14148,1.);
#14148 = DIRECTION('',(-1.,0.));
#14149 = ( GEOMETRIC_REPRESENTATION_CONTEXT(2) 
PARAMETRIC_REPRESENTATION_CONTEXT() REPRESENTATION_CONTEXT('2D SPACE',''
  ) );
#14150 = ORIENTED_EDGE('',*,*,#14151,.T.);
#14151 = EDGE_CURVE('',#14124,#14152,#14154,.T.);
#14152 = VERTEX_POINT('',#14153);
#14153 = CARTESIAN_POINT('',(-3.86824680357,219.23333333333,93.3));
#14154 = SURFACE_CURVE('',#14155,(#14159,#14166),.PCURVE_S1.);
#14155 = LINE('',#14156,#14157);
#14156 = CARTESIAN_POINT('',(-1.934123401785,219.23333333333,93.3));
#14157 = VECTOR('',#14158,1.);
#14158 = DIRECTION('',(-1.,7.647465492244E-32,6.88822454824E-16));
#14159 = PCURVE('',#13969,#14160);
#14160 = DEFINITIONAL_REPRESENTATION('',(#14161),#14165);
#14161 = LINE('',#14162,#14163);
#14162 = CARTESIAN_POINT('',(-1.934123401785,-6.7));
#14163 = VECTOR('',#14164,1.);
#14164 = DIRECTION('',(-1.,6.88822454824E-16));
#14165 = ( GEOMETRIC_REPRESENTATION_CONTEXT(2) 
PARAMETRIC_REPRESENTATION_CONTEXT() REPRESENTATION_CONTEXT('2D SPACE',''
  ) );
#14166 = PCURVE('',#14167,#14172);
#14167 = PLANE('',#14168);
#14168 = AXIS2_PLACEMENT_3D('',#14169,#14170,#14171);
#14169 = CARTESIAN_POINT('',(-3.86824680357,226.03333333333,93.3));
#14170 = DIRECTION('',(6.88822454824E-16,1.110223024625E-16,1.));
#14171 = DIRECTION('',(1.,-7.647465492244E-32,-6.88822454824E-16));
#14172 = DEFINITIONAL_REPRESENTATION('',(#14173),#14177);
#14173 = LINE('',#14174,#14175);
#14174 = CARTESIAN_POINT('',(1.934123401785,-6.8));
#14175 = VECTOR('',#14176,1.);
#14176 = DIRECTION('',(-1.,0.));
#14177 = ( GEOMETRIC_REPRESENTATION_CONTEXT(2) 
PARAMETRIC_REPRESENTATION_CONTEXT() REPRESENTATION_CONTEXT('2D SPACE',''
  ) );
#14178 = ORIENTED_EDGE('',*,*,#14179,.T.);
#14179 = EDGE_CURVE('',#14152,#14180,#14182,.T.);
#14180 = VERTEX_POINT('',#14181);
#14181 = CARTESIAN_POINT('',(-7.736493607141,219.23333333333,100.));
#14182 = SURFACE_CURVE('',#14183,(#14187,#14194),.PCURVE_S1.);
#14183 = LINE('',#14184,#14185);
#14184 = CARTESIAN_POINT('',(-6.769431906248,219.23333333333,98.325));
#14185 = VECTOR('',#14186,1.);
#14186 = DIRECTION('',(-0.5,9.614813431918E-17,0.866025403784));
#14187 = PCURVE('',#13969,#14188);
#14188 = DEFINITIONAL_REPRESENTATION('',(#14189),#14193);
#14189 = LINE('',#14190,#14191);
#14190 = CARTESIAN_POINT('',(-6.769431906248,-1.675));
#14191 = VECTOR('',#14192,1.);
#14192 = DIRECTION('',(-0.5,0.866025403784));
#14193 = ( GEOMETRIC_REPRESENTATION_CONTEXT(2) 
PARAMETRIC_REPRESENTATION_CONTEXT() REPRESENTATION_CONTEXT('2D SPACE',''
  ) );
#14194 = PCURVE('',#14195,#14200);
#14195 = PLANE('',#14196);
#14196 = AXIS2_PLACEMENT_3D('',#14197,#14198,#14199);
#14197 = CARTESIAN_POINT('',(-7.736493607141,226.03333333333,100.));
#14198 = DIRECTION('',(0.866025403784,5.551115123126E-17,0.5));
#14199 = DIRECTION('',(0.5,-9.614813431918E-17,-0.866025403784));
#14200 = DEFINITIONAL_REPRESENTATION('',(#14201),#14205);
#14201 = LINE('',#14202,#14203);
#14202 = CARTESIAN_POINT('',(1.934123401785,-6.8));
#14203 = VECTOR('',#14204,1.);
#14204 = DIRECTION('',(-1.,0.));
#14205 = ( GEOMETRIC_REPRESENTATION_CONTEXT(2) 
PARAMETRIC_REPRESENTATION_CONTEXT() REPRESENTATION_CONTEXT('2D SPACE',''
  ) );
#14206 = ORIENTED_EDGE('',*,*,#14207,.T.);
#14207 = EDGE_CURVE('',#14180,#14066,#14208,.T.);
#14208 = SURFACE_CURVE('',#14209,(#14213,#14220),.PCURVE_S1.);
#14209 = LINE('',#14210,#14211);
#14210 = CARTESIAN_POINT('',(-4.835308504463,219.23333333333,105.025));
#14211 = VECTOR('',#14212,1.);
#14212 = DIRECTION('',(0.5,9.614813431918E-17,0.866025403784));
#14213 = PCURVE('',#13969,#14214);
#14214 = DEFINITIONAL_REPRESENTATION('',(#14215),#14219);
#14215 = LINE('',#14216,#14217);
#14216 = CARTESIAN_POINT('',(-4.835308504463,5.025));
#14217 = VECTOR('',#14218,1.);
#14218 = DIRECTION('',(0.5,0.866025403784));
#14219 = ( GEOMETRIC_REPRESENTATION_CONTEXT(2) 
PARAMETRIC_REPRESENTATION_CONTEXT() REPRESENTATION_CONTEXT('2D SPACE',''
  ) );
#14220 = PCURVE('',#14221,#14226);
#14221 = PLANE('',#14222);
#14222 = AXIS2_PLACEMENT_3D('',#14223,#14224,#14225);
#14223 = CARTESIAN_POINT('',(-3.86824680357,226.03333333333,106.7));
#14224 = DIRECTION('',(0.866025403784,-5.551115123126E-17,-0.5));
#14225 = DIRECTION('',(-0.5,-9.614813431918E-17,-0.866025403784));
#14226 = DEFINITIONAL_REPRESENTATION('',(#14227),#14231);
#14227 = LINE('',#14228,#14229);
#14228 = CARTESIAN_POINT('',(1.934123401785,-6.8));
#14229 = VECTOR('',#14230,1.);
#14230 = DIRECTION('',(-1.,0.));
#14231 = ( GEOMETRIC_REPRESENTATION_CONTEXT(2) 
PARAMETRIC_REPRESENTATION_CONTEXT() REPRESENTATION_CONTEXT('2D SPACE',''
  ) );
#14232 = ADVANCED_FACE('',(#14233,#14373),#14024,.T.);
#14233 = FACE_BOUND('',#14234,.T.);
#14234 = EDGE_LOOP('',(#14235,#14260,#14283,#14306,#14329,#14352));
#14235 = ORIENTED_EDGE('',*,*,#14236,.T.);
#14236 = EDGE_CURVE('',#14237,#14239,#14241,.T.);
#14237 = VERTEX_POINT('',#14238);
#14238 = CARTESIAN_POINT('',(7.736493607141,226.03333333333,100.));
#14239 = VERTEX_POINT('',#14240);
#14240 = CARTESIAN_POINT('',(3.86824680357,226.03333333333,106.7));
#14241 = SURFACE_CURVE('',#14242,(#14246,#14253),.PCURVE_S1.);
#14242 = LINE('',#14243,#14244);
#14243 = CARTESIAN_POINT('',(7.736493607141,226.03333333333,100.));
#14244 = VECTOR('',#14245,1.);
#14245 = DIRECTION('',(-0.5,9.614813431918E-17,0.866025403784));
#14246 = PCURVE('',#14024,#14247);
#14247 = DEFINITIONAL_REPRESENTATION('',(#14248),#14252);
#14248 = LINE('',#14249,#14250);
#14249 = CARTESIAN_POINT('',(7.736493607141,0.));
#14250 = VECTOR('',#14251,1.);
#14251 = DIRECTION('',(-0.5,0.866025403784));
#14252 = ( GEOMETRIC_REPRESENTATION_CONTEXT(2) 
PARAMETRIC_REPRESENTATION_CONTEXT() REPRESENTATION_CONTEXT('2D SPACE',''
  ) );
#14253 = PCURVE('',#14111,#14254);
#14254 = DEFINITIONAL_REPRESENTATION('',(#14255),#14259);
#14255 = LINE('',#14256,#14257);
#14256 = CARTESIAN_POINT('',(0.,0.));
#14257 = VECTOR('',#14258,1.);
#14258 = DIRECTION('',(1.,0.));
#14259 = ( GEOMETRIC_REPRESENTATION_CONTEXT(2) 
PARAMETRIC_REPRESENTATION_CONTEXT() REPRESENTATION_CONTEXT('2D SPACE',''
  ) );
#14260 = ORIENTED_EDGE('',*,*,#14261,.T.);
#14261 = EDGE_CURVE('',#14239,#14262,#14264,.T.);
#14262 = VERTEX_POINT('',#14263);
#14263 = CARTESIAN_POINT('',(-3.86824680357,226.03333333333,106.7));
#14264 = SURFACE_CURVE('',#14265,(#14269,#14276),.PCURVE_S1.);
#14265 = LINE('',#14266,#14267);
#14266 = CARTESIAN_POINT('',(3.86824680357,226.03333333333,106.7));
#14267 = VECTOR('',#14268,1.);
#14268 = DIRECTION('',(-1.,1.274577582041E-32,1.148037424707E-16));
#14269 = PCURVE('',#14024,#14270);
#14270 = DEFINITIONAL_REPRESENTATION('',(#14271),#14275);
#14271 = LINE('',#14272,#14273);
#14272 = CARTESIAN_POINT('',(3.86824680357,6.7));
#14273 = VECTOR('',#14274,1.);
#14274 = DIRECTION('',(-1.,1.148037424707E-16));
#14275 = ( GEOMETRIC_REPRESENTATION_CONTEXT(2) 
PARAMETRIC_REPRESENTATION_CONTEXT() REPRESENTATION_CONTEXT('2D SPACE',''
  ) );
#14276 = PCURVE('',#14083,#14277);
#14277 = DEFINITIONAL_REPRESENTATION('',(#14278),#14282);
#14278 = LINE('',#14279,#14280);
#14279 = CARTESIAN_POINT('',(0.,0.));
#14280 = VECTOR('',#14281,1.);
#14281 = DIRECTION('',(1.,0.));
#14282 = ( GEOMETRIC_REPRESENTATION_CONTEXT(2) 
PARAMETRIC_REPRESENTATION_CONTEXT() REPRESENTATION_CONTEXT('2D SPACE',''
  ) );
#14283 = ORIENTED_EDGE('',*,*,#14284,.T.);
#14284 = EDGE_CURVE('',#14262,#14285,#14287,.T.);
#14285 = VERTEX_POINT('',#14286);
#14286 = CARTESIAN_POINT('',(-7.736493607141,226.03333333333,100.));
#14287 = SURFACE_CURVE('',#14288,(#14292,#14299),.PCURVE_S1.);
#14288 = LINE('',#14289,#14290);
#14289 = CARTESIAN_POINT('',(-3.86824680357,226.03333333333,106.7));
#14290 = VECTOR('',#14291,1.);
#14291 = DIRECTION('',(-0.5,-9.614813431918E-17,-0.866025403784));
#14292 = PCURVE('',#14024,#14293);
#14293 = DEFINITIONAL_REPRESENTATION('',(#14294),#14298);
#14294 = LINE('',#14295,#14296);
#14295 = CARTESIAN_POINT('',(-3.86824680357,6.7));
#14296 = VECTOR('',#14297,1.);
#14297 = DIRECTION('',(-0.5,-0.866025403784));
#14298 = ( GEOMETRIC_REPRESENTATION_CONTEXT(2) 
PARAMETRIC_REPRESENTATION_CONTEXT() REPRESENTATION_CONTEXT('2D SPACE',''
  ) );
#14299 = PCURVE('',#14221,#14300);
#14300 = DEFINITIONAL_REPRESENTATION('',(#14301),#14305);
#14301 = LINE('',#14302,#14303);
#14302 = CARTESIAN_POINT('',(-0.,0.));
#14303 = VECTOR('',#14304,1.);
#14304 = DIRECTION('',(1.,0.));
#14305 = ( GEOMETRIC_REPRESENTATION_CONTEXT(2) 
PARAMETRIC_REPRESENTATION_CONTEXT() REPRESENTATION_CONTEXT('2D SPACE',''
  ) );
#14306 = ORIENTED_EDGE('',*,*,#14307,.T.);
#14307 = EDGE_CURVE('',#14285,#14308,#14310,.T.);
#14308 = VERTEX_POINT('',#14309);
#14309 = CARTESIAN_POINT('',(-3.86824680357,226.03333333333,93.3));
#14310 = SURFACE_CURVE('',#14311,(#14315,#14322),.PCURVE_S1.);
#14311 = LINE('',#14312,#14313);
#14312 = CARTESIAN_POINT('',(-7.736493607141,226.03333333333,100.));
#14313 = VECTOR('',#14314,1.);
#14314 = DIRECTION('',(0.5,-9.614813431918E-17,-0.866025403784));
#14315 = PCURVE('',#14024,#14316);
#14316 = DEFINITIONAL_REPRESENTATION('',(#14317),#14321);
#14317 = LINE('',#14318,#14319);
#14318 = CARTESIAN_POINT('',(-7.736493607141,0.));
#14319 = VECTOR('',#14320,1.);
#14320 = DIRECTION('',(0.5,-0.866025403784));
#14321 = ( GEOMETRIC_REPRESENTATION_CONTEXT(2) 
PARAMETRIC_REPRESENTATION_CONTEXT() REPRESENTATION_CONTEXT('2D SPACE',''
  ) );
#14322 = PCURVE('',#14195,#14323);
#14323 = DEFINITIONAL_REPRESENTATION('',(#14324),#14328);
#14324 = LINE('',#14325,#14326);
#14325 = CARTESIAN_POINT('',(0.,0.));
#14326 = VECTOR('',#14327,1.);
#14327 = DIRECTION('',(1.,0.));
#14328 = ( GEOMETRIC_REPRESENTATION_CONTEXT(2) 
PARAMETRIC_REPRESENTATION_CONTEXT() REPRESENTATION_CONTEXT('2D SPACE',''
  ) );
#14329 = ORIENTED_EDGE('',*,*,#14330,.T.);
#14330 = EDGE_CURVE('',#14308,#14331,#14333,.T.);
#14331 = VERTEX_POINT('',#14332);
#14332 = CARTESIAN_POINT('',(3.86824680357,226.03333333333,93.3));
#14333 = SURFACE_CURVE('',#14334,(#14338,#14345),.PCURVE_S1.);
#14334 = LINE('',#14335,#14336);
#14335 = CARTESIAN_POINT('',(-3.86824680357,226.03333333333,93.3));
#14336 = VECTOR('',#14337,1.);
#14337 = DIRECTION('',(1.,-7.647465492244E-32,-6.88822454824E-16));
#14338 = PCURVE('',#14024,#14339);
#14339 = DEFINITIONAL_REPRESENTATION('',(#14340),#14344);
#14340 = LINE('',#14341,#14342);
#14341 = CARTESIAN_POINT('',(-3.86824680357,-6.7));
#14342 = VECTOR('',#14343,1.);
#14343 = DIRECTION('',(1.,-6.88822454824E-16));
#14344 = ( GEOMETRIC_REPRESENTATION_CONTEXT(2) 
PARAMETRIC_REPRESENTATION_CONTEXT() REPRESENTATION_CONTEXT('2D SPACE',''
  ) );
#14345 = PCURVE('',#14167,#14346);
#14346 = DEFINITIONAL_REPRESENTATION('',(#14347),#14351);
#14347 = LINE('',#14348,#14349);
#14348 = CARTESIAN_POINT('',(0.,0.));
#14349 = VECTOR('',#14350,1.);
#14350 = DIRECTION('',(1.,0.));
#14351 = ( GEOMETRIC_REPRESENTATION_CONTEXT(2) 
PARAMETRIC_REPRESENTATION_CONTEXT() REPRESENTATION_CONTEXT('2D SPACE',''
  ) );
#14352 = ORIENTED_EDGE('',*,*,#14353,.T.);
#14353 = EDGE_CURVE('',#14331,#14237,#14354,.T.);
#14354 = SURFACE_CURVE('',#14355,(#14359,#14366),.PCURVE_S1.);
#14355 = LINE('',#14356,#14357);
#14356 = CARTESIAN_POINT('',(3.86824680357,226.03333333333,93.3));
#14357 = VECTOR('',#14358,1.);
#14358 = DIRECTION('',(0.5,9.614813431918E-17,0.866025403784));
#14359 = PCURVE('',#14024,#14360);
#14360 = DEFINITIONAL_REPRESENTATION('',(#14361),#14365);
#14361 = LINE('',#14362,#14363);
#14362 = CARTESIAN_POINT('',(3.86824680357,-6.7));
#14363 = VECTOR('',#14364,1.);
#14364 = DIRECTION('',(0.5,0.866025403784));
#14365 = ( GEOMETRIC_REPRESENTATION_CONTEXT(2) 
PARAMETRIC_REPRESENTATION_CONTEXT() REPRESENTATION_CONTEXT('2D SPACE',''
  ) );
#14366 = PCURVE('',#14139,#14367);
#14367 = DEFINITIONAL_REPRESENTATION('',(#14368),#14372);
#14368 = LINE('',#14369,#14370);
#14369 = CARTESIAN_POINT('',(0.,0.));
#14370 = VECTOR('',#14371,1.);
#14371 = DIRECTION('',(1.,0.));
#14372 = ( GEOMETRIC_REPRESENTATION_CONTEXT(2) 
PARAMETRIC_REPRESENTATION_CONTEXT() REPRESENTATION_CONTEXT('2D SPACE',''
  ) );
#14373 = FACE_BOUND('',#14374,.T.);
#14374 = EDGE_LOOP('',(#14375));
#14375 = ORIENTED_EDGE('',*,*,#14007,.F.);
#14376 = ADVANCED_FACE('',(#14377),#14083,.T.);
#14377 = FACE_BOUND('',#14378,.T.);
#14378 = EDGE_LOOP('',(#14379,#14380,#14401,#14402));
#14379 = ORIENTED_EDGE('',*,*,#14261,.F.);
#14380 = ORIENTED_EDGE('',*,*,#14381,.T.);
#14381 = EDGE_CURVE('',#14239,#14068,#14382,.T.);
#14382 = SURFACE_CURVE('',#14383,(#14387,#14394),.PCURVE_S1.);
#14383 = LINE('',#14384,#14385);
#14384 = CARTESIAN_POINT('',(3.86824680357,226.03333333333,106.7));
#14385 = VECTOR('',#14386,1.);
#14386 = DIRECTION('',(0.,-1.,1.110223024625E-16));
#14387 = PCURVE('',#14083,#14388);
#14388 = DEFINITIONAL_REPRESENTATION('',(#14389),#14393);
#14389 = LINE('',#14390,#14391);
#14390 = CARTESIAN_POINT('',(0.,0.));
#14391 = VECTOR('',#14392,1.);
#14392 = DIRECTION('',(0.,-1.));
#14393 = ( GEOMETRIC_REPRESENTATION_CONTEXT(2) 
PARAMETRIC_REPRESENTATION_CONTEXT() REPRESENTATION_CONTEXT('2D SPACE',''
  ) );
#14394 = PCURVE('',#14111,#14395);
#14395 = DEFINITIONAL_REPRESENTATION('',(#14396),#14400);
#14396 = LINE('',#14397,#14398);
#14397 = CARTESIAN_POINT('',(7.736493607141,-7.438494264989E-16));
#14398 = VECTOR('',#14399,1.);
#14399 = DIRECTION('',(0.,-1.));
#14400 = ( GEOMETRIC_REPRESENTATION_CONTEXT(2) 
PARAMETRIC_REPRESENTATION_CONTEXT() REPRESENTATION_CONTEXT('2D SPACE',''
  ) );
#14401 = ORIENTED_EDGE('',*,*,#14065,.F.);
#14402 = ORIENTED_EDGE('',*,*,#14403,.F.);
#14403 = EDGE_CURVE('',#14262,#14066,#14404,.T.);
#14404 = SURFACE_CURVE('',#14405,(#14409,#14416),.PCURVE_S1.);
#14405 = LINE('',#14406,#14407);
#14406 = CARTESIAN_POINT('',(-3.86824680357,226.03333333333,106.7));
#14407 = VECTOR('',#14408,1.);
#14408 = DIRECTION('',(0.,-1.,1.110223024625E-16));
#14409 = PCURVE('',#14083,#14410);
#14410 = DEFINITIONAL_REPRESENTATION('',(#14411),#14415);
#14411 = LINE('',#14412,#14413);
#14412 = CARTESIAN_POINT('',(7.736493607141,0.));
#14413 = VECTOR('',#14414,1.);
#14414 = DIRECTION('',(0.,-1.));
#14415 = ( GEOMETRIC_REPRESENTATION_CONTEXT(2) 
PARAMETRIC_REPRESENTATION_CONTEXT() REPRESENTATION_CONTEXT('2D SPACE',''
  ) );
#14416 = PCURVE('',#14221,#14417);
#14417 = DEFINITIONAL_REPRESENTATION('',(#14418),#14422);
#14418 = LINE('',#14419,#14420);
#14419 = CARTESIAN_POINT('',(-0.,0.));
#14420 = VECTOR('',#14421,1.);
#14421 = DIRECTION('',(0.,-1.));
#14422 = ( GEOMETRIC_REPRESENTATION_CONTEXT(2) 
PARAMETRIC_REPRESENTATION_CONTEXT() REPRESENTATION_CONTEXT('2D SPACE',''
  ) );
#14423 = ADVANCED_FACE('',(#14424),#14221,.T.);
#14424 = FACE_BOUND('',#14425,.T.);
#14425 = EDGE_LOOP('',(#14426,#14427,#14428,#14429));
#14426 = ORIENTED_EDGE('',*,*,#14284,.F.);
#14427 = ORIENTED_EDGE('',*,*,#14403,.T.);
#14428 = ORIENTED_EDGE('',*,*,#14207,.F.);
#14429 = ORIENTED_EDGE('',*,*,#14430,.F.);
#14430 = EDGE_CURVE('',#14285,#14180,#14431,.T.);
#14431 = SURFACE_CURVE('',#14432,(#14436,#14443),.PCURVE_S1.);
#14432 = LINE('',#14433,#14434);
#14433 = CARTESIAN_POINT('',(-7.736493607141,226.03333333333,100.));
#14434 = VECTOR('',#14435,1.);
#14435 = DIRECTION('',(0.,-1.,1.110223024625E-16));
#14436 = PCURVE('',#14221,#14437);
#14437 = DEFINITIONAL_REPRESENTATION('',(#14438),#14442);
#14438 = LINE('',#14439,#14440);
#14439 = CARTESIAN_POINT('',(7.736493607141,7.438494264989E-16));
#14440 = VECTOR('',#14441,1.);
#14441 = DIRECTION('',(0.,-1.));
#14442 = ( GEOMETRIC_REPRESENTATION_CONTEXT(2) 
PARAMETRIC_REPRESENTATION_CONTEXT() REPRESENTATION_CONTEXT('2D SPACE',''
  ) );
#14443 = PCURVE('',#14195,#14444);
#14444 = DEFINITIONAL_REPRESENTATION('',(#14445),#14449);
#14445 = LINE('',#14446,#14447);
#14446 = CARTESIAN_POINT('',(0.,0.));
#14447 = VECTOR('',#14448,1.);
#14448 = DIRECTION('',(0.,-1.));
#14449 = ( GEOMETRIC_REPRESENTATION_CONTEXT(2) 
PARAMETRIC_REPRESENTATION_CONTEXT() REPRESENTATION_CONTEXT('2D SPACE',''
  ) );
#14450 = ADVANCED_FACE('',(#14451),#14195,.T.);
#14451 = FACE_BOUND('',#14452,.T.);
#14452 = EDGE_LOOP('',(#14453,#14454,#14455,#14456));
#14453 = ORIENTED_EDGE('',*,*,#14307,.F.);
#14454 = ORIENTED_EDGE('',*,*,#14430,.T.);
#14455 = ORIENTED_EDGE('',*,*,#14179,.F.);
#14456 = ORIENTED_EDGE('',*,*,#14457,.F.);
#14457 = EDGE_CURVE('',#14308,#14152,#14458,.T.);
#14458 = SURFACE_CURVE('',#14459,(#14463,#14470),.PCURVE_S1.);
#14459 = LINE('',#14460,#14461);
#14460 = CARTESIAN_POINT('',(-3.86824680357,226.03333333333,93.3));
#14461 = VECTOR('',#14462,1.);
#14462 = DIRECTION('',(0.,-1.,1.110223024625E-16));
#14463 = PCURVE('',#14195,#14464);
#14464 = DEFINITIONAL_REPRESENTATION('',(#14465),#14469);
#14465 = LINE('',#14466,#14467);
#14466 = CARTESIAN_POINT('',(7.736493607141,7.438494264989E-16));
#14467 = VECTOR('',#14468,1.);
#14468 = DIRECTION('',(0.,-1.));
#14469 = ( GEOMETRIC_REPRESENTATION_CONTEXT(2) 
PARAMETRIC_REPRESENTATION_CONTEXT() REPRESENTATION_CONTEXT('2D SPACE',''
  ) );
#14470 = PCURVE('',#14167,#14471);
#14471 = DEFINITIONAL_REPRESENTATION('',(#14472),#14476);
#14472 = LINE('',#14473,#14474);
#14473 = CARTESIAN_POINT('',(0.,0.));
#14474 = VECTOR('',#14475,1.);
#14475 = DIRECTION('',(0.,-1.));
#14476 = ( GEOMETRIC_REPRESENTATION_CONTEXT(2) 
PARAMETRIC_REPRESENTATION_CONTEXT() REPRESENTATION_CONTEXT('2D SPACE',''
  ) );
#14477 = ADVANCED_FACE('',(#14478),#14167,.T.);
#14478 = FACE_BOUND('',#14479,.T.);
#14479 = EDGE_LOOP('',(#14480,#14481,#14482,#14483));
#14480 = ORIENTED_EDGE('',*,*,#14330,.F.);
#14481 = ORIENTED_EDGE('',*,*,#14457,.T.);
#14482 = ORIENTED_EDGE('',*,*,#14151,.F.);
#14483 = ORIENTED_EDGE('',*,*,#14484,.F.);
#14484 = EDGE_CURVE('',#14331,#14124,#14485,.T.);
#14485 = SURFACE_CURVE('',#14486,(#14490,#14497),.PCURVE_S1.);
#14486 = LINE('',#14487,#14488);
#14487 = CARTESIAN_POINT('',(3.86824680357,226.03333333333,93.3));
#14488 = VECTOR('',#14489,1.);
#14489 = DIRECTION('',(0.,-1.,1.110223024625E-16));
#14490 = PCURVE('',#14167,#14491);
#14491 = DEFINITIONAL_REPRESENTATION('',(#14492),#14496);
#14492 = LINE('',#14493,#14494);
#14493 = CARTESIAN_POINT('',(7.736493607141,0.));
#14494 = VECTOR('',#14495,1.);
#14495 = DIRECTION('',(0.,-1.));
#14496 = ( GEOMETRIC_REPRESENTATION_CONTEXT(2) 
PARAMETRIC_REPRESENTATION_CONTEXT() REPRESENTATION_CONTEXT('2D SPACE',''
  ) );
#14497 = PCURVE('',#14139,#14498);
#14498 = DEFINITIONAL_REPRESENTATION('',(#14499),#14503);
#14499 = LINE('',#14500,#14501);
#14500 = CARTESIAN_POINT('',(0.,0.));
#14501 = VECTOR('',#14502,1.);
#14502 = DIRECTION('',(0.,-1.));
#14503 = ( GEOMETRIC_REPRESENTATION_CONTEXT(2) 
PARAMETRIC_REPRESENTATION_CONTEXT() REPRESENTATION_CONTEXT('2D SPACE',''
  ) );
#14504 = ADVANCED_FACE('',(#14505),#14139,.T.);
#14505 = FACE_BOUND('',#14506,.T.);
#14506 = EDGE_LOOP('',(#14507,#14508,#14509,#14510));
#14507 = ORIENTED_EDGE('',*,*,#14353,.F.);
#14508 = ORIENTED_EDGE('',*,*,#14484,.T.);
#14509 = ORIENTED_EDGE('',*,*,#14123,.F.);
#14510 = ORIENTED_EDGE('',*,*,#14511,.F.);
#14511 = EDGE_CURVE('',#14237,#14096,#14512,.T.);
#14512 = SURFACE_CURVE('',#14513,(#14517,#14524),.PCURVE_S1.);
#14513 = LINE('',#14514,#14515);
#14514 = CARTESIAN_POINT('',(7.736493607141,226.03333333333,100.));
#14515 = VECTOR('',#14516,1.);
#14516 = DIRECTION('',(0.,-1.,1.110223024625E-16));
#14517 = PCURVE('',#14139,#14518);
#14518 = DEFINITIONAL_REPRESENTATION('',(#14519),#14523);
#14519 = LINE('',#14520,#14521);
#14520 = CARTESIAN_POINT('',(7.736493607141,-7.438494264989E-16));
#14521 = VECTOR('',#14522,1.);
#14522 = DIRECTION('',(0.,-1.));
#14523 = ( GEOMETRIC_REPRESENTATION_CONTEXT(2) 
PARAMETRIC_REPRESENTATION_CONTEXT() REPRESENTATION_CONTEXT('2D SPACE',''
  ) );
#14524 = PCURVE('',#14111,#14525);
#14525 = DEFINITIONAL_REPRESENTATION('',(#14526),#14530);
#14526 = LINE('',#14527,#14528);
#14527 = CARTESIAN_POINT('',(0.,0.));
#14528 = VECTOR('',#14529,1.);
#14529 = DIRECTION('',(0.,-1.));
#14530 = ( GEOMETRIC_REPRESENTATION_CONTEXT(2) 
PARAMETRIC_REPRESENTATION_CONTEXT() REPRESENTATION_CONTEXT('2D SPACE',''
  ) );
#14531 = ADVANCED_FACE('',(#14532),#14111,.T.);
#14532 = FACE_BOUND('',#14533,.T.);
#14533 = EDGE_LOOP('',(#14534,#14535,#14536,#14537));
#14534 = ORIENTED_EDGE('',*,*,#14236,.F.);
#14535 = ORIENTED_EDGE('',*,*,#14511,.T.);
#14536 = ORIENTED_EDGE('',*,*,#14095,.F.);
#14537 = ORIENTED_EDGE('',*,*,#14381,.F.);
#14538 = ( GEOMETRIC_REPRESENTATION_CONTEXT(3) 
GLOBAL_UNCERTAINTY_ASSIGNED_CONTEXT((#14542)) 
GLOBAL_UNIT_ASSIGNED_CONTEXT((#14539,#14540,#14541)) 
REPRESENTATION_CONTEXT('Context #1',
  '3D Context with UNIT and UNCERTAINTY') );
#14539 = ( LENGTH_UNIT() NAMED_UNIT(*) SI_UNIT(.MILLI.,.METRE.) );
#14540 = ( NAMED_UNIT(*) PLANE_ANGLE_UNIT() SI_UNIT($,.RADIAN.) );
#14541 = ( NAMED_UNIT(*) SI_UNIT($,.STERADIAN.) SOLID_ANGLE_UNIT() );
#14542 = UNCERTAINTY_MEASURE_WITH_UNIT(LENGTH_MEASURE(1.E-07),#14539,
  'distance_accuracy_value','confusion accuracy');
#14543 = CONTEXT_DEPENDENT_SHAPE_REPRESENTATION(#14544,#14546);
#14544 = ( REPRESENTATION_RELATIONSHIP('','',#13787,#10) 
REPRESENTATION_RELATIONSHIP_WITH_TRANSFORMATION(#14545) 
SHAPE_REPRESENTATION_RELATIONSHIP() );
#14545 = ITEM_DEFINED_TRANSFORMATION('','',#11,#75);
#14546 = PRODUCT_DEFINITION_SHAPE('Placement','Placement of an item',
  #14547);
#14547 = NEXT_ASSEMBLY_USAGE_OCCURRENCE('16','chuck_2','',#5,#13782,$);
#14548 = PRODUCT_RELATED_PRODUCT_CATEGORY('part',$,(#13784));
#14549 = SHAPE_DEFINITION_REPRESENTATION(#14550,#14556);
#14550 = PRODUCT_DEFINITION_SHAPE('','',#14551);
#14551 = PRODUCT_DEFINITION('design','',#14552,#14555);
#14552 = PRODUCT_DEFINITION_FORMATION('','',#14553);
#14553 = PRODUCT('chuck_captive_nut_1','chuck_captive_nut_1','',(#14554)
  );
#14554 = PRODUCT_CONTEXT('',#2,'mechanical');
#14555 = PRODUCT_DEFINITION_CONTEXT('part definition',#2,'design');
#14556 = ADVANCED_BREP_SHAPE_REPRESENTATION('',(#11,#14557),#15127);
#14557 = MANIFOLD_SOLID_BREP('',#14558);
#14558 = CLOSED_SHELL('',(#14559,#14679,#14755,#14831,#14940,#15039,
    #15066,#15093,#15100));
#14559 = ADVANCED_FACE('',(#14560),#14574,.F.);
#14560 = FACE_BOUND('',#14561,.F.);
#14561 = EDGE_LOOP('',(#14562,#14597,#14625,#14653));
#14562 = ORIENTED_EDGE('',*,*,#14563,.T.);
#14563 = EDGE_CURVE('',#14564,#14566,#14568,.T.);
#14564 = VERTEX_POINT('',#14565);
#14565 = CARTESIAN_POINT('',(7.505553499465,226.03333333333,100.));
#14566 = VERTEX_POINT('',#14567);
#14567 = CARTESIAN_POINT('',(7.505553499465,219.53333333333,100.));
#14568 = SURFACE_CURVE('',#14569,(#14573,#14585),.PCURVE_S1.);
#14569 = LINE('',#14570,#14571);
#14570 = CARTESIAN_POINT('',(7.505553499465,226.03333333333,100.));
#14571 = VECTOR('',#14572,1.);
#14572 = DIRECTION('',(0.,-1.,1.110223024625E-16));
#14573 = PCURVE('',#14574,#14579);
#14574 = PLANE('',#14575);
#14575 = AXIS2_PLACEMENT_3D('',#14576,#14577,#14578);
#14576 = CARTESIAN_POINT('',(7.505553499465,226.03333333333,100.));
#14577 = DIRECTION('',(-0.866025403784,-5.551115123126E-17,-0.5));
#14578 = DIRECTION('',(-0.5,9.614813431918E-17,0.866025403784));
#14579 = DEFINITIONAL_REPRESENTATION('',(#14580),#14584);
#14580 = LINE('',#14581,#14582);
#14581 = CARTESIAN_POINT('',(0.,0.));
#14582 = VECTOR('',#14583,1.);
#14583 = DIRECTION('',(0.,-1.));
#14584 = ( GEOMETRIC_REPRESENTATION_CONTEXT(2) 
PARAMETRIC_REPRESENTATION_CONTEXT() REPRESENTATION_CONTEXT('2D SPACE',''
  ) );
#14585 = PCURVE('',#14586,#14591);
#14586 = PLANE('',#14587);
#14587 = AXIS2_PLACEMENT_3D('',#14588,#14589,#14590);
#14588 = CARTESIAN_POINT('',(3.752776749733,226.03333333333,93.5));
#14589 = DIRECTION('',(-0.866025403784,5.551115123126E-17,0.5));
#14590 = DIRECTION('',(0.5,9.614813431918E-17,0.866025403784));
#14591 = DEFINITIONAL_REPRESENTATION('',(#14592),#14596);
#14592 = LINE('',#14593,#14594);
#14593 = CARTESIAN_POINT('',(7.505553499465,-7.216449660064E-16));
#14594 = VECTOR('',#14595,1.);
#14595 = DIRECTION('',(0.,-1.));
#14596 = ( GEOMETRIC_REPRESENTATION_CONTEXT(2) 
PARAMETRIC_REPRESENTATION_CONTEXT() REPRESENTATION_CONTEXT('2D SPACE',''
  ) );
#14597 = ORIENTED_EDGE('',*,*,#14598,.T.);
#14598 = EDGE_CURVE('',#14566,#14599,#14601,.T.);
#14599 = VERTEX_POINT('',#14600);
#14600 = CARTESIAN_POINT('',(3.752776749733,219.53333333333,106.5));
#14601 = SURFACE_CURVE('',#14602,(#14606,#14613),.PCURVE_S1.);
#14602 = LINE('',#14603,#14604);
#14603 = CARTESIAN_POINT('',(7.505553499465,219.53333333333,100.));
#14604 = VECTOR('',#14605,1.);
#14605 = DIRECTION('',(-0.5,9.614813431918E-17,0.866025403784));
#14606 = PCURVE('',#14574,#14607);
#14607 = DEFINITIONAL_REPRESENTATION('',(#14608),#14612);
#14608 = LINE('',#14609,#14610);
#14609 = CARTESIAN_POINT('',(-6.249628730747E-16,-6.5));
#14610 = VECTOR('',#14611,1.);
#14611 = DIRECTION('',(1.,0.));
#14612 = ( GEOMETRIC_REPRESENTATION_CONTEXT(2) 
PARAMETRIC_REPRESENTATION_CONTEXT() REPRESENTATION_CONTEXT('2D SPACE',''
  ) );
#14613 = PCURVE('',#14614,#14619);
#14614 = PLANE('',#14615);
#14615 = AXIS2_PLACEMENT_3D('',#14616,#14617,#14618);
#14616 = CARTESIAN_POINT('',(-3.155631075091E-16,219.53333333333,100.));
#14617 = DIRECTION('',(0.,-1.,1.110223024625E-16));
#14618 = DIRECTION('',(1.,0.,0.));
#14619 = DEFINITIONAL_REPRESENTATION('',(#14620),#14624);
#14620 = LINE('',#14621,#14622);
#14621 = CARTESIAN_POINT('',(7.505553499465,0.));
#14622 = VECTOR('',#14623,1.);
#14623 = DIRECTION('',(-0.5,0.866025403784));
#14624 = ( GEOMETRIC_REPRESENTATION_CONTEXT(2) 
PARAMETRIC_REPRESENTATION_CONTEXT() REPRESENTATION_CONTEXT('2D SPACE',''
  ) );
#14625 = ORIENTED_EDGE('',*,*,#14626,.F.);
#14626 = EDGE_CURVE('',#14627,#14599,#14629,.T.);
#14627 = VERTEX_POINT('',#14628);
#14628 = CARTESIAN_POINT('',(3.752776749733,226.03333333333,106.5));
#14629 = SURFACE_CURVE('',#14630,(#14634,#14641),.PCURVE_S1.);
#14630 = LINE('',#14631,#14632);
#14631 = CARTESIAN_POINT('',(3.752776749733,226.03333333333,106.5));
#14632 = VECTOR('',#14633,1.);
#14633 = DIRECTION('',(0.,-1.,1.110223024625E-16));
#14634 = PCURVE('',#14574,#14635);
#14635 = DEFINITIONAL_REPRESENTATION('',(#14636),#14640);
#14636 = LINE('',#14637,#14638);
#14637 = CARTESIAN_POINT('',(7.505553499465,-7.216449660064E-16));
#14638 = VECTOR('',#14639,1.);
#14639 = DIRECTION('',(0.,-1.));
#14640 = ( GEOMETRIC_REPRESENTATION_CONTEXT(2) 
PARAMETRIC_REPRESENTATION_CONTEXT() REPRESENTATION_CONTEXT('2D SPACE',''
  ) );
#14641 = PCURVE('',#14642,#14647);
#14642 = PLANE('',#14643);
#14643 = AXIS2_PLACEMENT_3D('',#14644,#14645,#14646);
#14644 = CARTESIAN_POINT('',(3.752776749733,226.03333333333,106.5));
#14645 = DIRECTION('',(-1.183361653159E-16,-1.110223024625E-16,-1.));
#14646 = DIRECTION('',(-1.,1.313795353796E-32,1.183361653159E-16));
#14647 = DEFINITIONAL_REPRESENTATION('',(#14648),#14652);
#14648 = LINE('',#14649,#14650);
#14649 = CARTESIAN_POINT('',(0.,0.));
#14650 = VECTOR('',#14651,1.);
#14651 = DIRECTION('',(0.,-1.));
#14652 = ( GEOMETRIC_REPRESENTATION_CONTEXT(2) 
PARAMETRIC_REPRESENTATION_CONTEXT() REPRESENTATION_CONTEXT('2D SPACE',''
  ) );
#14653 = ORIENTED_EDGE('',*,*,#14654,.F.);
#14654 = EDGE_CURVE('',#14564,#14627,#14655,.T.);
#14655 = SURFACE_CURVE('',#14656,(#14660,#14667),.PCURVE_S1.);
#14656 = LINE('',#14657,#14658);
#14657 = CARTESIAN_POINT('',(7.505553499465,226.03333333333,100.));
#14658 = VECTOR('',#14659,1.);
#14659 = DIRECTION('',(-0.5,9.614813431918E-17,0.866025403784));
#14660 = PCURVE('',#14574,#14661);
#14661 = DEFINITIONAL_REPRESENTATION('',(#14662),#14666);
#14662 = LINE('',#14663,#14664);
#14663 = CARTESIAN_POINT('',(0.,0.));
#14664 = VECTOR('',#14665,1.);
#14665 = DIRECTION('',(1.,0.));
#14666 = ( GEOMETRIC_REPRESENTATION_CONTEXT(2) 
PARAMETRIC_REPRESENTATION_CONTEXT() REPRESENTATION_CONTEXT('2D SPACE',''
  ) );
#14667 = PCURVE('',#14668,#14673);
#14668 = PLANE('',#14669);
#14669 = AXIS2_PLACEMENT_3D('',#14670,#14671,#14672);
#14670 = CARTESIAN_POINT('',(-3.155631075091E-16,226.03333333333,100.));
#14671 = DIRECTION('',(0.,-1.,1.110223024625E-16));
#14672 = DIRECTION('',(1.,0.,0.));
#14673 = DEFINITIONAL_REPRESENTATION('',(#14674),#14678);
#14674 = LINE('',#14675,#14676);
#14675 = CARTESIAN_POINT('',(7.505553499465,0.));
#14676 = VECTOR('',#14677,1.);
#14677 = DIRECTION('',(-0.5,0.866025403784));
#14678 = ( GEOMETRIC_REPRESENTATION_CONTEXT(2) 
PARAMETRIC_REPRESENTATION_CONTEXT() REPRESENTATION_CONTEXT('2D SPACE',''
  ) );
#14679 = ADVANCED_FACE('',(#14680),#14586,.F.);
#14680 = FACE_BOUND('',#14681,.F.);
#14681 = EDGE_LOOP('',(#14682,#14712,#14733,#14734));
#14682 = ORIENTED_EDGE('',*,*,#14683,.T.);
#14683 = EDGE_CURVE('',#14684,#14686,#14688,.T.);
#14684 = VERTEX_POINT('',#14685);
#14685 = CARTESIAN_POINT('',(3.752776749733,226.03333333333,93.5));
#14686 = VERTEX_POINT('',#14687);
#14687 = CARTESIAN_POINT('',(3.752776749733,219.53333333333,93.5));
#14688 = SURFACE_CURVE('',#14689,(#14693,#14700),.PCURVE_S1.);
#14689 = LINE('',#14690,#14691);
#14690 = CARTESIAN_POINT('',(3.752776749733,226.03333333333,93.5));
#14691 = VECTOR('',#14692,1.);
#14692 = DIRECTION('',(0.,-1.,1.110223024625E-16));
#14693 = PCURVE('',#14586,#14694);
#14694 = DEFINITIONAL_REPRESENTATION('',(#14695),#14699);
#14695 = LINE('',#14696,#14697);
#14696 = CARTESIAN_POINT('',(0.,0.));
#14697 = VECTOR('',#14698,1.);
#14698 = DIRECTION('',(0.,-1.));
#14699 = ( GEOMETRIC_REPRESENTATION_CONTEXT(2) 
PARAMETRIC_REPRESENTATION_CONTEXT() REPRESENTATION_CONTEXT('2D SPACE',''
  ) );
#14700 = PCURVE('',#14701,#14706);
#14701 = PLANE('',#14702);
#14702 = AXIS2_PLACEMENT_3D('',#14703,#14704,#14705);
#14703 = CARTESIAN_POINT('',(-3.752776749733,226.03333333333,93.5));
#14704 = DIRECTION('',(5.916808265796E-16,1.110223024625E-16,1.));
#14705 = DIRECTION('',(1.,-6.568976768979E-32,-5.916808265796E-16));
#14706 = DEFINITIONAL_REPRESENTATION('',(#14707),#14711);
#14707 = LINE('',#14708,#14709);
#14708 = CARTESIAN_POINT('',(7.505553499465,0.));
#14709 = VECTOR('',#14710,1.);
#14710 = DIRECTION('',(0.,-1.));
#14711 = ( GEOMETRIC_REPRESENTATION_CONTEXT(2) 
PARAMETRIC_REPRESENTATION_CONTEXT() REPRESENTATION_CONTEXT('2D SPACE',''
  ) );
#14712 = ORIENTED_EDGE('',*,*,#14713,.T.);
#14713 = EDGE_CURVE('',#14686,#14566,#14714,.T.);
#14714 = SURFACE_CURVE('',#14715,(#14719,#14726),.PCURVE_S1.);
#14715 = LINE('',#14716,#14717);
#14716 = CARTESIAN_POINT('',(3.752776749733,219.53333333333,93.5));
#14717 = VECTOR('',#14718,1.);
#14718 = DIRECTION('',(0.5,9.614813431918E-17,0.866025403784));
#14719 = PCURVE('',#14586,#14720);
#14720 = DEFINITIONAL_REPRESENTATION('',(#14721),#14725);
#14721 = LINE('',#14722,#14723);
#14722 = CARTESIAN_POINT('',(-8.470074779997E-16,-6.5));
#14723 = VECTOR('',#14724,1.);
#14724 = DIRECTION('',(1.,0.));
#14725 = ( GEOMETRIC_REPRESENTATION_CONTEXT(2) 
PARAMETRIC_REPRESENTATION_CONTEXT() REPRESENTATION_CONTEXT('2D SPACE',''
  ) );
#14726 = PCURVE('',#14614,#14727);
#14727 = DEFINITIONAL_REPRESENTATION('',(#14728),#14732);
#14728 = LINE('',#14729,#14730);
#14729 = CARTESIAN_POINT('',(3.752776749733,-6.5));
#14730 = VECTOR('',#14731,1.);
#14731 = DIRECTION('',(0.5,0.866025403784));
#14732 = ( GEOMETRIC_REPRESENTATION_CONTEXT(2) 
PARAMETRIC_REPRESENTATION_CONTEXT() REPRESENTATION_CONTEXT('2D SPACE',''
  ) );
#14733 = ORIENTED_EDGE('',*,*,#14563,.F.);
#14734 = ORIENTED_EDGE('',*,*,#14735,.F.);
#14735 = EDGE_CURVE('',#14684,#14564,#14736,.T.);
#14736 = SURFACE_CURVE('',#14737,(#14741,#14748),.PCURVE_S1.);
#14737 = LINE('',#14738,#14739);
#14738 = CARTESIAN_POINT('',(3.752776749733,226.03333333333,93.5));
#14739 = VECTOR('',#14740,1.);
#14740 = DIRECTION('',(0.5,9.614813431918E-17,0.866025403784));
#14741 = PCURVE('',#14586,#14742);
#14742 = DEFINITIONAL_REPRESENTATION('',(#14743),#14747);
#14743 = LINE('',#14744,#14745);
#14744 = CARTESIAN_POINT('',(0.,0.));
#14745 = VECTOR('',#14746,1.);
#14746 = DIRECTION('',(1.,0.));
#14747 = ( GEOMETRIC_REPRESENTATION_CONTEXT(2) 
PARAMETRIC_REPRESENTATION_CONTEXT() REPRESENTATION_CONTEXT('2D SPACE',''
  ) );
#14748 = PCURVE('',#14668,#14749);
#14749 = DEFINITIONAL_REPRESENTATION('',(#14750),#14754);
#14750 = LINE('',#14751,#14752);
#14751 = CARTESIAN_POINT('',(3.752776749733,-6.5));
#14752 = VECTOR('',#14753,1.);
#14753 = DIRECTION('',(0.5,0.866025403784));
#14754 = ( GEOMETRIC_REPRESENTATION_CONTEXT(2) 
PARAMETRIC_REPRESENTATION_CONTEXT() REPRESENTATION_CONTEXT('2D SPACE',''
  ) );
#14755 = ADVANCED_FACE('',(#14756),#14642,.F.);
#14756 = FACE_BOUND('',#14757,.F.);
#14757 = EDGE_LOOP('',(#14758,#14759,#14782,#14810));
#14758 = ORIENTED_EDGE('',*,*,#14626,.T.);
#14759 = ORIENTED_EDGE('',*,*,#14760,.T.);
#14760 = EDGE_CURVE('',#14599,#14761,#14763,.T.);
#14761 = VERTEX_POINT('',#14762);
#14762 = CARTESIAN_POINT('',(-3.752776749733,219.53333333333,106.5));
#14763 = SURFACE_CURVE('',#14764,(#14768,#14775),.PCURVE_S1.);
#14764 = LINE('',#14765,#14766);
#14765 = CARTESIAN_POINT('',(3.752776749733,219.53333333333,106.5));
#14766 = VECTOR('',#14767,1.);
#14767 = DIRECTION('',(-1.,1.313795353796E-32,1.183361653159E-16));
#14768 = PCURVE('',#14642,#14769);
#14769 = DEFINITIONAL_REPRESENTATION('',(#14770),#14774);
#14770 = LINE('',#14771,#14772);
#14771 = CARTESIAN_POINT('',(-8.539669799672E-32,-6.5));
#14772 = VECTOR('',#14773,1.);
#14773 = DIRECTION('',(1.,0.));
#14774 = ( GEOMETRIC_REPRESENTATION_CONTEXT(2) 
PARAMETRIC_REPRESENTATION_CONTEXT() REPRESENTATION_CONTEXT('2D SPACE',''
  ) );
#14775 = PCURVE('',#14614,#14776);
#14776 = DEFINITIONAL_REPRESENTATION('',(#14777),#14781);
#14777 = LINE('',#14778,#14779);
#14778 = CARTESIAN_POINT('',(3.752776749733,6.5));
#14779 = VECTOR('',#14780,1.);
#14780 = DIRECTION('',(-1.,1.183361653159E-16));
#14781 = ( GEOMETRIC_REPRESENTATION_CONTEXT(2) 
PARAMETRIC_REPRESENTATION_CONTEXT() REPRESENTATION_CONTEXT('2D SPACE',''
  ) );
#14782 = ORIENTED_EDGE('',*,*,#14783,.F.);
#14783 = EDGE_CURVE('',#14784,#14761,#14786,.T.);
#14784 = VERTEX_POINT('',#14785);
#14785 = CARTESIAN_POINT('',(-3.752776749733,226.03333333333,106.5));
#14786 = SURFACE_CURVE('',#14787,(#14791,#14798),.PCURVE_S1.);
#14787 = LINE('',#14788,#14789);
#14788 = CARTESIAN_POINT('',(-3.752776749733,226.03333333333,106.5));
#14789 = VECTOR('',#14790,1.);
#14790 = DIRECTION('',(0.,-1.,1.110223024625E-16));
#14791 = PCURVE('',#14642,#14792);
#14792 = DEFINITIONAL_REPRESENTATION('',(#14793),#14797);
#14793 = LINE('',#14794,#14795);
#14794 = CARTESIAN_POINT('',(7.505553499465,0.));
#14795 = VECTOR('',#14796,1.);
#14796 = DIRECTION('',(0.,-1.));
#14797 = ( GEOMETRIC_REPRESENTATION_CONTEXT(2) 
PARAMETRIC_REPRESENTATION_CONTEXT() REPRESENTATION_CONTEXT('2D SPACE',''
  ) );
#14798 = PCURVE('',#14799,#14804);
#14799 = PLANE('',#14800);
#14800 = AXIS2_PLACEMENT_3D('',#14801,#14802,#14803);
#14801 = CARTESIAN_POINT('',(-3.752776749733,226.03333333333,106.5));
#14802 = DIRECTION('',(0.866025403784,-5.551115123126E-17,-0.5));
#14803 = DIRECTION('',(-0.5,-9.614813431918E-17,-0.866025403784));
#14804 = DEFINITIONAL_REPRESENTATION('',(#14805),#14809);
#14805 = LINE('',#14806,#14807);
#14806 = CARTESIAN_POINT('',(-0.,0.));
#14807 = VECTOR('',#14808,1.);
#14808 = DIRECTION('',(0.,-1.));
#14809 = ( GEOMETRIC_REPRESENTATION_CONTEXT(2) 
PARAMETRIC_REPRESENTATION_CONTEXT() REPRESENTATION_CONTEXT('2D SPACE',''
  ) );
#14810 = ORIENTED_EDGE('',*,*,#14811,.F.);
#14811 = EDGE_CURVE('',#14627,#14784,#14812,.T.);
#14812 = SURFACE_CURVE('',#14813,(#14817,#14824),.PCURVE_S1.);
#14813 = LINE('',#14814,#14815);
#14814 = CARTESIAN_POINT('',(3.752776749733,226.03333333333,106.5));
#14815 = VECTOR('',#14816,1.);
#14816 = DIRECTION('',(-1.,1.313795353796E-32,1.183361653159E-16));
#14817 = PCURVE('',#14642,#14818);
#14818 = DEFINITIONAL_REPRESENTATION('',(#14819),#14823);
#14819 = LINE('',#14820,#14821);
#14820 = CARTESIAN_POINT('',(0.,0.));
#14821 = VECTOR('',#14822,1.);
#14822 = DIRECTION('',(1.,0.));
#14823 = ( GEOMETRIC_REPRESENTATION_CONTEXT(2) 
PARAMETRIC_REPRESENTATION_CONTEXT() REPRESENTATION_CONTEXT('2D SPACE',''
  ) );
#14824 = PCURVE('',#14668,#14825);
#14825 = DEFINITIONAL_REPRESENTATION('',(#14826),#14830);
#14826 = LINE('',#14827,#14828);
#14827 = CARTESIAN_POINT('',(3.752776749733,6.5));
#14828 = VECTOR('',#14829,1.);
#14829 = DIRECTION('',(-1.,1.183361653159E-16));
#14830 = ( GEOMETRIC_REPRESENTATION_CONTEXT(2) 
PARAMETRIC_REPRESENTATION_CONTEXT() REPRESENTATION_CONTEXT('2D SPACE',''
  ) );
#14831 = ADVANCED_FACE('',(#14832,#14909),#14668,.F.);
#14832 = FACE_BOUND('',#14833,.F.);
#14833 = EDGE_LOOP('',(#14834,#14835,#14836,#14859,#14887,#14908));
#14834 = ORIENTED_EDGE('',*,*,#14654,.T.);
#14835 = ORIENTED_EDGE('',*,*,#14811,.T.);
#14836 = ORIENTED_EDGE('',*,*,#14837,.T.);
#14837 = EDGE_CURVE('',#14784,#14838,#14840,.T.);
#14838 = VERTEX_POINT('',#14839);
#14839 = CARTESIAN_POINT('',(-7.505553499465,226.03333333333,100.));
#14840 = SURFACE_CURVE('',#14841,(#14845,#14852),.PCURVE_S1.);
#14841 = LINE('',#14842,#14843);
#14842 = CARTESIAN_POINT('',(-3.752776749733,226.03333333333,106.5));
#14843 = VECTOR('',#14844,1.);
#14844 = DIRECTION('',(-0.5,-9.614813431918E-17,-0.866025403784));
#14845 = PCURVE('',#14668,#14846);
#14846 = DEFINITIONAL_REPRESENTATION('',(#14847),#14851);
#14847 = LINE('',#14848,#14849);
#14848 = CARTESIAN_POINT('',(-3.752776749733,6.5));
#14849 = VECTOR('',#14850,1.);
#14850 = DIRECTION('',(-0.5,-0.866025403784));
#14851 = ( GEOMETRIC_REPRESENTATION_CONTEXT(2) 
PARAMETRIC_REPRESENTATION_CONTEXT() REPRESENTATION_CONTEXT('2D SPACE',''
  ) );
#14852 = PCURVE('',#14799,#14853);
#14853 = DEFINITIONAL_REPRESENTATION('',(#14854),#14858);
#14854 = LINE('',#14855,#14856);
#14855 = CARTESIAN_POINT('',(-0.,0.));
#14856 = VECTOR('',#14857,1.);
#14857 = DIRECTION('',(1.,0.));
#14858 = ( GEOMETRIC_REPRESENTATION_CONTEXT(2) 
PARAMETRIC_REPRESENTATION_CONTEXT() REPRESENTATION_CONTEXT('2D SPACE',''
  ) );
#14859 = ORIENTED_EDGE('',*,*,#14860,.T.);
#14860 = EDGE_CURVE('',#14838,#14861,#14863,.T.);
#14861 = VERTEX_POINT('',#14862);
#14862 = CARTESIAN_POINT('',(-3.752776749733,226.03333333333,93.5));
#14863 = SURFACE_CURVE('',#14864,(#14868,#14875),.PCURVE_S1.);
#14864 = LINE('',#14865,#14866);
#14865 = CARTESIAN_POINT('',(-7.505553499465,226.03333333333,100.));
#14866 = VECTOR('',#14867,1.);
#14867 = DIRECTION('',(0.5,-9.614813431918E-17,-0.866025403784));
#14868 = PCURVE('',#14668,#14869);
#14869 = DEFINITIONAL_REPRESENTATION('',(#14870),#14874);
#14870 = LINE('',#14871,#14872);
#14871 = CARTESIAN_POINT('',(-7.505553499465,0.));
#14872 = VECTOR('',#14873,1.);
#14873 = DIRECTION('',(0.5,-0.866025403784));
#14874 = ( GEOMETRIC_REPRESENTATION_CONTEXT(2) 
PARAMETRIC_REPRESENTATION_CONTEXT() REPRESENTATION_CONTEXT('2D SPACE',''
  ) );
#14875 = PCURVE('',#14876,#14881);
#14876 = PLANE('',#14877);
#14877 = AXIS2_PLACEMENT_3D('',#14878,#14879,#14880);
#14878 = CARTESIAN_POINT('',(-7.505553499465,226.03333333333,100.));
#14879 = DIRECTION('',(0.866025403784,5.551115123126E-17,0.5));
#14880 = DIRECTION('',(0.5,-9.614813431918E-17,-0.866025403784));
#14881 = DEFINITIONAL_REPRESENTATION('',(#14882),#14886);
#14882 = LINE('',#14883,#14884);
#14883 = CARTESIAN_POINT('',(0.,0.));
#14884 = VECTOR('',#14885,1.);
#14885 = DIRECTION('',(1.,0.));
#14886 = ( GEOMETRIC_REPRESENTATION_CONTEXT(2) 
PARAMETRIC_REPRESENTATION_CONTEXT() REPRESENTATION_CONTEXT('2D SPACE',''
  ) );
#14887 = ORIENTED_EDGE('',*,*,#14888,.T.);
#14888 = EDGE_CURVE('',#14861,#14684,#14889,.T.);
#14889 = SURFACE_CURVE('',#14890,(#14894,#14901),.PCURVE_S1.);
#14890 = LINE('',#14891,#14892);
#14891 = CARTESIAN_POINT('',(-3.752776749733,226.03333333333,93.5));
#14892 = VECTOR('',#14893,1.);
#14893 = DIRECTION('',(1.,-6.568976768979E-32,-5.916808265796E-16));
#14894 = PCURVE('',#14668,#14895);
#14895 = DEFINITIONAL_REPRESENTATION('',(#14896),#14900);
#14896 = LINE('',#14897,#14898);
#14897 = CARTESIAN_POINT('',(-3.752776749733,-6.5));
#14898 = VECTOR('',#14899,1.);
#14899 = DIRECTION('',(1.,-5.916808265796E-16));
#14900 = ( GEOMETRIC_REPRESENTATION_CONTEXT(2) 
PARAMETRIC_REPRESENTATION_CONTEXT() REPRESENTATION_CONTEXT('2D SPACE',''
  ) );
#14901 = PCURVE('',#14701,#14902);
#14902 = DEFINITIONAL_REPRESENTATION('',(#14903),#14907);
#14903 = LINE('',#14904,#14905);
#14904 = CARTESIAN_POINT('',(0.,0.));
#14905 = VECTOR('',#14906,1.);
#14906 = DIRECTION('',(1.,0.));
#14907 = ( GEOMETRIC_REPRESENTATION_CONTEXT(2) 
PARAMETRIC_REPRESENTATION_CONTEXT() REPRESENTATION_CONTEXT('2D SPACE',''
  ) );
#14908 = ORIENTED_EDGE('',*,*,#14735,.T.);
#14909 = FACE_BOUND('',#14910,.F.);
#14910 = EDGE_LOOP('',(#14911));
#14911 = ORIENTED_EDGE('',*,*,#14912,.F.);
#14912 = EDGE_CURVE('',#14913,#14913,#14915,.T.);
#14913 = VERTEX_POINT('',#14914);
#14914 = CARTESIAN_POINT('',(4.,226.03333333333,100.));
#14915 = SURFACE_CURVE('',#14916,(#14921,#14928),.PCURVE_S1.);
#14916 = CIRCLE('',#14917,4.);
#14917 = AXIS2_PLACEMENT_3D('',#14918,#14919,#14920);
#14918 = CARTESIAN_POINT('',(0.,226.03333333333,100.));
#14919 = DIRECTION('',(0.,-1.,1.110223024625E-16));
#14920 = DIRECTION('',(1.,0.,0.));
#14921 = PCURVE('',#14668,#14922);
#14922 = DEFINITIONAL_REPRESENTATION('',(#14923),#14927);
#14923 = CIRCLE('',#14924,4.);
#14924 = AXIS2_PLACEMENT_2D('',#14925,#14926);
#14925 = CARTESIAN_POINT('',(3.155631075091E-16,0.));
#14926 = DIRECTION('',(1.,0.));
#14927 = ( GEOMETRIC_REPRESENTATION_CONTEXT(2) 
PARAMETRIC_REPRESENTATION_CONTEXT() REPRESENTATION_CONTEXT('2D SPACE',''
  ) );
#14928 = PCURVE('',#14929,#14934);
#14929 = CYLINDRICAL_SURFACE('',#14930,4.);
#14930 = AXIS2_PLACEMENT_3D('',#14931,#14932,#14933);
#14931 = CARTESIAN_POINT('',(0.,227.03333333333,100.));
#14932 = DIRECTION('',(0.,-1.,1.110223024625E-16));
#14933 = DIRECTION('',(1.,0.,0.));
#14934 = DEFINITIONAL_REPRESENTATION('',(#14935),#14939);
#14935 = LINE('',#14936,#14937);
#14936 = CARTESIAN_POINT('',(0.,1.));
#14937 = VECTOR('',#14938,1.);
#14938 = DIRECTION('',(1.,0.));
#14939 = ( GEOMETRIC_REPRESENTATION_CONTEXT(2) 
PARAMETRIC_REPRESENTATION_CONTEXT() REPRESENTATION_CONTEXT('2D SPACE',''
  ) );
#14940 = ADVANCED_FACE('',(#14941,#15013),#14614,.T.);
#14941 = FACE_BOUND('',#14942,.T.);
#14942 = EDGE_LOOP('',(#14943,#14944,#14945,#14968,#14991,#15012));
#14943 = ORIENTED_EDGE('',*,*,#14598,.T.);
#14944 = ORIENTED_EDGE('',*,*,#14760,.T.);
#14945 = ORIENTED_EDGE('',*,*,#14946,.T.);
#14946 = EDGE_CURVE('',#14761,#14947,#14949,.T.);
#14947 = VERTEX_POINT('',#14948);
#14948 = CARTESIAN_POINT('',(-7.505553499465,219.53333333333,100.));
#14949 = SURFACE_CURVE('',#14950,(#14954,#14961),.PCURVE_S1.);
#14950 = LINE('',#14951,#14952);
#14951 = CARTESIAN_POINT('',(-3.752776749733,219.53333333333,106.5));
#14952 = VECTOR('',#14953,1.);
#14953 = DIRECTION('',(-0.5,-9.614813431918E-17,-0.866025403784));
#14954 = PCURVE('',#14614,#14955);
#14955 = DEFINITIONAL_REPRESENTATION('',(#14956),#14960);
#14956 = LINE('',#14957,#14958);
#14957 = CARTESIAN_POINT('',(-3.752776749733,6.5));
#14958 = VECTOR('',#14959,1.);
#14959 = DIRECTION('',(-0.5,-0.866025403784));
#14960 = ( GEOMETRIC_REPRESENTATION_CONTEXT(2) 
PARAMETRIC_REPRESENTATION_CONTEXT() REPRESENTATION_CONTEXT('2D SPACE',''
  ) );
#14961 = PCURVE('',#14799,#14962);
#14962 = DEFINITIONAL_REPRESENTATION('',(#14963),#14967);
#14963 = LINE('',#14964,#14965);
#14964 = CARTESIAN_POINT('',(8.470074779997E-16,-6.5));
#14965 = VECTOR('',#14966,1.);
#14966 = DIRECTION('',(1.,0.));
#14967 = ( GEOMETRIC_REPRESENTATION_CONTEXT(2) 
PARAMETRIC_REPRESENTATION_CONTEXT() REPRESENTATION_CONTEXT('2D SPACE',''
  ) );
#14968 = ORIENTED_EDGE('',*,*,#14969,.T.);
#14969 = EDGE_CURVE('',#14947,#14970,#14972,.T.);
#14970 = VERTEX_POINT('',#14971);
#14971 = CARTESIAN_POINT('',(-3.752776749733,219.53333333333,93.5));
#14972 = SURFACE_CURVE('',#14973,(#14977,#14984),.PCURVE_S1.);
#14973 = LINE('',#14974,#14975);
#14974 = CARTESIAN_POINT('',(-7.505553499465,219.53333333333,100.));
#14975 = VECTOR('',#14976,1.);
#14976 = DIRECTION('',(0.5,-9.614813431918E-17,-0.866025403784));
#14977 = PCURVE('',#14614,#14978);
#14978 = DEFINITIONAL_REPRESENTATION('',(#14979),#14983);
#14979 = LINE('',#14980,#14981);
#14980 = CARTESIAN_POINT('',(-7.505553499465,0.));
#14981 = VECTOR('',#14982,1.);
#14982 = DIRECTION('',(0.5,-0.866025403784));
#14983 = ( GEOMETRIC_REPRESENTATION_CONTEXT(2) 
PARAMETRIC_REPRESENTATION_CONTEXT() REPRESENTATION_CONTEXT('2D SPACE',''
  ) );
#14984 = PCURVE('',#14876,#14985);
#14985 = DEFINITIONAL_REPRESENTATION('',(#14986),#14990);
#14986 = LINE('',#14987,#14988);
#14987 = CARTESIAN_POINT('',(6.249628730747E-16,-6.5));
#14988 = VECTOR('',#14989,1.);
#14989 = DIRECTION('',(1.,0.));
#14990 = ( GEOMETRIC_REPRESENTATION_CONTEXT(2) 
PARAMETRIC_REPRESENTATION_CONTEXT() REPRESENTATION_CONTEXT('2D SPACE',''
  ) );
#14991 = ORIENTED_EDGE('',*,*,#14992,.T.);
#14992 = EDGE_CURVE('',#14970,#14686,#14993,.T.);
#14993 = SURFACE_CURVE('',#14994,(#14998,#15005),.PCURVE_S1.);
#14994 = LINE('',#14995,#14996);
#14995 = CARTESIAN_POINT('',(-3.752776749733,219.53333333333,93.5));
#14996 = VECTOR('',#14997,1.);
#14997 = DIRECTION('',(1.,-6.568976768979E-32,-5.916808265796E-16));
#14998 = PCURVE('',#14614,#14999);
#14999 = DEFINITIONAL_REPRESENTATION('',(#15000),#15004);
#15000 = LINE('',#15001,#15002);
#15001 = CARTESIAN_POINT('',(-3.752776749733,-6.5));
#15002 = VECTOR('',#15003,1.);
#15003 = DIRECTION('',(1.,-5.916808265796E-16));
#15004 = ( GEOMETRIC_REPRESENTATION_CONTEXT(2) 
PARAMETRIC_REPRESENTATION_CONTEXT() REPRESENTATION_CONTEXT('2D SPACE',''
  ) );
#15005 = PCURVE('',#14701,#15006);
#15006 = DEFINITIONAL_REPRESENTATION('',(#15007),#15011);
#15007 = LINE('',#15008,#15009);
#15008 = CARTESIAN_POINT('',(4.269834899836E-31,-6.5));
#15009 = VECTOR('',#15010,1.);
#15010 = DIRECTION('',(1.,0.));
#15011 = ( GEOMETRIC_REPRESENTATION_CONTEXT(2) 
PARAMETRIC_REPRESENTATION_CONTEXT() REPRESENTATION_CONTEXT('2D SPACE',''
  ) );
#15012 = ORIENTED_EDGE('',*,*,#14713,.T.);
#15013 = FACE_BOUND('',#15014,.T.);
#15014 = EDGE_LOOP('',(#15015));
#15015 = ORIENTED_EDGE('',*,*,#15016,.F.);
#15016 = EDGE_CURVE('',#15017,#15017,#15019,.T.);
#15017 = VERTEX_POINT('',#15018);
#15018 = CARTESIAN_POINT('',(4.,219.53333333333,100.));
#15019 = SURFACE_CURVE('',#15020,(#15025,#15032),.PCURVE_S1.);
#15020 = CIRCLE('',#15021,4.);
#15021 = AXIS2_PLACEMENT_3D('',#15022,#15023,#15024);
#15022 = CARTESIAN_POINT('',(0.,219.53333333333,100.));
#15023 = DIRECTION('',(0.,-1.,1.110223024625E-16));
#15024 = DIRECTION('',(1.,0.,0.));
#15025 = PCURVE('',#14614,#15026);
#15026 = DEFINITIONAL_REPRESENTATION('',(#15027),#15031);
#15027 = CIRCLE('',#15028,4.);
#15028 = AXIS2_PLACEMENT_2D('',#15029,#15030);
#15029 = CARTESIAN_POINT('',(3.155631075091E-16,0.));
#15030 = DIRECTION('',(1.,0.));
#15031 = ( GEOMETRIC_REPRESENTATION_CONTEXT(2) 
PARAMETRIC_REPRESENTATION_CONTEXT() REPRESENTATION_CONTEXT('2D SPACE',''
  ) );
#15032 = PCURVE('',#14929,#15033);
#15033 = DEFINITIONAL_REPRESENTATION('',(#15034),#15038);
#15034 = LINE('',#15035,#15036);
#15035 = CARTESIAN_POINT('',(0.,7.5));
#15036 = VECTOR('',#15037,1.);
#15037 = DIRECTION('',(1.,0.));
#15038 = ( GEOMETRIC_REPRESENTATION_CONTEXT(2) 
PARAMETRIC_REPRESENTATION_CONTEXT() REPRESENTATION_CONTEXT('2D SPACE',''
  ) );
#15039 = ADVANCED_FACE('',(#15040),#14701,.F.);
#15040 = FACE_BOUND('',#15041,.F.);
#15041 = EDGE_LOOP('',(#15042,#15063,#15064,#15065));
#15042 = ORIENTED_EDGE('',*,*,#15043,.T.);
#15043 = EDGE_CURVE('',#14861,#14970,#15044,.T.);
#15044 = SURFACE_CURVE('',#15045,(#15049,#15056),.PCURVE_S1.);
#15045 = LINE('',#15046,#15047);
#15046 = CARTESIAN_POINT('',(-3.752776749733,226.03333333333,93.5));
#15047 = VECTOR('',#15048,1.);
#15048 = DIRECTION('',(0.,-1.,1.110223024625E-16));
#15049 = PCURVE('',#14701,#15050);
#15050 = DEFINITIONAL_REPRESENTATION('',(#15051),#15055);
#15051 = LINE('',#15052,#15053);
#15052 = CARTESIAN_POINT('',(0.,0.));
#15053 = VECTOR('',#15054,1.);
#15054 = DIRECTION('',(0.,-1.));
#15055 = ( GEOMETRIC_REPRESENTATION_CONTEXT(2) 
PARAMETRIC_REPRESENTATION_CONTEXT() REPRESENTATION_CONTEXT('2D SPACE',''
  ) );
#15056 = PCURVE('',#14876,#15057);
#15057 = DEFINITIONAL_REPRESENTATION('',(#15058),#15062);
#15058 = LINE('',#15059,#15060);
#15059 = CARTESIAN_POINT('',(7.505553499465,7.216449660064E-16));
#15060 = VECTOR('',#15061,1.);
#15061 = DIRECTION('',(0.,-1.));
#15062 = ( GEOMETRIC_REPRESENTATION_CONTEXT(2) 
PARAMETRIC_REPRESENTATION_CONTEXT() REPRESENTATION_CONTEXT('2D SPACE',''
  ) );
#15063 = ORIENTED_EDGE('',*,*,#14992,.T.);
#15064 = ORIENTED_EDGE('',*,*,#14683,.F.);
#15065 = ORIENTED_EDGE('',*,*,#14888,.F.);
#15066 = ADVANCED_FACE('',(#15067),#14799,.F.);
#15067 = FACE_BOUND('',#15068,.F.);
#15068 = EDGE_LOOP('',(#15069,#15070,#15071,#15092));
#15069 = ORIENTED_EDGE('',*,*,#14783,.T.);
#15070 = ORIENTED_EDGE('',*,*,#14946,.T.);
#15071 = ORIENTED_EDGE('',*,*,#15072,.F.);
#15072 = EDGE_CURVE('',#14838,#14947,#15073,.T.);
#15073 = SURFACE_CURVE('',#15074,(#15078,#15085),.PCURVE_S1.);
#15074 = LINE('',#15075,#15076);
#15075 = CARTESIAN_POINT('',(-7.505553499465,226.03333333333,100.));
#15076 = VECTOR('',#15077,1.);
#15077 = DIRECTION('',(0.,-1.,1.110223024625E-16));
#15078 = PCURVE('',#14799,#15079);
#15079 = DEFINITIONAL_REPRESENTATION('',(#15080),#15084);
#15080 = LINE('',#15081,#15082);
#15081 = CARTESIAN_POINT('',(7.505553499465,7.216449660064E-16));
#15082 = VECTOR('',#15083,1.);
#15083 = DIRECTION('',(0.,-1.));
#15084 = ( GEOMETRIC_REPRESENTATION_CONTEXT(2) 
PARAMETRIC_REPRESENTATION_CONTEXT() REPRESENTATION_CONTEXT('2D SPACE',''
  ) );
#15085 = PCURVE('',#14876,#15086);
#15086 = DEFINITIONAL_REPRESENTATION('',(#15087),#15091);
#15087 = LINE('',#15088,#15089);
#15088 = CARTESIAN_POINT('',(0.,0.));
#15089 = VECTOR('',#15090,1.);
#15090 = DIRECTION('',(0.,-1.));
#15091 = ( GEOMETRIC_REPRESENTATION_CONTEXT(2) 
PARAMETRIC_REPRESENTATION_CONTEXT() REPRESENTATION_CONTEXT('2D SPACE',''
  ) );
#15092 = ORIENTED_EDGE('',*,*,#14837,.F.);
#15093 = ADVANCED_FACE('',(#15094),#14876,.F.);
#15094 = FACE_BOUND('',#15095,.F.);
#15095 = EDGE_LOOP('',(#15096,#15097,#15098,#15099));
#15096 = ORIENTED_EDGE('',*,*,#15072,.T.);
#15097 = ORIENTED_EDGE('',*,*,#14969,.T.);
#15098 = ORIENTED_EDGE('',*,*,#15043,.F.);
#15099 = ORIENTED_EDGE('',*,*,#14860,.F.);
#15100 = ADVANCED_FACE('',(#15101),#14929,.F.);
#15101 = FACE_BOUND('',#15102,.F.);
#15102 = EDGE_LOOP('',(#15103,#15104,#15125,#15126));
#15103 = ORIENTED_EDGE('',*,*,#15016,.F.);
#15104 = ORIENTED_EDGE('',*,*,#15105,.F.);
#15105 = EDGE_CURVE('',#14913,#15017,#15106,.T.);
#15106 = SEAM_CURVE('',#15107,(#15111,#15118),.PCURVE_S1.);
#15107 = LINE('',#15108,#15109);
#15108 = CARTESIAN_POINT('',(4.,227.03333333333,100.));
#15109 = VECTOR('',#15110,1.);
#15110 = DIRECTION('',(0.,-1.,1.110223024625E-16));
#15111 = PCURVE('',#14929,#15112);
#15112 = DEFINITIONAL_REPRESENTATION('',(#15113),#15117);
#15113 = LINE('',#15114,#15115);
#15114 = CARTESIAN_POINT('',(6.28318530718,-0.));
#15115 = VECTOR('',#15116,1.);
#15116 = DIRECTION('',(0.,1.));
#15117 = ( GEOMETRIC_REPRESENTATION_CONTEXT(2) 
PARAMETRIC_REPRESENTATION_CONTEXT() REPRESENTATION_CONTEXT('2D SPACE',''
  ) );
#15118 = PCURVE('',#14929,#15119);
#15119 = DEFINITIONAL_REPRESENTATION('',(#15120),#15124);
#15120 = LINE('',#15121,#15122);
#15121 = CARTESIAN_POINT('',(0.,-0.));
#15122 = VECTOR('',#15123,1.);
#15123 = DIRECTION('',(0.,1.));
#15124 = ( GEOMETRIC_REPRESENTATION_CONTEXT(2) 
PARAMETRIC_REPRESENTATION_CONTEXT() REPRESENTATION_CONTEXT('2D SPACE',''
  ) );
#15125 = ORIENTED_EDGE('',*,*,#14912,.T.);
#15126 = ORIENTED_EDGE('',*,*,#15105,.T.);
#15127 = ( GEOMETRIC_REPRESENTATION_CONTEXT(3) 
GLOBAL_UNCERTAINTY_ASSIGNED_CONTEXT((#15131)) 
GLOBAL_UNIT_ASSIGNED_CONTEXT((#15128,#15129,#15130)) 
REPRESENTATION_CONTEXT('Context #1',
  '3D Context with UNIT and UNCERTAINTY') );
#15128 = ( LENGTH_UNIT() NAMED_UNIT(*) SI_UNIT(.MILLI.,.METRE.) );
#15129 = ( NAMED_UNIT(*) PLANE_ANGLE_UNIT() SI_UNIT($,.RADIAN.) );
#15130 = ( NAMED_UNIT(*) SI_UNIT($,.STERADIAN.) SOLID_ANGLE_UNIT() );
#15131 = UNCERTAINTY_MEASURE_WITH_UNIT(LENGTH_MEASURE(1.E-07),#15128,
  'distance_accuracy_value','confusion accuracy');
#15132 = CONTEXT_DEPENDENT_SHAPE_REPRESENTATION(#15133,#15135);
#15133 = ( REPRESENTATION_RELATIONSHIP('','',#14556,#10) 
REPRESENTATION_RELATIONSHIP_WITH_TRANSFORMATION(#15134) 
SHAPE_REPRESENTATION_RELATIONSHIP() );
#15134 = ITEM_DEFINED_TRANSFORMATION('','',#11,#79);
#15135 = PRODUCT_DEFINITION_SHAPE('Placement','Placement of an item',
  #15136);
#15136 = NEXT_ASSEMBLY_USAGE_OCCURRENCE('17','chuck_captive_nut_1','',#5
  ,#14551,$);
#15137 = PRODUCT_RELATED_PRODUCT_CATEGORY('part',$,(#14553));
#15138 = SHAPE_DEFINITION_REPRESENTATION(#15139,#15145);
#15139 = PRODUCT_DEFINITION_SHAPE('','',#15140);
#15140 = PRODUCT_DEFINITION('design','',#15141,#15144);
#15141 = PRODUCT_DEFINITION_FORMATION('','',#15142);
#15142 = PRODUCT('chuck_back_nut_1','chuck_back_nut_1','',(#15143));
#15143 = PRODUCT_CONTEXT('',#2,'mechanical');
#15144 = PRODUCT_DEFINITION_CONTEXT('part definition',#2,'design');
#15145 = ADVANCED_BREP_SHAPE_REPRESENTATION('',(#11,#15146),#15716);
#15146 = MANIFOLD_SOLID_BREP('',#15147);
#15147 = CLOSED_SHELL('',(#15148,#15268,#15344,#15420,#15529,#15628,
    #15655,#15682,#15689));
#15148 = ADVANCED_FACE('',(#15149),#15163,.F.);
#15149 = FACE_BOUND('',#15150,.F.);
#15150 = EDGE_LOOP('',(#15151,#15186,#15214,#15242));
#15151 = ORIENTED_EDGE('',*,*,#15152,.T.);
#15152 = EDGE_CURVE('',#15153,#15155,#15157,.T.);
#15153 = VERTEX_POINT('',#15154);
#15154 = CARTESIAN_POINT('',(7.505553499465,255.23333333333,100.));
#15155 = VERTEX_POINT('',#15156);
#15156 = CARTESIAN_POINT('',(7.505553499465,248.73333333333,100.));
#15157 = SURFACE_CURVE('',#15158,(#15162,#15174),.PCURVE_S1.);
#15158 = LINE('',#15159,#15160);
#15159 = CARTESIAN_POINT('',(7.505553499465,255.23333333333,100.));
#15160 = VECTOR('',#15161,1.);
#15161 = DIRECTION('',(0.,-1.,1.110223024625E-16));
#15162 = PCURVE('',#15163,#15168);
#15163 = PLANE('',#15164);
#15164 = AXIS2_PLACEMENT_3D('',#15165,#15166,#15167);
#15165 = CARTESIAN_POINT('',(7.505553499465,255.23333333333,100.));
#15166 = DIRECTION('',(-0.866025403784,-5.551115123126E-17,-0.5));
#15167 = DIRECTION('',(-0.5,9.614813431918E-17,0.866025403784));
#15168 = DEFINITIONAL_REPRESENTATION('',(#15169),#15173);
#15169 = LINE('',#15170,#15171);
#15170 = CARTESIAN_POINT('',(0.,0.));
#15171 = VECTOR('',#15172,1.);
#15172 = DIRECTION('',(0.,-1.));
#15173 = ( GEOMETRIC_REPRESENTATION_CONTEXT(2) 
PARAMETRIC_REPRESENTATION_CONTEXT() REPRESENTATION_CONTEXT('2D SPACE',''
  ) );
#15174 = PCURVE('',#15175,#15180);
#15175 = PLANE('',#15176);
#15176 = AXIS2_PLACEMENT_3D('',#15177,#15178,#15179);
#15177 = CARTESIAN_POINT('',(3.752776749733,255.23333333333,93.5));
#15178 = DIRECTION('',(-0.866025403784,5.551115123126E-17,0.5));
#15179 = DIRECTION('',(0.5,9.614813431918E-17,0.866025403784));
#15180 = DEFINITIONAL_REPRESENTATION('',(#15181),#15185);
#15181 = LINE('',#15182,#15183);
#15182 = CARTESIAN_POINT('',(7.505553499465,-7.216449660064E-16));
#15183 = VECTOR('',#15184,1.);
#15184 = DIRECTION('',(0.,-1.));
#15185 = ( GEOMETRIC_REPRESENTATION_CONTEXT(2) 
PARAMETRIC_REPRESENTATION_CONTEXT() REPRESENTATION_CONTEXT('2D SPACE',''
  ) );
#15186 = ORIENTED_EDGE('',*,*,#15187,.T.);
#15187 = EDGE_CURVE('',#15155,#15188,#15190,.T.);
#15188 = VERTEX_POINT('',#15189);
#15189 = CARTESIAN_POINT('',(3.752776749733,248.73333333333,106.5));
#15190 = SURFACE_CURVE('',#15191,(#15195,#15202),.PCURVE_S1.);
#15191 = LINE('',#15192,#15193);
#15192 = CARTESIAN_POINT('',(7.505553499465,248.73333333333,100.));
#15193 = VECTOR('',#15194,1.);
#15194 = DIRECTION('',(-0.5,9.614813431918E-17,0.866025403784));
#15195 = PCURVE('',#15163,#15196);
#15196 = DEFINITIONAL_REPRESENTATION('',(#15197),#15201);
#15197 = LINE('',#15198,#15199);
#15198 = CARTESIAN_POINT('',(-6.249628730747E-16,-6.5));
#15199 = VECTOR('',#15200,1.);
#15200 = DIRECTION('',(1.,0.));
#15201 = ( GEOMETRIC_REPRESENTATION_CONTEXT(2) 
PARAMETRIC_REPRESENTATION_CONTEXT() REPRESENTATION_CONTEXT('2D SPACE',''
  ) );
#15202 = PCURVE('',#15203,#15208);
#15203 = PLANE('',#15204);
#15204 = AXIS2_PLACEMENT_3D('',#15205,#15206,#15207);
#15205 = CARTESIAN_POINT('',(-3.155631075091E-16,248.73333333333,100.));
#15206 = DIRECTION('',(0.,-1.,1.110223024625E-16));
#15207 = DIRECTION('',(1.,0.,0.));
#15208 = DEFINITIONAL_REPRESENTATION('',(#15209),#15213);
#15209 = LINE('',#15210,#15211);
#15210 = CARTESIAN_POINT('',(7.505553499465,0.));
#15211 = VECTOR('',#15212,1.);
#15212 = DIRECTION('',(-0.5,0.866025403784));
#15213 = ( GEOMETRIC_REPRESENTATION_CONTEXT(2) 
PARAMETRIC_REPRESENTATION_CONTEXT() REPRESENTATION_CONTEXT('2D SPACE',''
  ) );
#15214 = ORIENTED_EDGE('',*,*,#15215,.F.);
#15215 = EDGE_CURVE('',#15216,#15188,#15218,.T.);
#15216 = VERTEX_POINT('',#15217);
#15217 = CARTESIAN_POINT('',(3.752776749733,255.23333333333,106.5));
#15218 = SURFACE_CURVE('',#15219,(#15223,#15230),.PCURVE_S1.);
#15219 = LINE('',#15220,#15221);
#15220 = CARTESIAN_POINT('',(3.752776749733,255.23333333333,106.5));
#15221 = VECTOR('',#15222,1.);
#15222 = DIRECTION('',(0.,-1.,1.110223024625E-16));
#15223 = PCURVE('',#15163,#15224);
#15224 = DEFINITIONAL_REPRESENTATION('',(#15225),#15229);
#15225 = LINE('',#15226,#15227);
#15226 = CARTESIAN_POINT('',(7.505553499465,-7.216449660064E-16));
#15227 = VECTOR('',#15228,1.);
#15228 = DIRECTION('',(0.,-1.));
#15229 = ( GEOMETRIC_REPRESENTATION_CONTEXT(2) 
PARAMETRIC_REPRESENTATION_CONTEXT() REPRESENTATION_CONTEXT('2D SPACE',''
  ) );
#15230 = PCURVE('',#15231,#15236);
#15231 = PLANE('',#15232);
#15232 = AXIS2_PLACEMENT_3D('',#15233,#15234,#15235);
#15233 = CARTESIAN_POINT('',(3.752776749733,255.23333333333,106.5));
#15234 = DIRECTION('',(-1.183361653159E-16,-1.110223024625E-16,-1.));
#15235 = DIRECTION('',(-1.,1.313795353796E-32,1.183361653159E-16));
#15236 = DEFINITIONAL_REPRESENTATION('',(#15237),#15241);
#15237 = LINE('',#15238,#15239);
#15238 = CARTESIAN_POINT('',(0.,0.));
#15239 = VECTOR('',#15240,1.);
#15240 = DIRECTION('',(0.,-1.));
#15241 = ( GEOMETRIC_REPRESENTATION_CONTEXT(2) 
PARAMETRIC_REPRESENTATION_CONTEXT() REPRESENTATION_CONTEXT('2D SPACE',''
  ) );
#15242 = ORIENTED_EDGE('',*,*,#15243,.F.);
#15243 = EDGE_CURVE('',#15153,#15216,#15244,.T.);
#15244 = SURFACE_CURVE('',#15245,(#15249,#15256),.PCURVE_S1.);
#15245 = LINE('',#15246,#15247);
#15246 = CARTESIAN_POINT('',(7.505553499465,255.23333333333,100.));
#15247 = VECTOR('',#15248,1.);
#15248 = DIRECTION('',(-0.5,9.614813431918E-17,0.866025403784));
#15249 = PCURVE('',#15163,#15250);
#15250 = DEFINITIONAL_REPRESENTATION('',(#15251),#15255);
#15251 = LINE('',#15252,#15253);
#15252 = CARTESIAN_POINT('',(0.,0.));
#15253 = VECTOR('',#15254,1.);
#15254 = DIRECTION('',(1.,0.));
#15255 = ( GEOMETRIC_REPRESENTATION_CONTEXT(2) 
PARAMETRIC_REPRESENTATION_CONTEXT() REPRESENTATION_CONTEXT('2D SPACE',''
  ) );
#15256 = PCURVE('',#15257,#15262);
#15257 = PLANE('',#15258);
#15258 = AXIS2_PLACEMENT_3D('',#15259,#15260,#15261);
#15259 = CARTESIAN_POINT('',(-3.155631075091E-16,255.23333333333,100.));
#15260 = DIRECTION('',(0.,-1.,1.110223024625E-16));
#15261 = DIRECTION('',(1.,0.,0.));
#15262 = DEFINITIONAL_REPRESENTATION('',(#15263),#15267);
#15263 = LINE('',#15264,#15265);
#15264 = CARTESIAN_POINT('',(7.505553499465,0.));
#15265 = VECTOR('',#15266,1.);
#15266 = DIRECTION('',(-0.5,0.866025403784));
#15267 = ( GEOMETRIC_REPRESENTATION_CONTEXT(2) 
PARAMETRIC_REPRESENTATION_CONTEXT() REPRESENTATION_CONTEXT('2D SPACE',''
  ) );
#15268 = ADVANCED_FACE('',(#15269),#15175,.F.);
#15269 = FACE_BOUND('',#15270,.F.);
#15270 = EDGE_LOOP('',(#15271,#15301,#15322,#15323));
#15271 = ORIENTED_EDGE('',*,*,#15272,.T.);
#15272 = EDGE_CURVE('',#15273,#15275,#15277,.T.);
#15273 = VERTEX_POINT('',#15274);
#15274 = CARTESIAN_POINT('',(3.752776749733,255.23333333333,93.5));
#15275 = VERTEX_POINT('',#15276);
#15276 = CARTESIAN_POINT('',(3.752776749733,248.73333333333,93.5));
#15277 = SURFACE_CURVE('',#15278,(#15282,#15289),.PCURVE_S1.);
#15278 = LINE('',#15279,#15280);
#15279 = CARTESIAN_POINT('',(3.752776749733,255.23333333333,93.5));
#15280 = VECTOR('',#15281,1.);
#15281 = DIRECTION('',(0.,-1.,1.110223024625E-16));
#15282 = PCURVE('',#15175,#15283);
#15283 = DEFINITIONAL_REPRESENTATION('',(#15284),#15288);
#15284 = LINE('',#15285,#15286);
#15285 = CARTESIAN_POINT('',(0.,0.));
#15286 = VECTOR('',#15287,1.);
#15287 = DIRECTION('',(0.,-1.));
#15288 = ( GEOMETRIC_REPRESENTATION_CONTEXT(2) 
PARAMETRIC_REPRESENTATION_CONTEXT() REPRESENTATION_CONTEXT('2D SPACE',''
  ) );
#15289 = PCURVE('',#15290,#15295);
#15290 = PLANE('',#15291);
#15291 = AXIS2_PLACEMENT_3D('',#15292,#15293,#15294);
#15292 = CARTESIAN_POINT('',(-3.752776749733,255.23333333333,93.5));
#15293 = DIRECTION('',(5.916808265796E-16,1.110223024625E-16,1.));
#15294 = DIRECTION('',(1.,-6.568976768979E-32,-5.916808265796E-16));
#15295 = DEFINITIONAL_REPRESENTATION('',(#15296),#15300);
#15296 = LINE('',#15297,#15298);
#15297 = CARTESIAN_POINT('',(7.505553499465,0.));
#15298 = VECTOR('',#15299,1.);
#15299 = DIRECTION('',(0.,-1.));
#15300 = ( GEOMETRIC_REPRESENTATION_CONTEXT(2) 
PARAMETRIC_REPRESENTATION_CONTEXT() REPRESENTATION_CONTEXT('2D SPACE',''
  ) );
#15301 = ORIENTED_EDGE('',*,*,#15302,.T.);
#15302 = EDGE_CURVE('',#15275,#15155,#15303,.T.);
#15303 = SURFACE_CURVE('',#15304,(#15308,#15315),.PCURVE_S1.);
#15304 = LINE('',#15305,#15306);
#15305 = CARTESIAN_POINT('',(3.752776749733,248.73333333333,93.5));
#15306 = VECTOR('',#15307,1.);
#15307 = DIRECTION('',(0.5,9.614813431918E-17,0.866025403784));
#15308 = PCURVE('',#15175,#15309);
#15309 = DEFINITIONAL_REPRESENTATION('',(#15310),#15314);
#15310 = LINE('',#15311,#15312);
#15311 = CARTESIAN_POINT('',(-8.470074779997E-16,-6.5));
#15312 = VECTOR('',#15313,1.);
#15313 = DIRECTION('',(1.,0.));
#15314 = ( GEOMETRIC_REPRESENTATION_CONTEXT(2) 
PARAMETRIC_REPRESENTATION_CONTEXT() REPRESENTATION_CONTEXT('2D SPACE',''
  ) );
#15315 = PCURVE('',#15203,#15316);
#15316 = DEFINITIONAL_REPRESENTATION('',(#15317),#15321);
#15317 = LINE('',#15318,#15319);
#15318 = CARTESIAN_POINT('',(3.752776749733,-6.5));
#15319 = VECTOR('',#15320,1.);
#15320 = DIRECTION('',(0.5,0.866025403784));
#15321 = ( GEOMETRIC_REPRESENTATION_CONTEXT(2) 
PARAMETRIC_REPRESENTATION_CONTEXT() REPRESENTATION_CONTEXT('2D SPACE',''
  ) );
#15322 = ORIENTED_EDGE('',*,*,#15152,.F.);
#15323 = ORIENTED_EDGE('',*,*,#15324,.F.);
#15324 = EDGE_CURVE('',#15273,#15153,#15325,.T.);
#15325 = SURFACE_CURVE('',#15326,(#15330,#15337),.PCURVE_S1.);
#15326 = LINE('',#15327,#15328);
#15327 = CARTESIAN_POINT('',(3.752776749733,255.23333333333,93.5));
#15328 = VECTOR('',#15329,1.);
#15329 = DIRECTION('',(0.5,9.614813431918E-17,0.866025403784));
#15330 = PCURVE('',#15175,#15331);
#15331 = DEFINITIONAL_REPRESENTATION('',(#15332),#15336);
#15332 = LINE('',#15333,#15334);
#15333 = CARTESIAN_POINT('',(0.,0.));
#15334 = VECTOR('',#15335,1.);
#15335 = DIRECTION('',(1.,0.));
#15336 = ( GEOMETRIC_REPRESENTATION_CONTEXT(2) 
PARAMETRIC_REPRESENTATION_CONTEXT() REPRESENTATION_CONTEXT('2D SPACE',''
  ) );
#15337 = PCURVE('',#15257,#15338);
#15338 = DEFINITIONAL_REPRESENTATION('',(#15339),#15343);
#15339 = LINE('',#15340,#15341);
#15340 = CARTESIAN_POINT('',(3.752776749733,-6.5));
#15341 = VECTOR('',#15342,1.);
#15342 = DIRECTION('',(0.5,0.866025403784));
#15343 = ( GEOMETRIC_REPRESENTATION_CONTEXT(2) 
PARAMETRIC_REPRESENTATION_CONTEXT() REPRESENTATION_CONTEXT('2D SPACE',''
  ) );
#15344 = ADVANCED_FACE('',(#15345),#15231,.F.);
#15345 = FACE_BOUND('',#15346,.F.);
#15346 = EDGE_LOOP('',(#15347,#15348,#15371,#15399));
#15347 = ORIENTED_EDGE('',*,*,#15215,.T.);
#15348 = ORIENTED_EDGE('',*,*,#15349,.T.);
#15349 = EDGE_CURVE('',#15188,#15350,#15352,.T.);
#15350 = VERTEX_POINT('',#15351);
#15351 = CARTESIAN_POINT('',(-3.752776749733,248.73333333333,106.5));
#15352 = SURFACE_CURVE('',#15353,(#15357,#15364),.PCURVE_S1.);
#15353 = LINE('',#15354,#15355);
#15354 = CARTESIAN_POINT('',(3.752776749733,248.73333333333,106.5));
#15355 = VECTOR('',#15356,1.);
#15356 = DIRECTION('',(-1.,1.313795353796E-32,1.183361653159E-16));
#15357 = PCURVE('',#15231,#15358);
#15358 = DEFINITIONAL_REPRESENTATION('',(#15359),#15363);
#15359 = LINE('',#15360,#15361);
#15360 = CARTESIAN_POINT('',(-8.539669799672E-32,-6.5));
#15361 = VECTOR('',#15362,1.);
#15362 = DIRECTION('',(1.,0.));
#15363 = ( GEOMETRIC_REPRESENTATION_CONTEXT(2) 
PARAMETRIC_REPRESENTATION_CONTEXT() REPRESENTATION_CONTEXT('2D SPACE',''
  ) );
#15364 = PCURVE('',#15203,#15365);
#15365 = DEFINITIONAL_REPRESENTATION('',(#15366),#15370);
#15366 = LINE('',#15367,#15368);
#15367 = CARTESIAN_POINT('',(3.752776749733,6.5));
#15368 = VECTOR('',#15369,1.);
#15369 = DIRECTION('',(-1.,1.183361653159E-16));
#15370 = ( GEOMETRIC_REPRESENTATION_CONTEXT(2) 
PARAMETRIC_REPRESENTATION_CONTEXT() REPRESENTATION_CONTEXT('2D SPACE',''
  ) );
#15371 = ORIENTED_EDGE('',*,*,#15372,.F.);
#15372 = EDGE_CURVE('',#15373,#15350,#15375,.T.);
#15373 = VERTEX_POINT('',#15374);
#15374 = CARTESIAN_POINT('',(-3.752776749733,255.23333333333,106.5));
#15375 = SURFACE_CURVE('',#15376,(#15380,#15387),.PCURVE_S1.);
#15376 = LINE('',#15377,#15378);
#15377 = CARTESIAN_POINT('',(-3.752776749733,255.23333333333,106.5));
#15378 = VECTOR('',#15379,1.);
#15379 = DIRECTION('',(0.,-1.,1.110223024625E-16));
#15380 = PCURVE('',#15231,#15381);
#15381 = DEFINITIONAL_REPRESENTATION('',(#15382),#15386);
#15382 = LINE('',#15383,#15384);
#15383 = CARTESIAN_POINT('',(7.505553499465,0.));
#15384 = VECTOR('',#15385,1.);
#15385 = DIRECTION('',(0.,-1.));
#15386 = ( GEOMETRIC_REPRESENTATION_CONTEXT(2) 
PARAMETRIC_REPRESENTATION_CONTEXT() REPRESENTATION_CONTEXT('2D SPACE',''
  ) );
#15387 = PCURVE('',#15388,#15393);
#15388 = PLANE('',#15389);
#15389 = AXIS2_PLACEMENT_3D('',#15390,#15391,#15392);
#15390 = CARTESIAN_POINT('',(-3.752776749733,255.23333333333,106.5));
#15391 = DIRECTION('',(0.866025403784,-5.551115123126E-17,-0.5));
#15392 = DIRECTION('',(-0.5,-9.614813431918E-17,-0.866025403784));
#15393 = DEFINITIONAL_REPRESENTATION('',(#15394),#15398);
#15394 = LINE('',#15395,#15396);
#15395 = CARTESIAN_POINT('',(-0.,0.));
#15396 = VECTOR('',#15397,1.);
#15397 = DIRECTION('',(0.,-1.));
#15398 = ( GEOMETRIC_REPRESENTATION_CONTEXT(2) 
PARAMETRIC_REPRESENTATION_CONTEXT() REPRESENTATION_CONTEXT('2D SPACE',''
  ) );
#15399 = ORIENTED_EDGE('',*,*,#15400,.F.);
#15400 = EDGE_CURVE('',#15216,#15373,#15401,.T.);
#15401 = SURFACE_CURVE('',#15402,(#15406,#15413),.PCURVE_S1.);
#15402 = LINE('',#15403,#15404);
#15403 = CARTESIAN_POINT('',(3.752776749733,255.23333333333,106.5));
#15404 = VECTOR('',#15405,1.);
#15405 = DIRECTION('',(-1.,1.313795353796E-32,1.183361653159E-16));
#15406 = PCURVE('',#15231,#15407);
#15407 = DEFINITIONAL_REPRESENTATION('',(#15408),#15412);
#15408 = LINE('',#15409,#15410);
#15409 = CARTESIAN_POINT('',(0.,0.));
#15410 = VECTOR('',#15411,1.);
#15411 = DIRECTION('',(1.,0.));
#15412 = ( GEOMETRIC_REPRESENTATION_CONTEXT(2) 
PARAMETRIC_REPRESENTATION_CONTEXT() REPRESENTATION_CONTEXT('2D SPACE',''
  ) );
#15413 = PCURVE('',#15257,#15414);
#15414 = DEFINITIONAL_REPRESENTATION('',(#15415),#15419);
#15415 = LINE('',#15416,#15417);
#15416 = CARTESIAN_POINT('',(3.752776749733,6.5));
#15417 = VECTOR('',#15418,1.);
#15418 = DIRECTION('',(-1.,1.183361653159E-16));
#15419 = ( GEOMETRIC_REPRESENTATION_CONTEXT(2) 
PARAMETRIC_REPRESENTATION_CONTEXT() REPRESENTATION_CONTEXT('2D SPACE',''
  ) );
#15420 = ADVANCED_FACE('',(#15421,#15498),#15257,.F.);
#15421 = FACE_BOUND('',#15422,.F.);
#15422 = EDGE_LOOP('',(#15423,#15424,#15425,#15448,#15476,#15497));
#15423 = ORIENTED_EDGE('',*,*,#15243,.T.);
#15424 = ORIENTED_EDGE('',*,*,#15400,.T.);
#15425 = ORIENTED_EDGE('',*,*,#15426,.T.);
#15426 = EDGE_CURVE('',#15373,#15427,#15429,.T.);
#15427 = VERTEX_POINT('',#15428);
#15428 = CARTESIAN_POINT('',(-7.505553499465,255.23333333333,100.));
#15429 = SURFACE_CURVE('',#15430,(#15434,#15441),.PCURVE_S1.);
#15430 = LINE('',#15431,#15432);
#15431 = CARTESIAN_POINT('',(-3.752776749733,255.23333333333,106.5));
#15432 = VECTOR('',#15433,1.);
#15433 = DIRECTION('',(-0.5,-9.614813431918E-17,-0.866025403784));
#15434 = PCURVE('',#15257,#15435);
#15435 = DEFINITIONAL_REPRESENTATION('',(#15436),#15440);
#15436 = LINE('',#15437,#15438);
#15437 = CARTESIAN_POINT('',(-3.752776749733,6.5));
#15438 = VECTOR('',#15439,1.);
#15439 = DIRECTION('',(-0.5,-0.866025403784));
#15440 = ( GEOMETRIC_REPRESENTATION_CONTEXT(2) 
PARAMETRIC_REPRESENTATION_CONTEXT() REPRESENTATION_CONTEXT('2D SPACE',''
  ) );
#15441 = PCURVE('',#15388,#15442);
#15442 = DEFINITIONAL_REPRESENTATION('',(#15443),#15447);
#15443 = LINE('',#15444,#15445);
#15444 = CARTESIAN_POINT('',(-0.,0.));
#15445 = VECTOR('',#15446,1.);
#15446 = DIRECTION('',(1.,0.));
#15447 = ( GEOMETRIC_REPRESENTATION_CONTEXT(2) 
PARAMETRIC_REPRESENTATION_CONTEXT() REPRESENTATION_CONTEXT('2D SPACE',''
  ) );
#15448 = ORIENTED_EDGE('',*,*,#15449,.T.);
#15449 = EDGE_CURVE('',#15427,#15450,#15452,.T.);
#15450 = VERTEX_POINT('',#15451);
#15451 = CARTESIAN_POINT('',(-3.752776749733,255.23333333333,93.5));
#15452 = SURFACE_CURVE('',#15453,(#15457,#15464),.PCURVE_S1.);
#15453 = LINE('',#15454,#15455);
#15454 = CARTESIAN_POINT('',(-7.505553499465,255.23333333333,100.));
#15455 = VECTOR('',#15456,1.);
#15456 = DIRECTION('',(0.5,-9.614813431918E-17,-0.866025403784));
#15457 = PCURVE('',#15257,#15458);
#15458 = DEFINITIONAL_REPRESENTATION('',(#15459),#15463);
#15459 = LINE('',#15460,#15461);
#15460 = CARTESIAN_POINT('',(-7.505553499465,0.));
#15461 = VECTOR('',#15462,1.);
#15462 = DIRECTION('',(0.5,-0.866025403784));
#15463 = ( GEOMETRIC_REPRESENTATION_CONTEXT(2) 
PARAMETRIC_REPRESENTATION_CONTEXT() REPRESENTATION_CONTEXT('2D SPACE',''
  ) );
#15464 = PCURVE('',#15465,#15470);
#15465 = PLANE('',#15466);
#15466 = AXIS2_PLACEMENT_3D('',#15467,#15468,#15469);
#15467 = CARTESIAN_POINT('',(-7.505553499465,255.23333333333,100.));
#15468 = DIRECTION('',(0.866025403784,5.551115123126E-17,0.5));
#15469 = DIRECTION('',(0.5,-9.614813431918E-17,-0.866025403784));
#15470 = DEFINITIONAL_REPRESENTATION('',(#15471),#15475);
#15471 = LINE('',#15472,#15473);
#15472 = CARTESIAN_POINT('',(0.,0.));
#15473 = VECTOR('',#15474,1.);
#15474 = DIRECTION('',(1.,0.));
#15475 = ( GEOMETRIC_REPRESENTATION_CONTEXT(2) 
PARAMETRIC_REPRESENTATION_CONTEXT() REPRESENTATION_CONTEXT('2D SPACE',''
  ) );
#15476 = ORIENTED_EDGE('',*,*,#15477,.T.);
#15477 = EDGE_CURVE('',#15450,#15273,#15478,.T.);
#15478 = SURFACE_CURVE('',#15479,(#15483,#15490),.PCURVE_S1.);
#15479 = LINE('',#15480,#15481);
#15480 = CARTESIAN_POINT('',(-3.752776749733,255.23333333333,93.5));
#15481 = VECTOR('',#15482,1.);
#15482 = DIRECTION('',(1.,-6.568976768979E-32,-5.916808265796E-16));
#15483 = PCURVE('',#15257,#15484);
#15484 = DEFINITIONAL_REPRESENTATION('',(#15485),#15489);
#15485 = LINE('',#15486,#15487);
#15486 = CARTESIAN_POINT('',(-3.752776749733,-6.5));
#15487 = VECTOR('',#15488,1.);
#15488 = DIRECTION('',(1.,-5.916808265796E-16));
#15489 = ( GEOMETRIC_REPRESENTATION_CONTEXT(2) 
PARAMETRIC_REPRESENTATION_CONTEXT() REPRESENTATION_CONTEXT('2D SPACE',''
  ) );
#15490 = PCURVE('',#15290,#15491);
#15491 = DEFINITIONAL_REPRESENTATION('',(#15492),#15496);
#15492 = LINE('',#15493,#15494);
#15493 = CARTESIAN_POINT('',(0.,0.));
#15494 = VECTOR('',#15495,1.);
#15495 = DIRECTION('',(1.,0.));
#15496 = ( GEOMETRIC_REPRESENTATION_CONTEXT(2) 
PARAMETRIC_REPRESENTATION_CONTEXT() REPRESENTATION_CONTEXT('2D SPACE',''
  ) );
#15497 = ORIENTED_EDGE('',*,*,#15324,.T.);
#15498 = FACE_BOUND('',#15499,.F.);
#15499 = EDGE_LOOP('',(#15500));
#15500 = ORIENTED_EDGE('',*,*,#15501,.F.);
#15501 = EDGE_CURVE('',#15502,#15502,#15504,.T.);
#15502 = VERTEX_POINT('',#15503);
#15503 = CARTESIAN_POINT('',(4.,255.23333333333,100.));
#15504 = SURFACE_CURVE('',#15505,(#15510,#15517),.PCURVE_S1.);
#15505 = CIRCLE('',#15506,4.);
#15506 = AXIS2_PLACEMENT_3D('',#15507,#15508,#15509);
#15507 = CARTESIAN_POINT('',(0.,255.23333333333,100.));
#15508 = DIRECTION('',(0.,-1.,1.110223024625E-16));
#15509 = DIRECTION('',(1.,0.,0.));
#15510 = PCURVE('',#15257,#15511);
#15511 = DEFINITIONAL_REPRESENTATION('',(#15512),#15516);
#15512 = CIRCLE('',#15513,4.);
#15513 = AXIS2_PLACEMENT_2D('',#15514,#15515);
#15514 = CARTESIAN_POINT('',(3.155631075091E-16,0.));
#15515 = DIRECTION('',(1.,0.));
#15516 = ( GEOMETRIC_REPRESENTATION_CONTEXT(2) 
PARAMETRIC_REPRESENTATION_CONTEXT() REPRESENTATION_CONTEXT('2D SPACE',''
  ) );
#15517 = PCURVE('',#15518,#15523);
#15518 = CYLINDRICAL_SURFACE('',#15519,4.);
#15519 = AXIS2_PLACEMENT_3D('',#15520,#15521,#15522);
#15520 = CARTESIAN_POINT('',(0.,256.23333333333,100.));
#15521 = DIRECTION('',(0.,-1.,1.110223024625E-16));
#15522 = DIRECTION('',(1.,0.,0.));
#15523 = DEFINITIONAL_REPRESENTATION('',(#15524),#15528);
#15524 = LINE('',#15525,#15526);
#15525 = CARTESIAN_POINT('',(0.,1.));
#15526 = VECTOR('',#15527,1.);
#15527 = DIRECTION('',(1.,0.));
#15528 = ( GEOMETRIC_REPRESENTATION_CONTEXT(2) 
PARAMETRIC_REPRESENTATION_CONTEXT() REPRESENTATION_CONTEXT('2D SPACE',''
  ) );
#15529 = ADVANCED_FACE('',(#15530,#15602),#15203,.T.);
#15530 = FACE_BOUND('',#15531,.T.);
#15531 = EDGE_LOOP('',(#15532,#15533,#15534,#15557,#15580,#15601));
#15532 = ORIENTED_EDGE('',*,*,#15187,.T.);
#15533 = ORIENTED_EDGE('',*,*,#15349,.T.);
#15534 = ORIENTED_EDGE('',*,*,#15535,.T.);
#15535 = EDGE_CURVE('',#15350,#15536,#15538,.T.);
#15536 = VERTEX_POINT('',#15537);
#15537 = CARTESIAN_POINT('',(-7.505553499465,248.73333333333,100.));
#15538 = SURFACE_CURVE('',#15539,(#15543,#15550),.PCURVE_S1.);
#15539 = LINE('',#15540,#15541);
#15540 = CARTESIAN_POINT('',(-3.752776749733,248.73333333333,106.5));
#15541 = VECTOR('',#15542,1.);
#15542 = DIRECTION('',(-0.5,-9.614813431918E-17,-0.866025403784));
#15543 = PCURVE('',#15203,#15544);
#15544 = DEFINITIONAL_REPRESENTATION('',(#15545),#15549);
#15545 = LINE('',#15546,#15547);
#15546 = CARTESIAN_POINT('',(-3.752776749733,6.5));
#15547 = VECTOR('',#15548,1.);
#15548 = DIRECTION('',(-0.5,-0.866025403784));
#15549 = ( GEOMETRIC_REPRESENTATION_CONTEXT(2) 
PARAMETRIC_REPRESENTATION_CONTEXT() REPRESENTATION_CONTEXT('2D SPACE',''
  ) );
#15550 = PCURVE('',#15388,#15551);
#15551 = DEFINITIONAL_REPRESENTATION('',(#15552),#15556);
#15552 = LINE('',#15553,#15554);
#15553 = CARTESIAN_POINT('',(8.470074779997E-16,-6.5));
#15554 = VECTOR('',#15555,1.);
#15555 = DIRECTION('',(1.,0.));
#15556 = ( GEOMETRIC_REPRESENTATION_CONTEXT(2) 
PARAMETRIC_REPRESENTATION_CONTEXT() REPRESENTATION_CONTEXT('2D SPACE',''
  ) );
#15557 = ORIENTED_EDGE('',*,*,#15558,.T.);
#15558 = EDGE_CURVE('',#15536,#15559,#15561,.T.);
#15559 = VERTEX_POINT('',#15560);
#15560 = CARTESIAN_POINT('',(-3.752776749733,248.73333333333,93.5));
#15561 = SURFACE_CURVE('',#15562,(#15566,#15573),.PCURVE_S1.);
#15562 = LINE('',#15563,#15564);
#15563 = CARTESIAN_POINT('',(-7.505553499465,248.73333333333,100.));
#15564 = VECTOR('',#15565,1.);
#15565 = DIRECTION('',(0.5,-9.614813431918E-17,-0.866025403784));
#15566 = PCURVE('',#15203,#15567);
#15567 = DEFINITIONAL_REPRESENTATION('',(#15568),#15572);
#15568 = LINE('',#15569,#15570);
#15569 = CARTESIAN_POINT('',(-7.505553499465,0.));
#15570 = VECTOR('',#15571,1.);
#15571 = DIRECTION('',(0.5,-0.866025403784));
#15572 = ( GEOMETRIC_REPRESENTATION_CONTEXT(2) 
PARAMETRIC_REPRESENTATION_CONTEXT() REPRESENTATION_CONTEXT('2D SPACE',''
  ) );
#15573 = PCURVE('',#15465,#15574);
#15574 = DEFINITIONAL_REPRESENTATION('',(#15575),#15579);
#15575 = LINE('',#15576,#15577);
#15576 = CARTESIAN_POINT('',(6.249628730747E-16,-6.5));
#15577 = VECTOR('',#15578,1.);
#15578 = DIRECTION('',(1.,0.));
#15579 = ( GEOMETRIC_REPRESENTATION_CONTEXT(2) 
PARAMETRIC_REPRESENTATION_CONTEXT() REPRESENTATION_CONTEXT('2D SPACE',''
  ) );
#15580 = ORIENTED_EDGE('',*,*,#15581,.T.);
#15581 = EDGE_CURVE('',#15559,#15275,#15582,.T.);
#15582 = SURFACE_CURVE('',#15583,(#15587,#15594),.PCURVE_S1.);
#15583 = LINE('',#15584,#15585);
#15584 = CARTESIAN_POINT('',(-3.752776749733,248.73333333333,93.5));
#15585 = VECTOR('',#15586,1.);
#15586 = DIRECTION('',(1.,-6.568976768979E-32,-5.916808265796E-16));
#15587 = PCURVE('',#15203,#15588);
#15588 = DEFINITIONAL_REPRESENTATION('',(#15589),#15593);
#15589 = LINE('',#15590,#15591);
#15590 = CARTESIAN_POINT('',(-3.752776749733,-6.5));
#15591 = VECTOR('',#15592,1.);
#15592 = DIRECTION('',(1.,-5.916808265796E-16));
#15593 = ( GEOMETRIC_REPRESENTATION_CONTEXT(2) 
PARAMETRIC_REPRESENTATION_CONTEXT() REPRESENTATION_CONTEXT('2D SPACE',''
  ) );
#15594 = PCURVE('',#15290,#15595);
#15595 = DEFINITIONAL_REPRESENTATION('',(#15596),#15600);
#15596 = LINE('',#15597,#15598);
#15597 = CARTESIAN_POINT('',(4.269834899836E-31,-6.5));
#15598 = VECTOR('',#15599,1.);
#15599 = DIRECTION('',(1.,0.));
#15600 = ( GEOMETRIC_REPRESENTATION_CONTEXT(2) 
PARAMETRIC_REPRESENTATION_CONTEXT() REPRESENTATION_CONTEXT('2D SPACE',''
  ) );
#15601 = ORIENTED_EDGE('',*,*,#15302,.T.);
#15602 = FACE_BOUND('',#15603,.T.);
#15603 = EDGE_LOOP('',(#15604));
#15604 = ORIENTED_EDGE('',*,*,#15605,.F.);
#15605 = EDGE_CURVE('',#15606,#15606,#15608,.T.);
#15606 = VERTEX_POINT('',#15607);
#15607 = CARTESIAN_POINT('',(4.,248.73333333333,100.));
#15608 = SURFACE_CURVE('',#15609,(#15614,#15621),.PCURVE_S1.);
#15609 = CIRCLE('',#15610,4.);
#15610 = AXIS2_PLACEMENT_3D('',#15611,#15612,#15613);
#15611 = CARTESIAN_POINT('',(0.,248.73333333333,100.));
#15612 = DIRECTION('',(0.,-1.,1.110223024625E-16));
#15613 = DIRECTION('',(1.,0.,0.));
#15614 = PCURVE('',#15203,#15615);
#15615 = DEFINITIONAL_REPRESENTATION('',(#15616),#15620);
#15616 = CIRCLE('',#15617,4.);
#15617 = AXIS2_PLACEMENT_2D('',#15618,#15619);
#15618 = CARTESIAN_POINT('',(3.155631075091E-16,0.));
#15619 = DIRECTION('',(1.,0.));
#15620 = ( GEOMETRIC_REPRESENTATION_CONTEXT(2) 
PARAMETRIC_REPRESENTATION_CONTEXT() REPRESENTATION_CONTEXT('2D SPACE',''
  ) );
#15621 = PCURVE('',#15518,#15622);
#15622 = DEFINITIONAL_REPRESENTATION('',(#15623),#15627);
#15623 = LINE('',#15624,#15625);
#15624 = CARTESIAN_POINT('',(0.,7.5));
#15625 = VECTOR('',#15626,1.);
#15626 = DIRECTION('',(1.,0.));
#15627 = ( GEOMETRIC_REPRESENTATION_CONTEXT(2) 
PARAMETRIC_REPRESENTATION_CONTEXT() REPRESENTATION_CONTEXT('2D SPACE',''
  ) );
#15628 = ADVANCED_FACE('',(#15629),#15290,.F.);
#15629 = FACE_BOUND('',#15630,.F.);
#15630 = EDGE_LOOP('',(#15631,#15652,#15653,#15654));
#15631 = ORIENTED_EDGE('',*,*,#15632,.T.);
#15632 = EDGE_CURVE('',#15450,#15559,#15633,.T.);
#15633 = SURFACE_CURVE('',#15634,(#15638,#15645),.PCURVE_S1.);
#15634 = LINE('',#15635,#15636);
#15635 = CARTESIAN_POINT('',(-3.752776749733,255.23333333333,93.5));
#15636 = VECTOR('',#15637,1.);
#15637 = DIRECTION('',(0.,-1.,1.110223024625E-16));
#15638 = PCURVE('',#15290,#15639);
#15639 = DEFINITIONAL_REPRESENTATION('',(#15640),#15644);
#15640 = LINE('',#15641,#15642);
#15641 = CARTESIAN_POINT('',(0.,0.));
#15642 = VECTOR('',#15643,1.);
#15643 = DIRECTION('',(0.,-1.));
#15644 = ( GEOMETRIC_REPRESENTATION_CONTEXT(2) 
PARAMETRIC_REPRESENTATION_CONTEXT() REPRESENTATION_CONTEXT('2D SPACE',''
  ) );
#15645 = PCURVE('',#15465,#15646);
#15646 = DEFINITIONAL_REPRESENTATION('',(#15647),#15651);
#15647 = LINE('',#15648,#15649);
#15648 = CARTESIAN_POINT('',(7.505553499465,7.216449660064E-16));
#15649 = VECTOR('',#15650,1.);
#15650 = DIRECTION('',(0.,-1.));
#15651 = ( GEOMETRIC_REPRESENTATION_CONTEXT(2) 
PARAMETRIC_REPRESENTATION_CONTEXT() REPRESENTATION_CONTEXT('2D SPACE',''
  ) );
#15652 = ORIENTED_EDGE('',*,*,#15581,.T.);
#15653 = ORIENTED_EDGE('',*,*,#15272,.F.);
#15654 = ORIENTED_EDGE('',*,*,#15477,.F.);
#15655 = ADVANCED_FACE('',(#15656),#15388,.F.);
#15656 = FACE_BOUND('',#15657,.F.);
#15657 = EDGE_LOOP('',(#15658,#15659,#15660,#15681));
#15658 = ORIENTED_EDGE('',*,*,#15372,.T.);
#15659 = ORIENTED_EDGE('',*,*,#15535,.T.);
#15660 = ORIENTED_EDGE('',*,*,#15661,.F.);
#15661 = EDGE_CURVE('',#15427,#15536,#15662,.T.);
#15662 = SURFACE_CURVE('',#15663,(#15667,#15674),.PCURVE_S1.);
#15663 = LINE('',#15664,#15665);
#15664 = CARTESIAN_POINT('',(-7.505553499465,255.23333333333,100.));
#15665 = VECTOR('',#15666,1.);
#15666 = DIRECTION('',(0.,-1.,1.110223024625E-16));
#15667 = PCURVE('',#15388,#15668);
#15668 = DEFINITIONAL_REPRESENTATION('',(#15669),#15673);
#15669 = LINE('',#15670,#15671);
#15670 = CARTESIAN_POINT('',(7.505553499465,7.216449660064E-16));
#15671 = VECTOR('',#15672,1.);
#15672 = DIRECTION('',(0.,-1.));
#15673 = ( GEOMETRIC_REPRESENTATION_CONTEXT(2) 
PARAMETRIC_REPRESENTATION_CONTEXT() REPRESENTATION_CONTEXT('2D SPACE',''
  ) );
#15674 = PCURVE('',#15465,#15675);
#15675 = DEFINITIONAL_REPRESENTATION('',(#15676),#15680);
#15676 = LINE('',#15677,#15678);
#15677 = CARTESIAN_POINT('',(0.,0.));
#15678 = VECTOR('',#15679,1.);
#15679 = DIRECTION('',(0.,-1.));
#15680 = ( GEOMETRIC_REPRESENTATION_CONTEXT(2) 
PARAMETRIC_REPRESENTATION_CONTEXT() REPRESENTATION_CONTEXT('2D SPACE',''
  ) );
#15681 = ORIENTED_EDGE('',*,*,#15426,.F.);
#15682 = ADVANCED_FACE('',(#15683),#15465,.F.);
#15683 = FACE_BOUND('',#15684,.F.);
#15684 = EDGE_LOOP('',(#15685,#15686,#15687,#15688));
#15685 = ORIENTED_EDGE('',*,*,#15661,.T.);
#15686 = ORIENTED_EDGE('',*,*,#15558,.T.);
#15687 = ORIENTED_EDGE('',*,*,#15632,.F.);
#15688 = ORIENTED_EDGE('',*,*,#15449,.F.);
#15689 = ADVANCED_FACE('',(#15690),#15518,.F.);
#15690 = FACE_BOUND('',#15691,.F.);
#15691 = EDGE_LOOP('',(#15692,#15693,#15714,#15715));
#15692 = ORIENTED_EDGE('',*,*,#15605,.F.);
#15693 = ORIENTED_EDGE('',*,*,#15694,.F.);
#15694 = EDGE_CURVE('',#15502,#15606,#15695,.T.);
#15695 = SEAM_CURVE('',#15696,(#15700,#15707),.PCURVE_S1.);
#15696 = LINE('',#15697,#15698);
#15697 = CARTESIAN_POINT('',(4.,256.23333333333,100.));
#15698 = VECTOR('',#15699,1.);
#15699 = DIRECTION('',(0.,-1.,1.110223024625E-16));
#15700 = PCURVE('',#15518,#15701);
#15701 = DEFINITIONAL_REPRESENTATION('',(#15702),#15706);
#15702 = LINE('',#15703,#15704);
#15703 = CARTESIAN_POINT('',(6.28318530718,-0.));
#15704 = VECTOR('',#15705,1.);
#15705 = DIRECTION('',(0.,1.));
#15706 = ( GEOMETRIC_REPRESENTATION_CONTEXT(2) 
PARAMETRIC_REPRESENTATION_CONTEXT() REPRESENTATION_CONTEXT('2D SPACE',''
  ) );
#15707 = PCURVE('',#15518,#15708);
#15708 = DEFINITIONAL_REPRESENTATION('',(#15709),#15713);
#15709 = LINE('',#15710,#15711);
#15710 = CARTESIAN_POINT('',(0.,-0.));
#15711 = VECTOR('',#15712,1.);
#15712 = DIRECTION('',(0.,1.));
#15713 = ( GEOMETRIC_REPRESENTATION_CONTEXT(2) 
PARAMETRIC_REPRESENTATION_CONTEXT() REPRESENTATION_CONTEXT('2D SPACE',''
  ) );
#15714 = ORIENTED_EDGE('',*,*,#15501,.T.);
#15715 = ORIENTED_EDGE('',*,*,#15694,.T.);
#15716 = ( GEOMETRIC_REPRESENTATION_CONTEXT(3) 
GLOBAL_UNCERTAINTY_ASSIGNED_CONTEXT((#15720)) 
GLOBAL_UNIT_ASSIGNED_CONTEXT((#15717,#15718,#15719)) 
REPRESENTATION_CONTEXT('Context #1',
  '3D Context with UNIT and UNCERTAINTY') );
#15717 = ( LENGTH_UNIT() NAMED_UNIT(*) SI_UNIT(.MILLI.,.METRE.) );
#15718 = ( NAMED_UNIT(*) PLANE_ANGLE_UNIT() SI_UNIT($,.RADIAN.) );
#15719 = ( NAMED_UNIT(*) SI_UNIT($,.STERADIAN.) SOLID_ANGLE_UNIT() );
#15720 = UNCERTAINTY_MEASURE_WITH_UNIT(LENGTH_MEASURE(1.E-07),#15717,
  'distance_accuracy_value','confusion accuracy');
#15721 = CONTEXT_DEPENDENT_SHAPE_REPRESENTATION(#15722,#15724);
#15722 = ( REPRESENTATION_RELATIONSHIP('','',#15145,#10) 
REPRESENTATION_RELATIONSHIP_WITH_TRANSFORMATION(#15723) 
SHAPE_REPRESENTATION_RELATIONSHIP() );
#15723 = ITEM_DEFINED_TRANSFORMATION('','',#11,#83);
#15724 = PRODUCT_DEFINITION_SHAPE('Placement','Placement of an item',
  #15725);
#15725 = NEXT_ASSEMBLY_USAGE_OCCURRENCE('18','chuck_back_nut_1','',#5,
  #15140,$);
#15726 = PRODUCT_RELATED_PRODUCT_CATEGORY('part',$,(#15142));
#15727 = SHAPE_DEFINITION_REPRESENTATION(#15728,#15734);
#15728 = PRODUCT_DEFINITION_SHAPE('','',#15729);
#15729 = PRODUCT_DEFINITION('design','',#15730,#15733);
#15730 = PRODUCT_DEFINITION_FORMATION('','',#15731);
#15731 = PRODUCT('chuck_washer_1','chuck_washer_1','',(#15732));
#15732 = PRODUCT_CONTEXT('',#2,'mechanical');
#15733 = PRODUCT_DEFINITION_CONTEXT('part definition',#2,'design');
#15734 = ADVANCED_BREP_SHAPE_REPRESENTATION('',(#11,#15735),#15917);
#15735 = MANIFOLD_SOLID_BREP('',#15736);
#15736 = CLOSED_SHELL('',(#15737,#15825,#15860,#15890));
#15737 = ADVANCED_FACE('',(#15738),#15751,.T.);
#15738 = FACE_BOUND('',#15739,.T.);
#15739 = EDGE_LOOP('',(#15740,#15774,#15797,#15824));
#15740 = ORIENTED_EDGE('',*,*,#15741,.F.);
#15741 = EDGE_CURVE('',#15742,#15742,#15744,.T.);
#15742 = VERTEX_POINT('',#15743);
#15743 = CARTESIAN_POINT('',(8.,247.23333333333,100.));
#15744 = SURFACE_CURVE('',#15745,(#15750,#15762),.PCURVE_S1.);
#15745 = CIRCLE('',#15746,8.);
#15746 = AXIS2_PLACEMENT_3D('',#15747,#15748,#15749);
#15747 = CARTESIAN_POINT('',(0.,247.23333333333,100.));
#15748 = DIRECTION('',(0.,-1.,1.110223024625E-16));
#15749 = DIRECTION('',(1.,0.,0.));
#15750 = PCURVE('',#15751,#15756);
#15751 = CYLINDRICAL_SURFACE('',#15752,8.);
#15752 = AXIS2_PLACEMENT_3D('',#15753,#15754,#15755);
#15753 = CARTESIAN_POINT('',(0.,248.73333333333,100.));
#15754 = DIRECTION('',(0.,-1.,1.110223024625E-16));
#15755 = DIRECTION('',(1.,0.,0.));
#15756 = DEFINITIONAL_REPRESENTATION('',(#15757),#15761);
#15757 = LINE('',#15758,#15759);
#15758 = CARTESIAN_POINT('',(0.,1.5));
#15759 = VECTOR('',#15760,1.);
#15760 = DIRECTION('',(1.,0.));
#15761 = ( GEOMETRIC_REPRESENTATION_CONTEXT(2) 
PARAMETRIC_REPRESENTATION_CONTEXT() REPRESENTATION_CONTEXT('2D SPACE',''
  ) );
#15762 = PCURVE('',#15763,#15768);
#15763 = PLANE('',#15764);
#15764 = AXIS2_PLACEMENT_3D('',#15765,#15766,#15767);
#15765 = CARTESIAN_POINT('',(0.,247.23333333333,100.));
#15766 = DIRECTION('',(0.,-1.,1.110223024625E-16));
#15767 = DIRECTION('',(1.,0.,0.));
#15768 = DEFINITIONAL_REPRESENTATION('',(#15769),#15773);
#15769 = CIRCLE('',#15770,8.);
#15770 = AXIS2_PLACEMENT_2D('',#15771,#15772);
#15771 = CARTESIAN_POINT('',(0.,0.));
#15772 = DIRECTION('',(1.,0.));
#15773 = ( GEOMETRIC_REPRESENTATION_CONTEXT(2) 
PARAMETRIC_REPRESENTATION_CONTEXT() REPRESENTATION_CONTEXT('2D SPACE',''
  ) );
#15774 = ORIENTED_EDGE('',*,*,#15775,.F.);
#15775 = EDGE_CURVE('',#15776,#15742,#15778,.T.);
#15776 = VERTEX_POINT('',#15777);
#15777 = CARTESIAN_POINT('',(8.,248.73333333333,100.));
#15778 = SEAM_CURVE('',#15779,(#15783,#15790),.PCURVE_S1.);
#15779 = LINE('',#15780,#15781);
#15780 = CARTESIAN_POINT('',(8.,248.73333333333,100.));
#15781 = VECTOR('',#15782,1.);
#15782 = DIRECTION('',(0.,-1.,1.110223024625E-16));
#15783 = PCURVE('',#15751,#15784);
#15784 = DEFINITIONAL_REPRESENTATION('',(#15785),#15789);
#15785 = LINE('',#15786,#15787);
#15786 = CARTESIAN_POINT('',(6.28318530718,-0.));
#15787 = VECTOR('',#15788,1.);
#15788 = DIRECTION('',(0.,1.));
#15789 = ( GEOMETRIC_REPRESENTATION_CONTEXT(2) 
PARAMETRIC_REPRESENTATION_CONTEXT() REPRESENTATION_CONTEXT('2D SPACE',''
  ) );
#15790 = PCURVE('',#15751,#15791);
#15791 = DEFINITIONAL_REPRESENTATION('',(#15792),#15796);
#15792 = LINE('',#15793,#15794);
#15793 = CARTESIAN_POINT('',(0.,-0.));
#15794 = VECTOR('',#15795,1.);
#15795 = DIRECTION('',(0.,1.));
#15796 = ( GEOMETRIC_REPRESENTATION_CONTEXT(2) 
PARAMETRIC_REPRESENTATION_CONTEXT() REPRESENTATION_CONTEXT('2D SPACE',''
  ) );
#15797 = ORIENTED_EDGE('',*,*,#15798,.T.);
#15798 = EDGE_CURVE('',#15776,#15776,#15799,.T.);
#15799 = SURFACE_CURVE('',#15800,(#15805,#15812),.PCURVE_S1.);
#15800 = CIRCLE('',#15801,8.);
#15801 = AXIS2_PLACEMENT_3D('',#15802,#15803,#15804);
#15802 = CARTESIAN_POINT('',(0.,248.73333333333,100.));
#15803 = DIRECTION('',(0.,-1.,1.110223024625E-16));
#15804 = DIRECTION('',(1.,0.,0.));
#15805 = PCURVE('',#15751,#15806);
#15806 = DEFINITIONAL_REPRESENTATION('',(#15807),#15811);
#15807 = LINE('',#15808,#15809);
#15808 = CARTESIAN_POINT('',(0.,0.));
#15809 = VECTOR('',#15810,1.);
#15810 = DIRECTION('',(1.,0.));
#15811 = ( GEOMETRIC_REPRESENTATION_CONTEXT(2) 
PARAMETRIC_REPRESENTATION_CONTEXT() REPRESENTATION_CONTEXT('2D SPACE',''
  ) );
#15812 = PCURVE('',#15813,#15818);
#15813 = PLANE('',#15814);
#15814 = AXIS2_PLACEMENT_3D('',#15815,#15816,#15817);
#15815 = CARTESIAN_POINT('',(0.,248.73333333333,100.));
#15816 = DIRECTION('',(0.,-1.,1.110223024625E-16));
#15817 = DIRECTION('',(1.,0.,0.));
#15818 = DEFINITIONAL_REPRESENTATION('',(#15819),#15823);
#15819 = CIRCLE('',#15820,8.);
#15820 = AXIS2_PLACEMENT_2D('',#15821,#15822);
#15821 = CARTESIAN_POINT('',(0.,0.));
#15822 = DIRECTION('',(1.,0.));
#15823 = ( GEOMETRIC_REPRESENTATION_CONTEXT(2) 
PARAMETRIC_REPRESENTATION_CONTEXT() REPRESENTATION_CONTEXT('2D SPACE',''
  ) );
#15824 = ORIENTED_EDGE('',*,*,#15775,.T.);
#15825 = ADVANCED_FACE('',(#15826,#15829),#15763,.T.);
#15826 = FACE_BOUND('',#15827,.T.);
#15827 = EDGE_LOOP('',(#15828));
#15828 = ORIENTED_EDGE('',*,*,#15741,.T.);
#15829 = FACE_BOUND('',#15830,.T.);
#15830 = EDGE_LOOP('',(#15831));
#15831 = ORIENTED_EDGE('',*,*,#15832,.F.);
#15832 = EDGE_CURVE('',#15833,#15833,#15835,.T.);
#15833 = VERTEX_POINT('',#15834);
#15834 = CARTESIAN_POINT('',(4.2,247.23333333333,100.));
#15835 = SURFACE_CURVE('',#15836,(#15841,#15848),.PCURVE_S1.);
#15836 = CIRCLE('',#15837,4.2);
#15837 = AXIS2_PLACEMENT_3D('',#15838,#15839,#15840);
#15838 = CARTESIAN_POINT('',(0.,247.23333333333,100.));
#15839 = DIRECTION('',(0.,-1.,1.110223024625E-16));
#15840 = DIRECTION('',(1.,0.,0.));
#15841 = PCURVE('',#15763,#15842);
#15842 = DEFINITIONAL_REPRESENTATION('',(#15843),#15847);
#15843 = CIRCLE('',#15844,4.2);
#15844 = AXIS2_PLACEMENT_2D('',#15845,#15846);
#15845 = CARTESIAN_POINT('',(0.,0.));
#15846 = DIRECTION('',(1.,0.));
#15847 = ( GEOMETRIC_REPRESENTATION_CONTEXT(2) 
PARAMETRIC_REPRESENTATION_CONTEXT() REPRESENTATION_CONTEXT('2D SPACE',''
  ) );
#15848 = PCURVE('',#15849,#15854);
#15849 = CYLINDRICAL_SURFACE('',#15850,4.2);
#15850 = AXIS2_PLACEMENT_3D('',#15851,#15852,#15853);
#15851 = CARTESIAN_POINT('',(0.,248.73333333333,100.));
#15852 = DIRECTION('',(0.,-1.,1.110223024625E-16));
#15853 = DIRECTION('',(1.,0.,0.));
#15854 = DEFINITIONAL_REPRESENTATION('',(#15855),#15859);
#15855 = LINE('',#15856,#15857);
#15856 = CARTESIAN_POINT('',(0.,1.5));
#15857 = VECTOR('',#15858,1.);
#15858 = DIRECTION('',(1.,0.));
#15859 = ( GEOMETRIC_REPRESENTATION_CONTEXT(2) 
PARAMETRIC_REPRESENTATION_CONTEXT() REPRESENTATION_CONTEXT('2D SPACE',''
  ) );
#15860 = ADVANCED_FACE('',(#15861,#15864),#15813,.F.);
#15861 = FACE_BOUND('',#15862,.F.);
#15862 = EDGE_LOOP('',(#15863));
#15863 = ORIENTED_EDGE('',*,*,#15798,.T.);
#15864 = FACE_BOUND('',#15865,.F.);
#15865 = EDGE_LOOP('',(#15866));
#15866 = ORIENTED_EDGE('',*,*,#15867,.F.);
#15867 = EDGE_CURVE('',#15868,#15868,#15870,.T.);
#15868 = VERTEX_POINT('',#15869);
#15869 = CARTESIAN_POINT('',(4.2,248.73333333333,100.));
#15870 = SURFACE_CURVE('',#15871,(#15876,#15883),.PCURVE_S1.);
#15871 = CIRCLE('',#15872,4.2);
#15872 = AXIS2_PLACEMENT_3D('',#15873,#15874,#15875);
#15873 = CARTESIAN_POINT('',(0.,248.73333333333,100.));
#15874 = DIRECTION('',(0.,-1.,1.110223024625E-16));
#15875 = DIRECTION('',(1.,0.,0.));
#15876 = PCURVE('',#15813,#15877);
#15877 = DEFINITIONAL_REPRESENTATION('',(#15878),#15882);
#15878 = CIRCLE('',#15879,4.2);
#15879 = AXIS2_PLACEMENT_2D('',#15880,#15881);
#15880 = CARTESIAN_POINT('',(0.,0.));
#15881 = DIRECTION('',(1.,0.));
#15882 = ( GEOMETRIC_REPRESENTATION_CONTEXT(2) 
PARAMETRIC_REPRESENTATION_CONTEXT() REPRESENTATION_CONTEXT('2D SPACE',''
  ) );
#15883 = PCURVE('',#15849,#15884);
#15884 = DEFINITIONAL_REPRESENTATION('',(#15885),#15889);
#15885 = LINE('',#15886,#15887);
#15886 = CARTESIAN_POINT('',(0.,0.));
#15887 = VECTOR('',#15888,1.);
#15888 = DIRECTION('',(1.,0.));
#15889 = ( GEOMETRIC_REPRESENTATION_CONTEXT(2) 
PARAMETRIC_REPRESENTATION_CONTEXT() REPRESENTATION_CONTEXT('2D SPACE',''
  ) );
#15890 = ADVANCED_FACE('',(#15891),#15849,.F.);
#15891 = FACE_BOUND('',#15892,.F.);
#15892 = EDGE_LOOP('',(#15893,#15894,#15915,#15916));
#15893 = ORIENTED_EDGE('',*,*,#15832,.F.);
#15894 = ORIENTED_EDGE('',*,*,#15895,.F.);
#15895 = EDGE_CURVE('',#15868,#15833,#15896,.T.);
#15896 = SEAM_CURVE('',#15897,(#15901,#15908),.PCURVE_S1.);
#15897 = LINE('',#15898,#15899);
#15898 = CARTESIAN_POINT('',(4.2,248.73333333333,100.));
#15899 = VECTOR('',#15900,1.);
#15900 = DIRECTION('',(0.,-1.,1.110223024625E-16));
#15901 = PCURVE('',#15849,#15902);
#15902 = DEFINITIONAL_REPRESENTATION('',(#15903),#15907);
#15903 = LINE('',#15904,#15905);
#15904 = CARTESIAN_POINT('',(6.28318530718,-0.));
#15905 = VECTOR('',#15906,1.);
#15906 = DIRECTION('',(0.,1.));
#15907 = ( GEOMETRIC_REPRESENTATION_CONTEXT(2) 
PARAMETRIC_REPRESENTATION_CONTEXT() REPRESENTATION_CONTEXT('2D SPACE',''
  ) );
#15908 = PCURVE('',#15849,#15909);
#15909 = DEFINITIONAL_REPRESENTATION('',(#15910),#15914);
#15910 = LINE('',#15911,#15912);
#15911 = CARTESIAN_POINT('',(0.,-0.));
#15912 = VECTOR('',#15913,1.);
#15913 = DIRECTION('',(0.,1.));
#15914 = ( GEOMETRIC_REPRESENTATION_CONTEXT(2) 
PARAMETRIC_REPRESENTATION_CONTEXT() REPRESENTATION_CONTEXT('2D SPACE',''
  ) );
#15915 = ORIENTED_EDGE('',*,*,#15867,.T.);
#15916 = ORIENTED_EDGE('',*,*,#15895,.T.);
#15917 = ( GEOMETRIC_REPRESENTATION_CONTEXT(3) 
GLOBAL_UNCERTAINTY_ASSIGNED_CONTEXT((#15921)) 
GLOBAL_UNIT_ASSIGNED_CONTEXT((#15918,#15919,#15920)) 
REPRESENTATION_CONTEXT('Context #1',
  '3D Context with UNIT and UNCERTAINTY') );
#15918 = ( LENGTH_UNIT() NAMED_UNIT(*) SI_UNIT(.MILLI.,.METRE.) );
#15919 = ( NAMED_UNIT(*) PLANE_ANGLE_UNIT() SI_UNIT($,.RADIAN.) );
#15920 = ( NAMED_UNIT(*) SI_UNIT($,.STERADIAN.) SOLID_ANGLE_UNIT() );
#15921 = UNCERTAINTY_MEASURE_WITH_UNIT(LENGTH_MEASURE(1.E-07),#15918,
  'distance_accuracy_value','confusion accuracy');
#15922 = CONTEXT_DEPENDENT_SHAPE_REPRESENTATION(#15923,#15925);
#15923 = ( REPRESENTATION_RELATIONSHIP('','',#15734,#10) 
REPRESENTATION_RELATIONSHIP_WITH_TRANSFORMATION(#15924) 
SHAPE_REPRESENTATION_RELATIONSHIP() );
#15924 = ITEM_DEFINED_TRANSFORMATION('','',#11,#87);
#15925 = PRODUCT_DEFINITION_SHAPE('Placement','Placement of an item',
  #15926);
#15926 = NEXT_ASSEMBLY_USAGE_OCCURRENCE('19','chuck_washer_1','',#5,
  #15729,$);
#15927 = PRODUCT_RELATED_PRODUCT_CATEGORY('part',$,(#15731));
#15928 = SHAPE_DEFINITION_REPRESENTATION(#15929,#15935);
#15929 = PRODUCT_DEFINITION_SHAPE('','',#15930);
#15930 = PRODUCT_DEFINITION('design','',#15931,#15934);
#15931 = PRODUCT_DEFINITION_FORMATION('','',#15932);
#15932 = PRODUCT('PVC_form_illustrative_ID56mm',
  'PVC_form_illustrative_ID56mm','',(#15933));
#15933 = PRODUCT_CONTEXT('',#2,'mechanical');
#15934 = PRODUCT_DEFINITION_CONTEXT('part definition',#2,'design');
#15935 = ADVANCED_BREP_SHAPE_REPRESENTATION('',(#11,#15936),#16118);
#15936 = MANIFOLD_SOLID_BREP('',#15937);
#15937 = CLOSED_SHELL('',(#15938,#16026,#16061,#16091));
#15938 = ADVANCED_FACE('',(#15939),#15952,.T.);
#15939 = FACE_BOUND('',#15940,.T.);
#15940 = EDGE_LOOP('',(#15941,#15975,#15998,#16025));
#15941 = ORIENTED_EDGE('',*,*,#15942,.F.);
#15942 = EDGE_CURVE('',#15943,#15943,#15945,.T.);
#15943 = VERTEX_POINT('',#15944);
#15944 = CARTESIAN_POINT('',(-7.776507174586E-15,233.9,131.75));
#15945 = SURFACE_CURVE('',#15946,(#15951,#15963),.PCURVE_S1.);
#15946 = CIRCLE('',#15947,31.75);
#15947 = AXIS2_PLACEMENT_3D('',#15948,#15949,#15950);
#15948 = CARTESIAN_POINT('',(0.,233.9,100.));
#15949 = DIRECTION('',(0.,1.,0.));
#15950 = DIRECTION('',(0.,-0.,1.));
#15951 = PCURVE('',#15952,#15957);
#15952 = CYLINDRICAL_SURFACE('',#15953,31.75);
#15953 = AXIS2_PLACEMENT_3D('',#15954,#15955,#15956);
#15954 = CARTESIAN_POINT('',(0.,56.1,100.));
#15955 = DIRECTION('',(0.,1.,0.));
#15956 = DIRECTION('',(0.,-0.,1.));
#15957 = DEFINITIONAL_REPRESENTATION('',(#15958),#15962);
#15958 = LINE('',#15959,#15960);
#15959 = CARTESIAN_POINT('',(0.,177.8));
#15960 = VECTOR('',#15961,1.);
#15961 = DIRECTION('',(1.,0.));
#15962 = ( GEOMETRIC_REPRESENTATION_CONTEXT(2) 
PARAMETRIC_REPRESENTATION_CONTEXT() REPRESENTATION_CONTEXT('2D SPACE',''
  ) );
#15963 = PCURVE('',#15964,#15969);
#15964 = PLANE('',#15965);
#15965 = AXIS2_PLACEMENT_3D('',#15966,#15967,#15968);
#15966 = CARTESIAN_POINT('',(0.,233.9,100.));
#15967 = DIRECTION('',(0.,1.,0.));
#15968 = DIRECTION('',(0.,-0.,1.));
#15969 = DEFINITIONAL_REPRESENTATION('',(#15970),#15974);
#15970 = CIRCLE('',#15971,31.75);
#15971 = AXIS2_PLACEMENT_2D('',#15972,#15973);
#15972 = CARTESIAN_POINT('',(0.,0.));
#15973 = DIRECTION('',(1.,0.));
#15974 = ( GEOMETRIC_REPRESENTATION_CONTEXT(2) 
PARAMETRIC_REPRESENTATION_CONTEXT() REPRESENTATION_CONTEXT('2D SPACE',''
  ) );
#15975 = ORIENTED_EDGE('',*,*,#15976,.F.);
#15976 = EDGE_CURVE('',#15977,#15943,#15979,.T.);
#15977 = VERTEX_POINT('',#15978);
#15978 = CARTESIAN_POINT('',(-7.776507174586E-15,56.1,131.75));
#15979 = SEAM_CURVE('',#15980,(#15984,#15991),.PCURVE_S1.);
#15980 = LINE('',#15981,#15982);
#15981 = CARTESIAN_POINT('',(-7.776507174586E-15,56.1,131.75));
#15982 = VECTOR('',#15983,1.);
#15983 = DIRECTION('',(0.,1.,0.));
#15984 = PCURVE('',#15952,#15985);
#15985 = DEFINITIONAL_REPRESENTATION('',(#15986),#15990);
#15986 = LINE('',#15987,#15988);
#15987 = CARTESIAN_POINT('',(6.28318530718,-0.));
#15988 = VECTOR('',#15989,1.);
#15989 = DIRECTION('',(0.,1.));
#15990 = ( GEOMETRIC_REPRESENTATION_CONTEXT(2) 
PARAMETRIC_REPRESENTATION_CONTEXT() REPRESENTATION_CONTEXT('2D SPACE',''
  ) );
#15991 = PCURVE('',#15952,#15992);
#15992 = DEFINITIONAL_REPRESENTATION('',(#15993),#15997);
#15993 = LINE('',#15994,#15995);
#15994 = CARTESIAN_POINT('',(0.,-0.));
#15995 = VECTOR('',#15996,1.);
#15996 = DIRECTION('',(0.,1.));
#15997 = ( GEOMETRIC_REPRESENTATION_CONTEXT(2) 
PARAMETRIC_REPRESENTATION_CONTEXT() REPRESENTATION_CONTEXT('2D SPACE',''
  ) );
#15998 = ORIENTED_EDGE('',*,*,#15999,.T.);
#15999 = EDGE_CURVE('',#15977,#15977,#16000,.T.);
#16000 = SURFACE_CURVE('',#16001,(#16006,#16013),.PCURVE_S1.);
#16001 = CIRCLE('',#16002,31.75);
#16002 = AXIS2_PLACEMENT_3D('',#16003,#16004,#16005);
#16003 = CARTESIAN_POINT('',(0.,56.1,100.));
#16004 = DIRECTION('',(0.,1.,0.));
#16005 = DIRECTION('',(0.,-0.,1.));
#16006 = PCURVE('',#15952,#16007);
#16007 = DEFINITIONAL_REPRESENTATION('',(#16008),#16012);
#16008 = LINE('',#16009,#16010);
#16009 = CARTESIAN_POINT('',(0.,0.));
#16010 = VECTOR('',#16011,1.);
#16011 = DIRECTION('',(1.,0.));
#16012 = ( GEOMETRIC_REPRESENTATION_CONTEXT(2) 
PARAMETRIC_REPRESENTATION_CONTEXT() REPRESENTATION_CONTEXT('2D SPACE',''
  ) );
#16013 = PCURVE('',#16014,#16019);
#16014 = PLANE('',#16015);
#16015 = AXIS2_PLACEMENT_3D('',#16016,#16017,#16018);
#16016 = CARTESIAN_POINT('',(0.,56.1,100.));
#16017 = DIRECTION('',(0.,1.,0.));
#16018 = DIRECTION('',(0.,-0.,1.));
#16019 = DEFINITIONAL_REPRESENTATION('',(#16020),#16024);
#16020 = CIRCLE('',#16021,31.75);
#16021 = AXIS2_PLACEMENT_2D('',#16022,#16023);
#16022 = CARTESIAN_POINT('',(0.,0.));
#16023 = DIRECTION('',(1.,0.));
#16024 = ( GEOMETRIC_REPRESENTATION_CONTEXT(2) 
PARAMETRIC_REPRESENTATION_CONTEXT() REPRESENTATION_CONTEXT('2D SPACE',''
  ) );
#16025 = ORIENTED_EDGE('',*,*,#15976,.T.);
#16026 = ADVANCED_FACE('',(#16027,#16030),#15964,.T.);
#16027 = FACE_BOUND('',#16028,.T.);
#16028 = EDGE_LOOP('',(#16029));
#16029 = ORIENTED_EDGE('',*,*,#15942,.T.);
#16030 = FACE_BOUND('',#16031,.T.);
#16031 = EDGE_LOOP('',(#16032));
#16032 = ORIENTED_EDGE('',*,*,#16033,.F.);
#16033 = EDGE_CURVE('',#16034,#16034,#16036,.T.);
#16034 = VERTEX_POINT('',#16035);
#16035 = CARTESIAN_POINT('',(-6.858022075225E-15,233.9,128.));
#16036 = SURFACE_CURVE('',#16037,(#16042,#16049),.PCURVE_S1.);
#16037 = CIRCLE('',#16038,28.);
#16038 = AXIS2_PLACEMENT_3D('',#16039,#16040,#16041);
#16039 = CARTESIAN_POINT('',(0.,233.9,100.));
#16040 = DIRECTION('',(0.,1.,0.));
#16041 = DIRECTION('',(0.,-0.,1.));
#16042 = PCURVE('',#15964,#16043);
#16043 = DEFINITIONAL_REPRESENTATION('',(#16044),#16048);
#16044 = CIRCLE('',#16045,28.);
#16045 = AXIS2_PLACEMENT_2D('',#16046,#16047);
#16046 = CARTESIAN_POINT('',(0.,0.));
#16047 = DIRECTION('',(1.,0.));
#16048 = ( GEOMETRIC_REPRESENTATION_CONTEXT(2) 
PARAMETRIC_REPRESENTATION_CONTEXT() REPRESENTATION_CONTEXT('2D SPACE',''
  ) );
#16049 = PCURVE('',#16050,#16055);
#16050 = CYLINDRICAL_SURFACE('',#16051,28.);
#16051 = AXIS2_PLACEMENT_3D('',#16052,#16053,#16054);
#16052 = CARTESIAN_POINT('',(0.,55.1,100.));
#16053 = DIRECTION('',(0.,1.,0.));
#16054 = DIRECTION('',(0.,-0.,1.));
#16055 = DEFINITIONAL_REPRESENTATION('',(#16056),#16060);
#16056 = LINE('',#16057,#16058);
#16057 = CARTESIAN_POINT('',(0.,178.8));
#16058 = VECTOR('',#16059,1.);
#16059 = DIRECTION('',(1.,0.));
#16060 = ( GEOMETRIC_REPRESENTATION_CONTEXT(2) 
PARAMETRIC_REPRESENTATION_CONTEXT() REPRESENTATION_CONTEXT('2D SPACE',''
  ) );
#16061 = ADVANCED_FACE('',(#16062,#16065),#16014,.F.);
#16062 = FACE_BOUND('',#16063,.F.);
#16063 = EDGE_LOOP('',(#16064));
#16064 = ORIENTED_EDGE('',*,*,#15999,.T.);
#16065 = FACE_BOUND('',#16066,.F.);
#16066 = EDGE_LOOP('',(#16067));
#16067 = ORIENTED_EDGE('',*,*,#16068,.F.);
#16068 = EDGE_CURVE('',#16069,#16069,#16071,.T.);
#16069 = VERTEX_POINT('',#16070);
#16070 = CARTESIAN_POINT('',(-6.858022075225E-15,56.1,128.));
#16071 = SURFACE_CURVE('',#16072,(#16077,#16084),.PCURVE_S1.);
#16072 = CIRCLE('',#16073,28.);
#16073 = AXIS2_PLACEMENT_3D('',#16074,#16075,#16076);
#16074 = CARTESIAN_POINT('',(0.,56.1,100.));
#16075 = DIRECTION('',(0.,1.,0.));
#16076 = DIRECTION('',(0.,-0.,1.));
#16077 = PCURVE('',#16014,#16078);
#16078 = DEFINITIONAL_REPRESENTATION('',(#16079),#16083);
#16079 = CIRCLE('',#16080,28.);
#16080 = AXIS2_PLACEMENT_2D('',#16081,#16082);
#16081 = CARTESIAN_POINT('',(0.,0.));
#16082 = DIRECTION('',(1.,0.));
#16083 = ( GEOMETRIC_REPRESENTATION_CONTEXT(2) 
PARAMETRIC_REPRESENTATION_CONTEXT() REPRESENTATION_CONTEXT('2D SPACE',''
  ) );
#16084 = PCURVE('',#16050,#16085);
#16085 = DEFINITIONAL_REPRESENTATION('',(#16086),#16090);
#16086 = LINE('',#16087,#16088);
#16087 = CARTESIAN_POINT('',(0.,1.));
#16088 = VECTOR('',#16089,1.);
#16089 = DIRECTION('',(1.,0.));
#16090 = ( GEOMETRIC_REPRESENTATION_CONTEXT(2) 
PARAMETRIC_REPRESENTATION_CONTEXT() REPRESENTATION_CONTEXT('2D SPACE',''
  ) );
#16091 = ADVANCED_FACE('',(#16092),#16050,.F.);
#16092 = FACE_BOUND('',#16093,.F.);
#16093 = EDGE_LOOP('',(#16094,#16095,#16116,#16117));
#16094 = ORIENTED_EDGE('',*,*,#16033,.F.);
#16095 = ORIENTED_EDGE('',*,*,#16096,.F.);
#16096 = EDGE_CURVE('',#16069,#16034,#16097,.T.);
#16097 = SEAM_CURVE('',#16098,(#16102,#16109),.PCURVE_S1.);
#16098 = LINE('',#16099,#16100);
#16099 = CARTESIAN_POINT('',(-6.858022075225E-15,55.1,128.));
#16100 = VECTOR('',#16101,1.);
#16101 = DIRECTION('',(0.,1.,0.));
#16102 = PCURVE('',#16050,#16103);
#16103 = DEFINITIONAL_REPRESENTATION('',(#16104),#16108);
#16104 = LINE('',#16105,#16106);
#16105 = CARTESIAN_POINT('',(6.28318530718,-0.));
#16106 = VECTOR('',#16107,1.);
#16107 = DIRECTION('',(0.,1.));
#16108 = ( GEOMETRIC_REPRESENTATION_CONTEXT(2) 
PARAMETRIC_REPRESENTATION_CONTEXT() REPRESENTATION_CONTEXT('2D SPACE',''
  ) );
#16109 = PCURVE('',#16050,#16110);
#16110 = DEFINITIONAL_REPRESENTATION('',(#16111),#16115);
#16111 = LINE('',#16112,#16113);
#16112 = CARTESIAN_POINT('',(0.,-0.));
#16113 = VECTOR('',#16114,1.);
#16114 = DIRECTION('',(0.,1.));
#16115 = ( GEOMETRIC_REPRESENTATION_CONTEXT(2) 
PARAMETRIC_REPRESENTATION_CONTEXT() REPRESENTATION_CONTEXT('2D SPACE',''
  ) );
#16116 = ORIENTED_EDGE('',*,*,#16068,.T.);
#16117 = ORIENTED_EDGE('',*,*,#16096,.T.);
#16118 = ( GEOMETRIC_REPRESENTATION_CONTEXT(3) 
GLOBAL_UNCERTAINTY_ASSIGNED_CONTEXT((#16122)) 
GLOBAL_UNIT_ASSIGNED_CONTEXT((#16119,#16120,#16121)) 
REPRESENTATION_CONTEXT('Context #1',
  '3D Context with UNIT and UNCERTAINTY') );
#16119 = ( LENGTH_UNIT() NAMED_UNIT(*) SI_UNIT(.MILLI.,.METRE.) );
#16120 = ( NAMED_UNIT(*) PLANE_ANGLE_UNIT() SI_UNIT($,.RADIAN.) );
#16121 = ( NAMED_UNIT(*) SI_UNIT($,.STERADIAN.) SOLID_ANGLE_UNIT() );
#16122 = UNCERTAINTY_MEASURE_WITH_UNIT(LENGTH_MEASURE(1.E-07),#16119,
  'distance_accuracy_value','confusion accuracy');
#16123 = CONTEXT_DEPENDENT_SHAPE_REPRESENTATION(#16124,#16126);
#16124 = ( REPRESENTATION_RELATIONSHIP('','',#15935,#10) 
REPRESENTATION_RELATIONSHIP_WITH_TRANSFORMATION(#16125) 
SHAPE_REPRESENTATION_RELATIONSHIP() );
#16125 = ITEM_DEFINED_TRANSFORMATION('','',#11,#91);
#16126 = PRODUCT_DEFINITION_SHAPE('Placement','Placement of an item',
  #16127);
#16127 = NEXT_ASSEMBLY_USAGE_OCCURRENCE('20',
  'PVC_form_illustrative_ID56mm','',#5,#15930,$);
#16128 = PRODUCT_RELATED_PRODUCT_CATEGORY('part',$,(#15932));
#16129 = SHAPE_DEFINITION_REPRESENTATION(#16130,#16136);
#16130 = PRODUCT_DEFINITION_SHAPE('','',#16131);
#16131 = PRODUCT_DEFINITION('design','',#16132,#16135);
#16132 = PRODUCT_DEFINITION_FORMATION('','',#16133);
#16133 = PRODUCT('wire_envelope_reference_only',
  'wire_envelope_reference_only','',(#16134));
#16134 = PRODUCT_CONTEXT('',#2,'mechanical');
#16135 = PRODUCT_DEFINITION_CONTEXT('part definition',#2,'design');
#16136 = ADVANCED_BREP_SHAPE_REPRESENTATION('',(#11,#16137),#16319);
#16137 = MANIFOLD_SOLID_BREP('',#16138);
#16138 = CLOSED_SHELL('',(#16139,#16227,#16262,#16292));
#16139 = ADVANCED_FACE('',(#16140),#16153,.T.);
#16140 = FACE_BOUND('',#16141,.T.);
#16141 = EDGE_LOOP('',(#16142,#16176,#16199,#16226));
#16142 = ORIENTED_EDGE('',*,*,#16143,.F.);
#16143 = EDGE_CURVE('',#16144,#16144,#16146,.T.);
#16144 = VERTEX_POINT('',#16145);
#16145 = CARTESIAN_POINT('',(-7.81324657856E-15,227.55,131.9));
#16146 = SURFACE_CURVE('',#16147,(#16152,#16164),.PCURVE_S1.);
#16147 = CIRCLE('',#16148,31.9);
#16148 = AXIS2_PLACEMENT_3D('',#16149,#16150,#16151);
#16149 = CARTESIAN_POINT('',(0.,227.55,100.));
#16150 = DIRECTION('',(0.,1.,0.));
#16151 = DIRECTION('',(0.,-0.,1.));
#16152 = PCURVE('',#16153,#16158);
#16153 = CYLINDRICAL_SURFACE('',#16154,31.9);
#16154 = AXIS2_PLACEMENT_3D('',#16155,#16156,#16157);
#16155 = CARTESIAN_POINT('',(0.,62.45,100.));
#16156 = DIRECTION('',(0.,1.,0.));
#16157 = DIRECTION('',(0.,-0.,1.));
#16158 = DEFINITIONAL_REPRESENTATION('',(#16159),#16163);
#16159 = LINE('',#16160,#16161);
#16160 = CARTESIAN_POINT('',(0.,165.1));
#16161 = VECTOR('',#16162,1.);
#16162 = DIRECTION('',(1.,0.));
#16163 = ( GEOMETRIC_REPRESENTATION_CONTEXT(2) 
PARAMETRIC_REPRESENTATION_CONTEXT() REPRESENTATION_CONTEXT('2D SPACE',''
  ) );
#16164 = PCURVE('',#16165,#16170);
#16165 = PLANE('',#16166);
#16166 = AXIS2_PLACEMENT_3D('',#16167,#16168,#16169);
#16167 = CARTESIAN_POINT('',(0.,227.55,100.));
#16168 = DIRECTION('',(0.,1.,0.));
#16169 = DIRECTION('',(0.,-0.,1.));
#16170 = DEFINITIONAL_REPRESENTATION('',(#16171),#16175);
#16171 = CIRCLE('',#16172,31.9);
#16172 = AXIS2_PLACEMENT_2D('',#16173,#16174);
#16173 = CARTESIAN_POINT('',(0.,0.));
#16174 = DIRECTION('',(1.,0.));
#16175 = ( GEOMETRIC_REPRESENTATION_CONTEXT(2) 
PARAMETRIC_REPRESENTATION_CONTEXT() REPRESENTATION_CONTEXT('2D SPACE',''
  ) );
#16176 = ORIENTED_EDGE('',*,*,#16177,.F.);
#16177 = EDGE_CURVE('',#16178,#16144,#16180,.T.);
#16178 = VERTEX_POINT('',#16179);
#16179 = CARTESIAN_POINT('',(-7.81324657856E-15,62.45,131.9));
#16180 = SEAM_CURVE('',#16181,(#16185,#16192),.PCURVE_S1.);
#16181 = LINE('',#16182,#16183);
#16182 = CARTESIAN_POINT('',(-7.81324657856E-15,62.45,131.9));
#16183 = VECTOR('',#16184,1.);
#16184 = DIRECTION('',(0.,1.,0.));
#16185 = PCURVE('',#16153,#16186);
#16186 = DEFINITIONAL_REPRESENTATION('',(#16187),#16191);
#16187 = LINE('',#16188,#16189);
#16188 = CARTESIAN_POINT('',(6.28318530718,-0.));
#16189 = VECTOR('',#16190,1.);
#16190 = DIRECTION('',(0.,1.));
#16191 = ( GEOMETRIC_REPRESENTATION_CONTEXT(2) 
PARAMETRIC_REPRESENTATION_CONTEXT() REPRESENTATION_CONTEXT('2D SPACE',''
  ) );
#16192 = PCURVE('',#16153,#16193);
#16193 = DEFINITIONAL_REPRESENTATION('',(#16194),#16198);
#16194 = LINE('',#16195,#16196);
#16195 = CARTESIAN_POINT('',(0.,-0.));
#16196 = VECTOR('',#16197,1.);
#16197 = DIRECTION('',(0.,1.));
#16198 = ( GEOMETRIC_REPRESENTATION_CONTEXT(2) 
PARAMETRIC_REPRESENTATION_CONTEXT() REPRESENTATION_CONTEXT('2D SPACE',''
  ) );
#16199 = ORIENTED_EDGE('',*,*,#16200,.T.);
#16200 = EDGE_CURVE('',#16178,#16178,#16201,.T.);
#16201 = SURFACE_CURVE('',#16202,(#16207,#16214),.PCURVE_S1.);
#16202 = CIRCLE('',#16203,31.9);
#16203 = AXIS2_PLACEMENT_3D('',#16204,#16205,#16206);
#16204 = CARTESIAN_POINT('',(0.,62.45,100.));
#16205 = DIRECTION('',(0.,1.,0.));
#16206 = DIRECTION('',(0.,-0.,1.));
#16207 = PCURVE('',#16153,#16208);
#16208 = DEFINITIONAL_REPRESENTATION('',(#16209),#16213);
#16209 = LINE('',#16210,#16211);
#16210 = CARTESIAN_POINT('',(0.,0.));
#16211 = VECTOR('',#16212,1.);
#16212 = DIRECTION('',(1.,0.));
#16213 = ( GEOMETRIC_REPRESENTATION_CONTEXT(2) 
PARAMETRIC_REPRESENTATION_CONTEXT() REPRESENTATION_CONTEXT('2D SPACE',''
  ) );
#16214 = PCURVE('',#16215,#16220);
#16215 = PLANE('',#16216);
#16216 = AXIS2_PLACEMENT_3D('',#16217,#16218,#16219);
#16217 = CARTESIAN_POINT('',(0.,62.45,100.));
#16218 = DIRECTION('',(0.,1.,0.));
#16219 = DIRECTION('',(0.,-0.,1.));
#16220 = DEFINITIONAL_REPRESENTATION('',(#16221),#16225);
#16221 = CIRCLE('',#16222,31.9);
#16222 = AXIS2_PLACEMENT_2D('',#16223,#16224);
#16223 = CARTESIAN_POINT('',(0.,0.));
#16224 = DIRECTION('',(1.,0.));
#16225 = ( GEOMETRIC_REPRESENTATION_CONTEXT(2) 
PARAMETRIC_REPRESENTATION_CONTEXT() REPRESENTATION_CONTEXT('2D SPACE',''
  ) );
#16226 = ORIENTED_EDGE('',*,*,#16177,.T.);
#16227 = ADVANCED_FACE('',(#16228,#16231),#16165,.T.);
#16228 = FACE_BOUND('',#16229,.T.);
#16229 = EDGE_LOOP('',(#16230));
#16230 = ORIENTED_EDGE('',*,*,#16143,.T.);
#16231 = FACE_BOUND('',#16232,.T.);
#16232 = EDGE_LOOP('',(#16233));
#16233 = ORIENTED_EDGE('',*,*,#16234,.F.);
#16234 = EDGE_CURVE('',#16235,#16235,#16237,.T.);
#16235 = VERTEX_POINT('',#16236);
#16236 = CARTESIAN_POINT('',(-7.776507174586E-15,227.55,131.75));
#16237 = SURFACE_CURVE('',#16238,(#16243,#16250),.PCURVE_S1.);
#16238 = CIRCLE('',#16239,31.75);
#16239 = AXIS2_PLACEMENT_3D('',#16240,#16241,#16242);
#16240 = CARTESIAN_POINT('',(0.,227.55,100.));
#16241 = DIRECTION('',(0.,1.,0.));
#16242 = DIRECTION('',(0.,-0.,1.));
#16243 = PCURVE('',#16165,#16244);
#16244 = DEFINITIONAL_REPRESENTATION('',(#16245),#16249);
#16245 = CIRCLE('',#16246,31.75);
#16246 = AXIS2_PLACEMENT_2D('',#16247,#16248);
#16247 = CARTESIAN_POINT('',(0.,0.));
#16248 = DIRECTION('',(1.,0.));
#16249 = ( GEOMETRIC_REPRESENTATION_CONTEXT(2) 
PARAMETRIC_REPRESENTATION_CONTEXT() REPRESENTATION_CONTEXT('2D SPACE',''
  ) );
#16250 = PCURVE('',#16251,#16256);
#16251 = CYLINDRICAL_SURFACE('',#16252,31.75);
#16252 = AXIS2_PLACEMENT_3D('',#16253,#16254,#16255);
#16253 = CARTESIAN_POINT('',(0.,61.45,100.));
#16254 = DIRECTION('',(0.,1.,0.));
#16255 = DIRECTION('',(0.,-0.,1.));
#16256 = DEFINITIONAL_REPRESENTATION('',(#16257),#16261);
#16257 = LINE('',#16258,#16259);
#16258 = CARTESIAN_POINT('',(0.,166.1));
#16259 = VECTOR('',#16260,1.);
#16260 = DIRECTION('',(1.,0.));
#16261 = ( GEOMETRIC_REPRESENTATION_CONTEXT(2) 
PARAMETRIC_REPRESENTATION_CONTEXT() REPRESENTATION_CONTEXT('2D SPACE',''
  ) );
#16262 = ADVANCED_FACE('',(#16263,#16266),#16215,.F.);
#16263 = FACE_BOUND('',#16264,.F.);
#16264 = EDGE_LOOP('',(#16265));
#16265 = ORIENTED_EDGE('',*,*,#16200,.T.);
#16266 = FACE_BOUND('',#16267,.F.);
#16267 = EDGE_LOOP('',(#16268));
#16268 = ORIENTED_EDGE('',*,*,#16269,.F.);
#16269 = EDGE_CURVE('',#16270,#16270,#16272,.T.);
#16270 = VERTEX_POINT('',#16271);
#16271 = CARTESIAN_POINT('',(-7.776507174586E-15,62.45,131.75));
#16272 = SURFACE_CURVE('',#16273,(#16278,#16285),.PCURVE_S1.);
#16273 = CIRCLE('',#16274,31.75);
#16274 = AXIS2_PLACEMENT_3D('',#16275,#16276,#16277);
#16275 = CARTESIAN_POINT('',(0.,62.45,100.));
#16276 = DIRECTION('',(0.,1.,0.));
#16277 = DIRECTION('',(0.,-0.,1.));
#16278 = PCURVE('',#16215,#16279);
#16279 = DEFINITIONAL_REPRESENTATION('',(#16280),#16284);
#16280 = CIRCLE('',#16281,31.75);
#16281 = AXIS2_PLACEMENT_2D('',#16282,#16283);
#16282 = CARTESIAN_POINT('',(0.,0.));
#16283 = DIRECTION('',(1.,0.));
#16284 = ( GEOMETRIC_REPRESENTATION_CONTEXT(2) 
PARAMETRIC_REPRESENTATION_CONTEXT() REPRESENTATION_CONTEXT('2D SPACE',''
  ) );
#16285 = PCURVE('',#16251,#16286);
#16286 = DEFINITIONAL_REPRESENTATION('',(#16287),#16291);
#16287 = LINE('',#16288,#16289);
#16288 = CARTESIAN_POINT('',(0.,1.));
#16289 = VECTOR('',#16290,1.);
#16290 = DIRECTION('',(1.,0.));
#16291 = ( GEOMETRIC_REPRESENTATION_CONTEXT(2) 
PARAMETRIC_REPRESENTATION_CONTEXT() REPRESENTATION_CONTEXT('2D SPACE',''
  ) );
#16292 = ADVANCED_FACE('',(#16293),#16251,.F.);
#16293 = FACE_BOUND('',#16294,.F.);
#16294 = EDGE_LOOP('',(#16295,#16296,#16317,#16318));
#16295 = ORIENTED_EDGE('',*,*,#16234,.F.);
#16296 = ORIENTED_EDGE('',*,*,#16297,.F.);
#16297 = EDGE_CURVE('',#16270,#16235,#16298,.T.);
#16298 = SEAM_CURVE('',#16299,(#16303,#16310),.PCURVE_S1.);
#16299 = LINE('',#16300,#16301);
#16300 = CARTESIAN_POINT('',(-7.776507174586E-15,61.45,131.75));
#16301 = VECTOR('',#16302,1.);
#16302 = DIRECTION('',(0.,1.,0.));
#16303 = PCURVE('',#16251,#16304);
#16304 = DEFINITIONAL_REPRESENTATION('',(#16305),#16309);
#16305 = LINE('',#16306,#16307);
#16306 = CARTESIAN_POINT('',(6.28318530718,-0.));
#16307 = VECTOR('',#16308,1.);
#16308 = DIRECTION('',(0.,1.));
#16309 = ( GEOMETRIC_REPRESENTATION_CONTEXT(2) 
PARAMETRIC_REPRESENTATION_CONTEXT() REPRESENTATION_CONTEXT('2D SPACE',''
  ) );
#16310 = PCURVE('',#16251,#16311);
#16311 = DEFINITIONAL_REPRESENTATION('',(#16312),#16316);
#16312 = LINE('',#16313,#16314);
#16313 = CARTESIAN_POINT('',(0.,-0.));
#16314 = VECTOR('',#16315,1.);
#16315 = DIRECTION('',(0.,1.));
#16316 = ( GEOMETRIC_REPRESENTATION_CONTEXT(2) 
PARAMETRIC_REPRESENTATION_CONTEXT() REPRESENTATION_CONTEXT('2D SPACE',''
  ) );
#16317 = ORIENTED_EDGE('',*,*,#16269,.T.);
#16318 = ORIENTED_EDGE('',*,*,#16297,.T.);
#16319 = ( GEOMETRIC_REPRESENTATION_CONTEXT(3) 
GLOBAL_UNCERTAINTY_ASSIGNED_CONTEXT((#16323)) 
GLOBAL_UNIT_ASSIGNED_CONTEXT((#16320,#16321,#16322)) 
REPRESENTATION_CONTEXT('Context #1',
  '3D Context with UNIT and UNCERTAINTY') );
#16320 = ( LENGTH_UNIT() NAMED_UNIT(*) SI_UNIT(.MILLI.,.METRE.) );
#16321 = ( NAMED_UNIT(*) PLANE_ANGLE_UNIT() SI_UNIT($,.RADIAN.) );
#16322 = ( NAMED_UNIT(*) SI_UNIT($,.STERADIAN.) SOLID_ANGLE_UNIT() );
#16323 = UNCERTAINTY_MEASURE_WITH_UNIT(LENGTH_MEASURE(1.E-07),#16320,
  'distance_accuracy_value','confusion accuracy');
#16324 = CONTEXT_DEPENDENT_SHAPE_REPRESENTATION(#16325,#16327);
#16325 = ( REPRESENTATION_RELATIONSHIP('','',#16136,#10) 
REPRESENTATION_RELATIONSHIP_WITH_TRANSFORMATION(#16326) 
SHAPE_REPRESENTATION_RELATIONSHIP() );
#16326 = ITEM_DEFINED_TRANSFORMATION('','',#11,#95);
#16327 = PRODUCT_DEFINITION_SHAPE('Placement','Placement of an item',
  #16328);
#16328 = NEXT_ASSEMBLY_USAGE_OCCURRENCE('21',
  'wire_envelope_reference_only','',#5,#16131,$);
#16329 = PRODUCT_RELATED_PRODUCT_CATEGORY('part',$,(#16133));
#16330 = SHAPE_DEFINITION_REPRESENTATION(#16331,#16337);
#16331 = PRODUCT_DEFINITION_SHAPE('','',#16332);
#16332 = PRODUCT_DEFINITION('design','',#16333,#16336);
#16333 = PRODUCT_DEFINITION_FORMATION('','',#16334);
#16334 = PRODUCT('hand_crank','hand_crank','',(#16335));
#16335 = PRODUCT_CONTEXT('',#2,'mechanical');
#16336 = PRODUCT_DEFINITION_CONTEXT('part definition',#2,'design');
#16337 = ADVANCED_BREP_SHAPE_REPRESENTATION('',(#11,#16338),#17402);
#16338 = MANIFOLD_SOLID_BREP('',#16339);
#16339 = CLOSED_SHELL('',(#16340,#16537,#16646,#16695,#16806,#16833,
    #17007,#17014,#17041,#17096,#17167,#17216,#17265,#17314,#17363,
    #17390));
#16340 = ADVANCED_FACE('',(#16341),#16355,.T.);
#16341 = FACE_BOUND('',#16342,.T.);
#16342 = EDGE_LOOP('',(#16343,#16373,#16400,#16401,#16430,#16458,#16487,
    #16515));
#16343 = ORIENTED_EDGE('',*,*,#16344,.T.);
#16344 = EDGE_CURVE('',#16345,#16347,#16349,.T.);
#16345 = VERTEX_POINT('',#16346);
#16346 = CARTESIAN_POINT('',(16.,-36.,100.));
#16347 = VERTEX_POINT('',#16348);
#16348 = CARTESIAN_POINT('',(16.,-42.,100.));
#16349 = SEAM_CURVE('',#16350,(#16354,#16366),.PCURVE_S1.);
#16350 = LINE('',#16351,#16352);
#16351 = CARTESIAN_POINT('',(16.,-28.,100.));
#16352 = VECTOR('',#16353,1.);
#16353 = DIRECTION('',(0.,-1.,1.110223024625E-16));
#16354 = PCURVE('',#16355,#16360);
#16355 = CYLINDRICAL_SURFACE('',#16356,16.);
#16356 = AXIS2_PLACEMENT_3D('',#16357,#16358,#16359);
#16357 = CARTESIAN_POINT('',(0.,-28.,100.));
#16358 = DIRECTION('',(0.,-1.,1.110223024625E-16));
#16359 = DIRECTION('',(1.,0.,0.));
#16360 = DEFINITIONAL_REPRESENTATION('',(#16361),#16365);
#16361 = LINE('',#16362,#16363);
#16362 = CARTESIAN_POINT('',(6.28318530718,-0.));
#16363 = VECTOR('',#16364,1.);
#16364 = DIRECTION('',(0.,1.));
#16365 = ( GEOMETRIC_REPRESENTATION_CONTEXT(2) 
PARAMETRIC_REPRESENTATION_CONTEXT() REPRESENTATION_CONTEXT('2D SPACE',''
  ) );
#16366 = PCURVE('',#16355,#16367);
#16367 = DEFINITIONAL_REPRESENTATION('',(#16368),#16372);
#16368 = LINE('',#16369,#16370);
#16369 = CARTESIAN_POINT('',(0.,-0.));
#16370 = VECTOR('',#16371,1.);
#16371 = DIRECTION('',(0.,1.));
#16372 = ( GEOMETRIC_REPRESENTATION_CONTEXT(2) 
PARAMETRIC_REPRESENTATION_CONTEXT() REPRESENTATION_CONTEXT('2D SPACE',''
  ) );
#16373 = ORIENTED_EDGE('',*,*,#16374,.F.);
#16374 = EDGE_CURVE('',#16347,#16347,#16375,.T.);
#16375 = SURFACE_CURVE('',#16376,(#16381,#16388),.PCURVE_S1.);
#16376 = CIRCLE('',#16377,16.);
#16377 = AXIS2_PLACEMENT_3D('',#16378,#16379,#16380);
#16378 = CARTESIAN_POINT('',(0.,-42.,100.));
#16379 = DIRECTION('',(0.,-1.,1.110223024625E-16));
#16380 = DIRECTION('',(1.,0.,0.));
#16381 = PCURVE('',#16355,#16382);
#16382 = DEFINITIONAL_REPRESENTATION('',(#16383),#16387);
#16383 = LINE('',#16384,#16385);
#16384 = CARTESIAN_POINT('',(0.,14.));
#16385 = VECTOR('',#16386,1.);
#16386 = DIRECTION('',(1.,0.));
#16387 = ( GEOMETRIC_REPRESENTATION_CONTEXT(2) 
PARAMETRIC_REPRESENTATION_CONTEXT() REPRESENTATION_CONTEXT('2D SPACE',''
  ) );
#16388 = PCURVE('',#16389,#16394);
#16389 = PLANE('',#16390);
#16390 = AXIS2_PLACEMENT_3D('',#16391,#16392,#16393);
#16391 = CARTESIAN_POINT('',(0.,-42.,100.));
#16392 = DIRECTION('',(0.,-1.,1.110223024625E-16));
#16393 = DIRECTION('',(1.,0.,0.));
#16394 = DEFINITIONAL_REPRESENTATION('',(#16395),#16399);
#16395 = CIRCLE('',#16396,16.);
#16396 = AXIS2_PLACEMENT_2D('',#16397,#16398);
#16397 = CARTESIAN_POINT('',(0.,0.));
#16398 = DIRECTION('',(1.,0.));
#16399 = ( GEOMETRIC_REPRESENTATION_CONTEXT(2) 
PARAMETRIC_REPRESENTATION_CONTEXT() REPRESENTATION_CONTEXT('2D SPACE',''
  ) );
#16400 = ORIENTED_EDGE('',*,*,#16344,.F.);
#16401 = ORIENTED_EDGE('',*,*,#16402,.T.);
#16402 = EDGE_CURVE('',#16345,#16403,#16405,.T.);
#16403 = VERTEX_POINT('',#16404);
#16404 = CARTESIAN_POINT('',(11.618950038622,-36.,111.));
#16405 = SURFACE_CURVE('',#16406,(#16411,#16418),.PCURVE_S1.);
#16406 = CIRCLE('',#16407,16.);
#16407 = AXIS2_PLACEMENT_3D('',#16408,#16409,#16410);
#16408 = CARTESIAN_POINT('',(0.,-36.,100.));
#16409 = DIRECTION('',(0.,-1.,1.110223024625E-16));
#16410 = DIRECTION('',(1.,0.,0.));
#16411 = PCURVE('',#16355,#16412);
#16412 = DEFINITIONAL_REPRESENTATION('',(#16413),#16417);
#16413 = LINE('',#16414,#16415);
#16414 = CARTESIAN_POINT('',(0.,8.));
#16415 = VECTOR('',#16416,1.);
#16416 = DIRECTION('',(1.,0.));
#16417 = ( GEOMETRIC_REPRESENTATION_CONTEXT(2) 
PARAMETRIC_REPRESENTATION_CONTEXT() REPRESENTATION_CONTEXT('2D SPACE',''
  ) );
#16418 = PCURVE('',#16419,#16424);
#16419 = PLANE('',#16420);
#16420 = AXIS2_PLACEMENT_3D('',#16421,#16422,#16423);
#16421 = CARTESIAN_POINT('',(0.,-36.,89.));
#16422 = DIRECTION('',(0.,-1.,1.110223024625E-16));
#16423 = DIRECTION('',(1.,0.,0.));
#16424 = DEFINITIONAL_REPRESENTATION('',(#16425),#16429);
#16425 = CIRCLE('',#16426,16.);
#16426 = AXIS2_PLACEMENT_2D('',#16427,#16428);
#16427 = CARTESIAN_POINT('',(0.,11.));
#16428 = DIRECTION('',(1.,0.));
#16429 = ( GEOMETRIC_REPRESENTATION_CONTEXT(2) 
PARAMETRIC_REPRESENTATION_CONTEXT() REPRESENTATION_CONTEXT('2D SPACE',''
  ) );
#16430 = ORIENTED_EDGE('',*,*,#16431,.F.);
#16431 = EDGE_CURVE('',#16432,#16403,#16434,.T.);
#16432 = VERTEX_POINT('',#16433);
#16433 = CARTESIAN_POINT('',(11.618950038623,-28.,111.));
#16434 = SURFACE_CURVE('',#16435,(#16439,#16446),.PCURVE_S1.);
#16435 = LINE('',#16436,#16437);
#16436 = CARTESIAN_POINT('',(11.618950038622,-28.,111.));
#16437 = VECTOR('',#16438,1.);
#16438 = DIRECTION('',(0.,-1.,1.110223024625E-16));
#16439 = PCURVE('',#16355,#16440);
#16440 = DEFINITIONAL_REPRESENTATION('',(#16441),#16445);
#16441 = LINE('',#16442,#16443);
#16442 = CARTESIAN_POINT('',(0.758040765426,0.));
#16443 = VECTOR('',#16444,1.);
#16444 = DIRECTION('',(0.,1.));
#16445 = ( GEOMETRIC_REPRESENTATION_CONTEXT(2) 
PARAMETRIC_REPRESENTATION_CONTEXT() REPRESENTATION_CONTEXT('2D SPACE',''
  ) );
#16446 = PCURVE('',#16447,#16452);
#16447 = PLANE('',#16448);
#16448 = AXIS2_PLACEMENT_3D('',#16449,#16450,#16451);
#16449 = CARTESIAN_POINT('',(0.,-28.,111.));
#16450 = DIRECTION('',(0.,1.110223024625E-16,1.));
#16451 = DIRECTION('',(0.,-1.,1.110223024625E-16));
#16452 = DEFINITIONAL_REPRESENTATION('',(#16453),#16457);
#16453 = LINE('',#16454,#16455);
#16454 = CARTESIAN_POINT('',(0.,11.618950038622));
#16455 = VECTOR('',#16456,1.);
#16456 = DIRECTION('',(1.,0.));
#16457 = ( GEOMETRIC_REPRESENTATION_CONTEXT(2) 
PARAMETRIC_REPRESENTATION_CONTEXT() REPRESENTATION_CONTEXT('2D SPACE',''
  ) );
#16458 = ORIENTED_EDGE('',*,*,#16459,.T.);
#16459 = EDGE_CURVE('',#16432,#16460,#16462,.T.);
#16460 = VERTEX_POINT('',#16461);
#16461 = CARTESIAN_POINT('',(11.618950038623,-28.,89.));
#16462 = SURFACE_CURVE('',#16463,(#16468,#16475),.PCURVE_S1.);
#16463 = CIRCLE('',#16464,16.);
#16464 = AXIS2_PLACEMENT_3D('',#16465,#16466,#16467);
#16465 = CARTESIAN_POINT('',(0.,-28.,100.));
#16466 = DIRECTION('',(0.,-1.,1.110223024625E-16));
#16467 = DIRECTION('',(1.,0.,0.));
#16468 = PCURVE('',#16355,#16469);
#16469 = DEFINITIONAL_REPRESENTATION('',(#16470),#16474);
#16470 = LINE('',#16471,#16472);
#16471 = CARTESIAN_POINT('',(0.,0.));
#16472 = VECTOR('',#16473,1.);
#16473 = DIRECTION('',(1.,0.));
#16474 = ( GEOMETRIC_REPRESENTATION_CONTEXT(2) 
PARAMETRIC_REPRESENTATION_CONTEXT() REPRESENTATION_CONTEXT('2D SPACE',''
  ) );
#16475 = PCURVE('',#16476,#16481);
#16476 = PLANE('',#16477);
#16477 = AXIS2_PLACEMENT_3D('',#16478,#16479,#16480);
#16478 = CARTESIAN_POINT('',(0.,-28.,100.));
#16479 = DIRECTION('',(0.,-1.,1.110223024625E-16));
#16480 = DIRECTION('',(1.,0.,0.));
#16481 = DEFINITIONAL_REPRESENTATION('',(#16482),#16486);
#16482 = CIRCLE('',#16483,16.);
#16483 = AXIS2_PLACEMENT_2D('',#16484,#16485);
#16484 = CARTESIAN_POINT('',(0.,0.));
#16485 = DIRECTION('',(1.,0.));
#16486 = ( GEOMETRIC_REPRESENTATION_CONTEXT(2) 
PARAMETRIC_REPRESENTATION_CONTEXT() REPRESENTATION_CONTEXT('2D SPACE',''
  ) );
#16487 = ORIENTED_EDGE('',*,*,#16488,.T.);
#16488 = EDGE_CURVE('',#16460,#16489,#16491,.T.);
#16489 = VERTEX_POINT('',#16490);
#16490 = CARTESIAN_POINT('',(11.618950038622,-36.,89.));
#16491 = SURFACE_CURVE('',#16492,(#16496,#16503),.PCURVE_S1.);
#16492 = LINE('',#16493,#16494);
#16493 = CARTESIAN_POINT('',(11.618950038622,-28.,89.));
#16494 = VECTOR('',#16495,1.);
#16495 = DIRECTION('',(0.,-1.,1.110223024625E-16));
#16496 = PCURVE('',#16355,#16497);
#16497 = DEFINITIONAL_REPRESENTATION('',(#16498),#16502);
#16498 = LINE('',#16499,#16500);
#16499 = CARTESIAN_POINT('',(5.525144541753,0.));
#16500 = VECTOR('',#16501,1.);
#16501 = DIRECTION('',(0.,1.));
#16502 = ( GEOMETRIC_REPRESENTATION_CONTEXT(2) 
PARAMETRIC_REPRESENTATION_CONTEXT() REPRESENTATION_CONTEXT('2D SPACE',''
  ) );
#16503 = PCURVE('',#16504,#16509);
#16504 = PLANE('',#16505);
#16505 = AXIS2_PLACEMENT_3D('',#16506,#16507,#16508);
#16506 = CARTESIAN_POINT('',(0.,-28.,89.));
#16507 = DIRECTION('',(0.,1.110223024625E-16,1.));
#16508 = DIRECTION('',(0.,-1.,1.110223024625E-16));
#16509 = DEFINITIONAL_REPRESENTATION('',(#16510),#16514);
#16510 = LINE('',#16511,#16512);
#16511 = CARTESIAN_POINT('',(0.,11.618950038622));
#16512 = VECTOR('',#16513,1.);
#16513 = DIRECTION('',(1.,0.));
#16514 = ( GEOMETRIC_REPRESENTATION_CONTEXT(2) 
PARAMETRIC_REPRESENTATION_CONTEXT() REPRESENTATION_CONTEXT('2D SPACE',''
  ) );
#16515 = ORIENTED_EDGE('',*,*,#16516,.T.);
#16516 = EDGE_CURVE('',#16489,#16345,#16517,.T.);
#16517 = SURFACE_CURVE('',#16518,(#16523,#16530),.PCURVE_S1.);
#16518 = CIRCLE('',#16519,16.);
#16519 = AXIS2_PLACEMENT_3D('',#16520,#16521,#16522);
#16520 = CARTESIAN_POINT('',(0.,-36.,100.));
#16521 = DIRECTION('',(0.,-1.,1.110223024625E-16));
#16522 = DIRECTION('',(1.,0.,0.));
#16523 = PCURVE('',#16355,#16524);
#16524 = DEFINITIONAL_REPRESENTATION('',(#16525),#16529);
#16525 = LINE('',#16526,#16527);
#16526 = CARTESIAN_POINT('',(0.,8.));
#16527 = VECTOR('',#16528,1.);
#16528 = DIRECTION('',(1.,0.));
#16529 = ( GEOMETRIC_REPRESENTATION_CONTEXT(2) 
PARAMETRIC_REPRESENTATION_CONTEXT() REPRESENTATION_CONTEXT('2D SPACE',''
  ) );
#16530 = PCURVE('',#16419,#16531);
#16531 = DEFINITIONAL_REPRESENTATION('',(#16532),#16536);
#16532 = CIRCLE('',#16533,16.);
#16533 = AXIS2_PLACEMENT_2D('',#16534,#16535);
#16534 = CARTESIAN_POINT('',(0.,11.));
#16535 = DIRECTION('',(1.,0.));
#16536 = ( GEOMETRIC_REPRESENTATION_CONTEXT(2) 
PARAMETRIC_REPRESENTATION_CONTEXT() REPRESENTATION_CONTEXT('2D SPACE',''
  ) );
#16537 = ADVANCED_FACE('',(#16538,#16615),#16419,.T.);
#16538 = FACE_BOUND('',#16539,.T.);
#16539 = EDGE_LOOP('',(#16540,#16563,#16564,#16565,#16588));
#16540 = ORIENTED_EDGE('',*,*,#16541,.F.);
#16541 = EDGE_CURVE('',#16403,#16542,#16544,.T.);
#16542 = VERTEX_POINT('',#16543);
#16543 = CARTESIAN_POINT('',(55.204168476687,-36.,111.));
#16544 = SURFACE_CURVE('',#16545,(#16549,#16556),.PCURVE_S1.);
#16545 = LINE('',#16546,#16547);
#16546 = CARTESIAN_POINT('',(0.,-36.,111.));
#16547 = VECTOR('',#16548,1.);
#16548 = DIRECTION('',(1.,0.,0.));
#16549 = PCURVE('',#16419,#16550);
#16550 = DEFINITIONAL_REPRESENTATION('',(#16551),#16555);
#16551 = LINE('',#16552,#16553);
#16552 = CARTESIAN_POINT('',(0.,22.));
#16553 = VECTOR('',#16554,1.);
#16554 = DIRECTION('',(1.,0.));
#16555 = ( GEOMETRIC_REPRESENTATION_CONTEXT(2) 
PARAMETRIC_REPRESENTATION_CONTEXT() REPRESENTATION_CONTEXT('2D SPACE',''
  ) );
#16556 = PCURVE('',#16447,#16557);
#16557 = DEFINITIONAL_REPRESENTATION('',(#16558),#16562);
#16558 = LINE('',#16559,#16560);
#16559 = CARTESIAN_POINT('',(8.,0.));
#16560 = VECTOR('',#16561,1.);
#16561 = DIRECTION('',(0.,1.));
#16562 = ( GEOMETRIC_REPRESENTATION_CONTEXT(2) 
PARAMETRIC_REPRESENTATION_CONTEXT() REPRESENTATION_CONTEXT('2D SPACE',''
  ) );
#16563 = ORIENTED_EDGE('',*,*,#16402,.F.);
#16564 = ORIENTED_EDGE('',*,*,#16516,.F.);
#16565 = ORIENTED_EDGE('',*,*,#16566,.T.);
#16566 = EDGE_CURVE('',#16489,#16567,#16569,.T.);
#16567 = VERTEX_POINT('',#16568);
#16568 = CARTESIAN_POINT('',(55.204168476687,-36.,89.));
#16569 = SURFACE_CURVE('',#16570,(#16574,#16581),.PCURVE_S1.);
#16570 = LINE('',#16571,#16572);
#16571 = CARTESIAN_POINT('',(0.,-36.,89.));
#16572 = VECTOR('',#16573,1.);
#16573 = DIRECTION('',(1.,0.,0.));
#16574 = PCURVE('',#16419,#16575);
#16575 = DEFINITIONAL_REPRESENTATION('',(#16576),#16580);
#16576 = LINE('',#16577,#16578);
#16577 = CARTESIAN_POINT('',(0.,0.));
#16578 = VECTOR('',#16579,1.);
#16579 = DIRECTION('',(1.,0.));
#16580 = ( GEOMETRIC_REPRESENTATION_CONTEXT(2) 
PARAMETRIC_REPRESENTATION_CONTEXT() REPRESENTATION_CONTEXT('2D SPACE',''
  ) );
#16581 = PCURVE('',#16504,#16582);
#16582 = DEFINITIONAL_REPRESENTATION('',(#16583),#16587);
#16583 = LINE('',#16584,#16585);
#16584 = CARTESIAN_POINT('',(8.,0.));
#16585 = VECTOR('',#16586,1.);
#16586 = DIRECTION('',(0.,1.));
#16587 = ( GEOMETRIC_REPRESENTATION_CONTEXT(2) 
PARAMETRIC_REPRESENTATION_CONTEXT() REPRESENTATION_CONTEXT('2D SPACE',''
  ) );
#16588 = ORIENTED_EDGE('',*,*,#16589,.T.);
#16589 = EDGE_CURVE('',#16567,#16542,#16590,.T.);
#16590 = SURFACE_CURVE('',#16591,(#16596,#16603),.PCURVE_S1.);
#16591 = CIRCLE('',#16592,12.);
#16592 = AXIS2_PLACEMENT_3D('',#16593,#16594,#16595);
#16593 = CARTESIAN_POINT('',(60.,-36.,100.));
#16594 = DIRECTION('',(0.,-1.,1.110223024625E-16));
#16595 = DIRECTION('',(-0.399652626943,-1.01770443924E-16,
    -0.916666666667));
#16596 = PCURVE('',#16419,#16597);
#16597 = DEFINITIONAL_REPRESENTATION('',(#16598),#16602);
#16598 = CIRCLE('',#16599,12.);
#16599 = AXIS2_PLACEMENT_2D('',#16600,#16601);
#16600 = CARTESIAN_POINT('',(60.,11.));
#16601 = DIRECTION('',(-0.399652626943,-0.916666666667));
#16602 = ( GEOMETRIC_REPRESENTATION_CONTEXT(2) 
PARAMETRIC_REPRESENTATION_CONTEXT() REPRESENTATION_CONTEXT('2D SPACE',''
  ) );
#16603 = PCURVE('',#16604,#16609);
#16604 = CYLINDRICAL_SURFACE('',#16605,12.);
#16605 = AXIS2_PLACEMENT_3D('',#16606,#16607,#16608);
#16606 = CARTESIAN_POINT('',(60.,-28.,100.));
#16607 = DIRECTION('',(0.,-1.,1.110223024625E-16));
#16608 = DIRECTION('',(1.,0.,0.));
#16609 = DEFINITIONAL_REPRESENTATION('',(#16610),#16614);
#16610 = LINE('',#16611,#16612);
#16611 = CARTESIAN_POINT('',(4.301251118062,8.));
#16612 = VECTOR('',#16613,1.);
#16613 = DIRECTION('',(1.,0.));
#16614 = ( GEOMETRIC_REPRESENTATION_CONTEXT(2) 
PARAMETRIC_REPRESENTATION_CONTEXT() REPRESENTATION_CONTEXT('2D SPACE',''
  ) );
#16615 = FACE_BOUND('',#16616,.T.);
#16616 = EDGE_LOOP('',(#16617));
#16617 = ORIENTED_EDGE('',*,*,#16618,.F.);
#16618 = EDGE_CURVE('',#16619,#16619,#16621,.T.);
#16619 = VERTEX_POINT('',#16620);
#16620 = CARTESIAN_POINT('',(62.7,-36.,100.));
#16621 = SURFACE_CURVE('',#16622,(#16627,#16634),.PCURVE_S1.);
#16622 = CIRCLE('',#16623,2.7);
#16623 = AXIS2_PLACEMENT_3D('',#16624,#16625,#16626);
#16624 = CARTESIAN_POINT('',(60.,-36.,100.));
#16625 = DIRECTION('',(0.,-1.,1.110223024625E-16));
#16626 = DIRECTION('',(1.,0.,0.));
#16627 = PCURVE('',#16419,#16628);
#16628 = DEFINITIONAL_REPRESENTATION('',(#16629),#16633);
#16629 = CIRCLE('',#16630,2.7);
#16630 = AXIS2_PLACEMENT_2D('',#16631,#16632);
#16631 = CARTESIAN_POINT('',(60.,11.));
#16632 = DIRECTION('',(1.,0.));
#16633 = ( GEOMETRIC_REPRESENTATION_CONTEXT(2) 
PARAMETRIC_REPRESENTATION_CONTEXT() REPRESENTATION_CONTEXT('2D SPACE',''
  ) );
#16634 = PCURVE('',#16635,#16640);
#16635 = CYLINDRICAL_SURFACE('',#16636,2.7);
#16636 = AXIS2_PLACEMENT_3D('',#16637,#16638,#16639);
#16637 = CARTESIAN_POINT('',(60.,-27.,100.));
#16638 = DIRECTION('',(0.,-1.,1.110223024625E-16));
#16639 = DIRECTION('',(1.,0.,0.));
#16640 = DEFINITIONAL_REPRESENTATION('',(#16641),#16645);
#16641 = LINE('',#16642,#16643);
#16642 = CARTESIAN_POINT('',(0.,9.));
#16643 = VECTOR('',#16644,1.);
#16644 = DIRECTION('',(1.,0.));
#16645 = ( GEOMETRIC_REPRESENTATION_CONTEXT(2) 
PARAMETRIC_REPRESENTATION_CONTEXT() REPRESENTATION_CONTEXT('2D SPACE',''
  ) );
#16646 = ADVANCED_FACE('',(#16647),#16504,.F.);
#16647 = FACE_BOUND('',#16648,.F.);
#16648 = EDGE_LOOP('',(#16649,#16672,#16673,#16674));
#16649 = ORIENTED_EDGE('',*,*,#16650,.F.);
#16650 = EDGE_CURVE('',#16460,#16651,#16653,.T.);
#16651 = VERTEX_POINT('',#16652);
#16652 = CARTESIAN_POINT('',(55.204168476687,-28.,89.));
#16653 = SURFACE_CURVE('',#16654,(#16658,#16665),.PCURVE_S1.);
#16654 = LINE('',#16655,#16656);
#16655 = CARTESIAN_POINT('',(0.,-28.,89.));
#16656 = VECTOR('',#16657,1.);
#16657 = DIRECTION('',(1.,0.,0.));
#16658 = PCURVE('',#16504,#16659);
#16659 = DEFINITIONAL_REPRESENTATION('',(#16660),#16664);
#16660 = LINE('',#16661,#16662);
#16661 = CARTESIAN_POINT('',(0.,0.));
#16662 = VECTOR('',#16663,1.);
#16663 = DIRECTION('',(0.,1.));
#16664 = ( GEOMETRIC_REPRESENTATION_CONTEXT(2) 
PARAMETRIC_REPRESENTATION_CONTEXT() REPRESENTATION_CONTEXT('2D SPACE',''
  ) );
#16665 = PCURVE('',#16476,#16666);
#16666 = DEFINITIONAL_REPRESENTATION('',(#16667),#16671);
#16667 = LINE('',#16668,#16669);
#16668 = CARTESIAN_POINT('',(0.,-11.));
#16669 = VECTOR('',#16670,1.);
#16670 = DIRECTION('',(1.,0.));
#16671 = ( GEOMETRIC_REPRESENTATION_CONTEXT(2) 
PARAMETRIC_REPRESENTATION_CONTEXT() REPRESENTATION_CONTEXT('2D SPACE',''
  ) );
#16672 = ORIENTED_EDGE('',*,*,#16488,.T.);
#16673 = ORIENTED_EDGE('',*,*,#16566,.T.);
#16674 = ORIENTED_EDGE('',*,*,#16675,.F.);
#16675 = EDGE_CURVE('',#16651,#16567,#16676,.T.);
#16676 = SURFACE_CURVE('',#16677,(#16681,#16688),.PCURVE_S1.);
#16677 = LINE('',#16678,#16679);
#16678 = CARTESIAN_POINT('',(55.204168476687,-28.,89.));
#16679 = VECTOR('',#16680,1.);
#16680 = DIRECTION('',(0.,-1.,1.110223024625E-16));
#16681 = PCURVE('',#16504,#16682);
#16682 = DEFINITIONAL_REPRESENTATION('',(#16683),#16687);
#16683 = LINE('',#16684,#16685);
#16684 = CARTESIAN_POINT('',(0.,55.204168476687));
#16685 = VECTOR('',#16686,1.);
#16686 = DIRECTION('',(1.,0.));
#16687 = ( GEOMETRIC_REPRESENTATION_CONTEXT(2) 
PARAMETRIC_REPRESENTATION_CONTEXT() REPRESENTATION_CONTEXT('2D SPACE',''
  ) );
#16688 = PCURVE('',#16604,#16689);
#16689 = DEFINITIONAL_REPRESENTATION('',(#16690),#16694);
#16690 = LINE('',#16691,#16692);
#16691 = CARTESIAN_POINT('',(4.301251118062,0.));
#16692 = VECTOR('',#16693,1.);
#16693 = DIRECTION('',(0.,1.));
#16694 = ( GEOMETRIC_REPRESENTATION_CONTEXT(2) 
PARAMETRIC_REPRESENTATION_CONTEXT() REPRESENTATION_CONTEXT('2D SPACE',''
  ) );
#16695 = ADVANCED_FACE('',(#16696,#16749,#16780),#16476,.F.);
#16696 = FACE_BOUND('',#16697,.F.);
#16697 = EDGE_LOOP('',(#16698,#16721,#16722,#16723));
#16698 = ORIENTED_EDGE('',*,*,#16699,.F.);
#16699 = EDGE_CURVE('',#16432,#16700,#16702,.T.);
#16700 = VERTEX_POINT('',#16701);
#16701 = CARTESIAN_POINT('',(55.204168476687,-28.,111.));
#16702 = SURFACE_CURVE('',#16703,(#16707,#16714),.PCURVE_S1.);
#16703 = LINE('',#16704,#16705);
#16704 = CARTESIAN_POINT('',(0.,-28.,111.));
#16705 = VECTOR('',#16706,1.);
#16706 = DIRECTION('',(1.,0.,0.));
#16707 = PCURVE('',#16476,#16708);
#16708 = DEFINITIONAL_REPRESENTATION('',(#16709),#16713);
#16709 = LINE('',#16710,#16711);
#16710 = CARTESIAN_POINT('',(0.,11.));
#16711 = VECTOR('',#16712,1.);
#16712 = DIRECTION('',(1.,0.));
#16713 = ( GEOMETRIC_REPRESENTATION_CONTEXT(2) 
PARAMETRIC_REPRESENTATION_CONTEXT() REPRESENTATION_CONTEXT('2D SPACE',''
  ) );
#16714 = PCURVE('',#16447,#16715);
#16715 = DEFINITIONAL_REPRESENTATION('',(#16716),#16720);
#16716 = LINE('',#16717,#16718);
#16717 = CARTESIAN_POINT('',(0.,0.));
#16718 = VECTOR('',#16719,1.);
#16719 = DIRECTION('',(0.,1.));
#16720 = ( GEOMETRIC_REPRESENTATION_CONTEXT(2) 
PARAMETRIC_REPRESENTATION_CONTEXT() REPRESENTATION_CONTEXT('2D SPACE',''
  ) );
#16721 = ORIENTED_EDGE('',*,*,#16459,.T.);
#16722 = ORIENTED_EDGE('',*,*,#16650,.T.);
#16723 = ORIENTED_EDGE('',*,*,#16724,.F.);
#16724 = EDGE_CURVE('',#16700,#16651,#16725,.T.);
#16725 = SURFACE_CURVE('',#16726,(#16731,#16742),.PCURVE_S1.);
#16726 = CIRCLE('',#16727,12.);
#16727 = AXIS2_PLACEMENT_3D('',#16728,#16729,#16730);
#16728 = CARTESIAN_POINT('',(60.,-28.,100.));
#16729 = DIRECTION('',(0.,1.,-1.110223024625E-16));
#16730 = DIRECTION('',(-0.399652626943,1.01770443924E-16,0.916666666667)
  );
#16731 = PCURVE('',#16476,#16732);
#16732 = DEFINITIONAL_REPRESENTATION('',(#16733),#16741);
#16733 = ( BOUNDED_CURVE() B_SPLINE_CURVE(2,(#16734,#16735,#16736,#16737
    ,#16738,#16739,#16740),.UNSPECIFIED.,.T.,.F.) 
B_SPLINE_CURVE_WITH_KNOTS((1,2,2,2,2,1),(-2.094395102393,0.,
    2.094395102393,4.188790204786,6.28318530718,8.377580409573),
.UNSPECIFIED.) CURVE() GEOMETRIC_REPRESENTATION_ITEM() 
RATIONAL_B_SPLINE_CURVE((1.,0.5,1.,0.5,1.,0.5,1.)) REPRESENTATION_ITEM(
  '') );
#16734 = CARTESIAN_POINT('',(55.204168476687,11.));
#16735 = CARTESIAN_POINT('',(74.256727359945,19.306623862918));
#16736 = CARTESIAN_POINT('',(71.924195203285,-1.346688068541));
#16737 = CARTESIAN_POINT('',(69.591663046626,-22.));
#16738 = CARTESIAN_POINT('',(52.871636320028,-9.653311931459));
#16739 = CARTESIAN_POINT('',(36.15160959343,2.693376137082));
#16740 = CARTESIAN_POINT('',(55.204168476687,11.));
#16741 = ( GEOMETRIC_REPRESENTATION_CONTEXT(2) 
PARAMETRIC_REPRESENTATION_CONTEXT() REPRESENTATION_CONTEXT('2D SPACE',''
  ) );
#16742 = PCURVE('',#16604,#16743);
#16743 = DEFINITIONAL_REPRESENTATION('',(#16744),#16748);
#16744 = LINE('',#16745,#16746);
#16745 = CARTESIAN_POINT('',(8.265119496297,0.));
#16746 = VECTOR('',#16747,1.);
#16747 = DIRECTION('',(-1.,-0.));
#16748 = ( GEOMETRIC_REPRESENTATION_CONTEXT(2) 
PARAMETRIC_REPRESENTATION_CONTEXT() REPRESENTATION_CONTEXT('2D SPACE',''
  ) );
#16749 = FACE_BOUND('',#16750,.F.);
#16750 = EDGE_LOOP('',(#16751));
#16751 = ORIENTED_EDGE('',*,*,#16752,.F.);
#16752 = EDGE_CURVE('',#16753,#16753,#16755,.T.);
#16753 = VERTEX_POINT('',#16754);
#16754 = CARTESIAN_POINT('',(4.25,-28.,100.));
#16755 = SURFACE_CURVE('',#16756,(#16761,#16768),.PCURVE_S1.);
#16756 = CIRCLE('',#16757,4.25);
#16757 = AXIS2_PLACEMENT_3D('',#16758,#16759,#16760);
#16758 = CARTESIAN_POINT('',(0.,-28.,100.));
#16759 = DIRECTION('',(0.,-1.,1.110223024625E-16));
#16760 = DIRECTION('',(1.,0.,0.));
#16761 = PCURVE('',#16476,#16762);
#16762 = DEFINITIONAL_REPRESENTATION('',(#16763),#16767);
#16763 = CIRCLE('',#16764,4.25);
#16764 = AXIS2_PLACEMENT_2D('',#16765,#16766);
#16765 = CARTESIAN_POINT('',(0.,0.));
#16766 = DIRECTION('',(1.,0.));
#16767 = ( GEOMETRIC_REPRESENTATION_CONTEXT(2) 
PARAMETRIC_REPRESENTATION_CONTEXT() REPRESENTATION_CONTEXT('2D SPACE',''
  ) );
#16768 = PCURVE('',#16769,#16774);
#16769 = CYLINDRICAL_SURFACE('',#16770,4.25);
#16770 = AXIS2_PLACEMENT_3D('',#16771,#16772,#16773);
#16771 = CARTESIAN_POINT('',(0.,-27.,100.));
#16772 = DIRECTION('',(0.,-1.,1.110223024625E-16));
#16773 = DIRECTION('',(1.,0.,0.));
#16774 = DEFINITIONAL_REPRESENTATION('',(#16775),#16779);
#16775 = LINE('',#16776,#16777);
#16776 = CARTESIAN_POINT('',(0.,1.));
#16777 = VECTOR('',#16778,1.);
#16778 = DIRECTION('',(1.,0.));
#16779 = ( GEOMETRIC_REPRESENTATION_CONTEXT(2) 
PARAMETRIC_REPRESENTATION_CONTEXT() REPRESENTATION_CONTEXT('2D SPACE',''
  ) );
#16780 = FACE_BOUND('',#16781,.F.);
#16781 = EDGE_LOOP('',(#16782));
#16782 = ORIENTED_EDGE('',*,*,#16783,.F.);
#16783 = EDGE_CURVE('',#16784,#16784,#16786,.T.);
#16784 = VERTEX_POINT('',#16785);
#16785 = CARTESIAN_POINT('',(62.7,-28.,100.));
#16786 = SURFACE_CURVE('',#16787,(#16792,#16799),.PCURVE_S1.);
#16787 = CIRCLE('',#16788,2.7);
#16788 = AXIS2_PLACEMENT_3D('',#16789,#16790,#16791);
#16789 = CARTESIAN_POINT('',(60.,-28.,100.));
#16790 = DIRECTION('',(0.,-1.,1.110223024625E-16));
#16791 = DIRECTION('',(1.,0.,0.));
#16792 = PCURVE('',#16476,#16793);
#16793 = DEFINITIONAL_REPRESENTATION('',(#16794),#16798);
#16794 = CIRCLE('',#16795,2.7);
#16795 = AXIS2_PLACEMENT_2D('',#16796,#16797);
#16796 = CARTESIAN_POINT('',(60.,0.));
#16797 = DIRECTION('',(1.,0.));
#16798 = ( GEOMETRIC_REPRESENTATION_CONTEXT(2) 
PARAMETRIC_REPRESENTATION_CONTEXT() REPRESENTATION_CONTEXT('2D SPACE',''
  ) );
#16799 = PCURVE('',#16635,#16800);
#16800 = DEFINITIONAL_REPRESENTATION('',(#16801),#16805);
#16801 = LINE('',#16802,#16803);
#16802 = CARTESIAN_POINT('',(0.,1.));
#16803 = VECTOR('',#16804,1.);
#16804 = DIRECTION('',(1.,0.));
#16805 = ( GEOMETRIC_REPRESENTATION_CONTEXT(2) 
PARAMETRIC_REPRESENTATION_CONTEXT() REPRESENTATION_CONTEXT('2D SPACE',''
  ) );
#16806 = ADVANCED_FACE('',(#16807),#16447,.T.);
#16807 = FACE_BOUND('',#16808,.T.);
#16808 = EDGE_LOOP('',(#16809,#16810,#16811,#16812));
#16809 = ORIENTED_EDGE('',*,*,#16699,.F.);
#16810 = ORIENTED_EDGE('',*,*,#16431,.T.);
#16811 = ORIENTED_EDGE('',*,*,#16541,.T.);
#16812 = ORIENTED_EDGE('',*,*,#16813,.F.);
#16813 = EDGE_CURVE('',#16700,#16542,#16814,.T.);
#16814 = SURFACE_CURVE('',#16815,(#16819,#16826),.PCURVE_S1.);
#16815 = LINE('',#16816,#16817);
#16816 = CARTESIAN_POINT('',(55.204168476687,-28.,111.));
#16817 = VECTOR('',#16818,1.);
#16818 = DIRECTION('',(0.,-1.,1.110223024625E-16));
#16819 = PCURVE('',#16447,#16820);
#16820 = DEFINITIONAL_REPRESENTATION('',(#16821),#16825);
#16821 = LINE('',#16822,#16823);
#16822 = CARTESIAN_POINT('',(0.,55.204168476687));
#16823 = VECTOR('',#16824,1.);
#16824 = DIRECTION('',(1.,0.));
#16825 = ( GEOMETRIC_REPRESENTATION_CONTEXT(2) 
PARAMETRIC_REPRESENTATION_CONTEXT() REPRESENTATION_CONTEXT('2D SPACE',''
  ) );
#16826 = PCURVE('',#16604,#16827);
#16827 = DEFINITIONAL_REPRESENTATION('',(#16828),#16832);
#16828 = LINE('',#16829,#16830);
#16829 = CARTESIAN_POINT('',(8.265119496297,0.));
#16830 = VECTOR('',#16831,1.);
#16831 = DIRECTION('',(0.,1.));
#16832 = ( GEOMETRIC_REPRESENTATION_CONTEXT(2) 
PARAMETRIC_REPRESENTATION_CONTEXT() REPRESENTATION_CONTEXT('2D SPACE',''
  ) );
#16833 = ADVANCED_FACE('',(#16834,#16837),#16389,.T.);
#16834 = FACE_BOUND('',#16835,.T.);
#16835 = EDGE_LOOP('',(#16836));
#16836 = ORIENTED_EDGE('',*,*,#16374,.T.);
#16837 = FACE_BOUND('',#16838,.T.);
#16838 = EDGE_LOOP('',(#16839,#16869,#16897,#16925,#16953,#16981));
#16839 = ORIENTED_EDGE('',*,*,#16840,.T.);
#16840 = EDGE_CURVE('',#16841,#16843,#16845,.T.);
#16841 = VERTEX_POINT('',#16842);
#16842 = CARTESIAN_POINT('',(-3.86824680357,-42.,106.7));
#16843 = VERTEX_POINT('',#16844);
#16844 = CARTESIAN_POINT('',(3.86824680357,-42.,106.7));
#16845 = SURFACE_CURVE('',#16846,(#16850,#16857),.PCURVE_S1.);
#16846 = LINE('',#16847,#16848);
#16847 = CARTESIAN_POINT('',(1.934123401785,-42.,106.7));
#16848 = VECTOR('',#16849,1.);
#16849 = DIRECTION('',(1.,-1.274577582041E-32,-1.148037424707E-16));
#16850 = PCURVE('',#16389,#16851);
#16851 = DEFINITIONAL_REPRESENTATION('',(#16852),#16856);
#16852 = LINE('',#16853,#16854);
#16853 = CARTESIAN_POINT('',(1.934123401785,6.7));
#16854 = VECTOR('',#16855,1.);
#16855 = DIRECTION('',(1.,-1.148037424707E-16));
#16856 = ( GEOMETRIC_REPRESENTATION_CONTEXT(2) 
PARAMETRIC_REPRESENTATION_CONTEXT() REPRESENTATION_CONTEXT('2D SPACE',''
  ) );
#16857 = PCURVE('',#16858,#16863);
#16858 = PLANE('',#16859);
#16859 = AXIS2_PLACEMENT_3D('',#16860,#16861,#16862);
#16860 = CARTESIAN_POINT('',(3.86824680357,-35.2,106.7));
#16861 = DIRECTION('',(-1.148037424707E-16,-1.110223024625E-16,-1.));
#16862 = DIRECTION('',(-1.,1.274577582041E-32,1.148037424707E-16));
#16863 = DEFINITIONAL_REPRESENTATION('',(#16864),#16868);
#16864 = LINE('',#16865,#16866);
#16865 = CARTESIAN_POINT('',(1.934123401785,-6.8));
#16866 = VECTOR('',#16867,1.);
#16867 = DIRECTION('',(-1.,0.));
#16868 = ( GEOMETRIC_REPRESENTATION_CONTEXT(2) 
PARAMETRIC_REPRESENTATION_CONTEXT() REPRESENTATION_CONTEXT('2D SPACE',''
  ) );
#16869 = ORIENTED_EDGE('',*,*,#16870,.T.);
#16870 = EDGE_CURVE('',#16843,#16871,#16873,.T.);
#16871 = VERTEX_POINT('',#16872);
#16872 = CARTESIAN_POINT('',(7.736493607141,-42.,100.));
#16873 = SURFACE_CURVE('',#16874,(#16878,#16885),.PCURVE_S1.);
#16874 = LINE('',#16875,#16876);
#16875 = CARTESIAN_POINT('',(6.769431906248,-42.,101.675));
#16876 = VECTOR('',#16877,1.);
#16877 = DIRECTION('',(0.5,-9.614813431918E-17,-0.866025403784));
#16878 = PCURVE('',#16389,#16879);
#16879 = DEFINITIONAL_REPRESENTATION('',(#16880),#16884);
#16880 = LINE('',#16881,#16882);
#16881 = CARTESIAN_POINT('',(6.769431906248,1.675));
#16882 = VECTOR('',#16883,1.);
#16883 = DIRECTION('',(0.5,-0.866025403784));
#16884 = ( GEOMETRIC_REPRESENTATION_CONTEXT(2) 
PARAMETRIC_REPRESENTATION_CONTEXT() REPRESENTATION_CONTEXT('2D SPACE',''
  ) );
#16885 = PCURVE('',#16886,#16891);
#16886 = PLANE('',#16887);
#16887 = AXIS2_PLACEMENT_3D('',#16888,#16889,#16890);
#16888 = CARTESIAN_POINT('',(7.736493607141,-35.2,100.));
#16889 = DIRECTION('',(-0.866025403784,-5.551115123126E-17,-0.5));
#16890 = DIRECTION('',(-0.5,9.614813431918E-17,0.866025403784));
#16891 = DEFINITIONAL_REPRESENTATION('',(#16892),#16896);
#16892 = LINE('',#16893,#16894);
#16893 = CARTESIAN_POINT('',(1.934123401785,-6.8));
#16894 = VECTOR('',#16895,1.);
#16895 = DIRECTION('',(-1.,0.));
#16896 = ( GEOMETRIC_REPRESENTATION_CONTEXT(2) 
PARAMETRIC_REPRESENTATION_CONTEXT() REPRESENTATION_CONTEXT('2D SPACE',''
  ) );
#16897 = ORIENTED_EDGE('',*,*,#16898,.T.);
#16898 = EDGE_CURVE('',#16871,#16899,#16901,.T.);
#16899 = VERTEX_POINT('',#16900);
#16900 = CARTESIAN_POINT('',(3.86824680357,-42.,93.3));
#16901 = SURFACE_CURVE('',#16902,(#16906,#16913),.PCURVE_S1.);
#16902 = LINE('',#16903,#16904);
#16903 = CARTESIAN_POINT('',(4.835308504463,-42.,94.975));
#16904 = VECTOR('',#16905,1.);
#16905 = DIRECTION('',(-0.5,-9.614813431918E-17,-0.866025403784));
#16906 = PCURVE('',#16389,#16907);
#16907 = DEFINITIONAL_REPRESENTATION('',(#16908),#16912);
#16908 = LINE('',#16909,#16910);
#16909 = CARTESIAN_POINT('',(4.835308504463,-5.025));
#16910 = VECTOR('',#16911,1.);
#16911 = DIRECTION('',(-0.5,-0.866025403784));
#16912 = ( GEOMETRIC_REPRESENTATION_CONTEXT(2) 
PARAMETRIC_REPRESENTATION_CONTEXT() REPRESENTATION_CONTEXT('2D SPACE',''
  ) );
#16913 = PCURVE('',#16914,#16919);
#16914 = PLANE('',#16915);
#16915 = AXIS2_PLACEMENT_3D('',#16916,#16917,#16918);
#16916 = CARTESIAN_POINT('',(3.86824680357,-35.2,93.3));
#16917 = DIRECTION('',(-0.866025403784,5.551115123126E-17,0.5));
#16918 = DIRECTION('',(0.5,9.614813431918E-17,0.866025403784));
#16919 = DEFINITIONAL_REPRESENTATION('',(#16920),#16924);
#16920 = LINE('',#16921,#16922);
#16921 = CARTESIAN_POINT('',(1.934123401785,-6.8));
#16922 = VECTOR('',#16923,1.);
#16923 = DIRECTION('',(-1.,0.));
#16924 = ( GEOMETRIC_REPRESENTATION_CONTEXT(2) 
PARAMETRIC_REPRESENTATION_CONTEXT() REPRESENTATION_CONTEXT('2D SPACE',''
  ) );
#16925 = ORIENTED_EDGE('',*,*,#16926,.T.);
#16926 = EDGE_CURVE('',#16899,#16927,#16929,.T.);
#16927 = VERTEX_POINT('',#16928);
#16928 = CARTESIAN_POINT('',(-3.86824680357,-42.,93.3));
#16929 = SURFACE_CURVE('',#16930,(#16934,#16941),.PCURVE_S1.);
#16930 = LINE('',#16931,#16932);
#16931 = CARTESIAN_POINT('',(-1.934123401785,-42.,93.3));
#16932 = VECTOR('',#16933,1.);
#16933 = DIRECTION('',(-1.,7.647465492244E-32,6.88822454824E-16));
#16934 = PCURVE('',#16389,#16935);
#16935 = DEFINITIONAL_REPRESENTATION('',(#16936),#16940);
#16936 = LINE('',#16937,#16938);
#16937 = CARTESIAN_POINT('',(-1.934123401785,-6.7));
#16938 = VECTOR('',#16939,1.);
#16939 = DIRECTION('',(-1.,6.88822454824E-16));
#16940 = ( GEOMETRIC_REPRESENTATION_CONTEXT(2) 
PARAMETRIC_REPRESENTATION_CONTEXT() REPRESENTATION_CONTEXT('2D SPACE',''
  ) );
#16941 = PCURVE('',#16942,#16947);
#16942 = PLANE('',#16943);
#16943 = AXIS2_PLACEMENT_3D('',#16944,#16945,#16946);
#16944 = CARTESIAN_POINT('',(-3.86824680357,-35.2,93.3));
#16945 = DIRECTION('',(6.88822454824E-16,1.110223024625E-16,1.));
#16946 = DIRECTION('',(1.,-7.647465492244E-32,-6.88822454824E-16));
#16947 = DEFINITIONAL_REPRESENTATION('',(#16948),#16952);
#16948 = LINE('',#16949,#16950);
#16949 = CARTESIAN_POINT('',(1.934123401785,-6.8));
#16950 = VECTOR('',#16951,1.);
#16951 = DIRECTION('',(-1.,0.));
#16952 = ( GEOMETRIC_REPRESENTATION_CONTEXT(2) 
PARAMETRIC_REPRESENTATION_CONTEXT() REPRESENTATION_CONTEXT('2D SPACE',''
  ) );
#16953 = ORIENTED_EDGE('',*,*,#16954,.T.);
#16954 = EDGE_CURVE('',#16927,#16955,#16957,.T.);
#16955 = VERTEX_POINT('',#16956);
#16956 = CARTESIAN_POINT('',(-7.736493607141,-42.,100.));
#16957 = SURFACE_CURVE('',#16958,(#16962,#16969),.PCURVE_S1.);
#16958 = LINE('',#16959,#16960);
#16959 = CARTESIAN_POINT('',(-6.769431906248,-42.,98.325));
#16960 = VECTOR('',#16961,1.);
#16961 = DIRECTION('',(-0.5,9.614813431918E-17,0.866025403784));
#16962 = PCURVE('',#16389,#16963);
#16963 = DEFINITIONAL_REPRESENTATION('',(#16964),#16968);
#16964 = LINE('',#16965,#16966);
#16965 = CARTESIAN_POINT('',(-6.769431906248,-1.675));
#16966 = VECTOR('',#16967,1.);
#16967 = DIRECTION('',(-0.5,0.866025403784));
#16968 = ( GEOMETRIC_REPRESENTATION_CONTEXT(2) 
PARAMETRIC_REPRESENTATION_CONTEXT() REPRESENTATION_CONTEXT('2D SPACE',''
  ) );
#16969 = PCURVE('',#16970,#16975);
#16970 = PLANE('',#16971);
#16971 = AXIS2_PLACEMENT_3D('',#16972,#16973,#16974);
#16972 = CARTESIAN_POINT('',(-7.736493607141,-35.2,100.));
#16973 = DIRECTION('',(0.866025403784,5.551115123126E-17,0.5));
#16974 = DIRECTION('',(0.5,-9.614813431918E-17,-0.866025403784));
#16975 = DEFINITIONAL_REPRESENTATION('',(#16976),#16980);
#16976 = LINE('',#16977,#16978);
#16977 = CARTESIAN_POINT('',(1.934123401785,-6.8));
#16978 = VECTOR('',#16979,1.);
#16979 = DIRECTION('',(-1.,0.));
#16980 = ( GEOMETRIC_REPRESENTATION_CONTEXT(2) 
PARAMETRIC_REPRESENTATION_CONTEXT() REPRESENTATION_CONTEXT('2D SPACE',''
  ) );
#16981 = ORIENTED_EDGE('',*,*,#16982,.T.);
#16982 = EDGE_CURVE('',#16955,#16841,#16983,.T.);
#16983 = SURFACE_CURVE('',#16984,(#16988,#16995),.PCURVE_S1.);
#16984 = LINE('',#16985,#16986);
#16985 = CARTESIAN_POINT('',(-4.835308504463,-42.,105.025));
#16986 = VECTOR('',#16987,1.);
#16987 = DIRECTION('',(0.5,9.614813431918E-17,0.866025403784));
#16988 = PCURVE('',#16389,#16989);
#16989 = DEFINITIONAL_REPRESENTATION('',(#16990),#16994);
#16990 = LINE('',#16991,#16992);
#16991 = CARTESIAN_POINT('',(-4.835308504463,5.025));
#16992 = VECTOR('',#16993,1.);
#16993 = DIRECTION('',(0.5,0.866025403784));
#16994 = ( GEOMETRIC_REPRESENTATION_CONTEXT(2) 
PARAMETRIC_REPRESENTATION_CONTEXT() REPRESENTATION_CONTEXT('2D SPACE',''
  ) );
#16995 = PCURVE('',#16996,#17001);
#16996 = PLANE('',#16997);
#16997 = AXIS2_PLACEMENT_3D('',#16998,#16999,#17000);
#16998 = CARTESIAN_POINT('',(-3.86824680357,-35.2,106.7));
#16999 = DIRECTION('',(0.866025403784,-5.551115123126E-17,-0.5));
#17000 = DIRECTION('',(-0.5,-9.614813431918E-17,-0.866025403784));
#17001 = DEFINITIONAL_REPRESENTATION('',(#17002),#17006);
#17002 = LINE('',#17003,#17004);
#17003 = CARTESIAN_POINT('',(1.934123401785,-6.8));
#17004 = VECTOR('',#17005,1.);
#17005 = DIRECTION('',(-1.,0.));
#17006 = ( GEOMETRIC_REPRESENTATION_CONTEXT(2) 
PARAMETRIC_REPRESENTATION_CONTEXT() REPRESENTATION_CONTEXT('2D SPACE',''
  ) );
#17007 = ADVANCED_FACE('',(#17008),#16604,.T.);
#17008 = FACE_BOUND('',#17009,.T.);
#17009 = EDGE_LOOP('',(#17010,#17011,#17012,#17013));
#17010 = ORIENTED_EDGE('',*,*,#16724,.F.);
#17011 = ORIENTED_EDGE('',*,*,#16813,.T.);
#17012 = ORIENTED_EDGE('',*,*,#16589,.F.);
#17013 = ORIENTED_EDGE('',*,*,#16675,.F.);
#17014 = ADVANCED_FACE('',(#17015),#16635,.F.);
#17015 = FACE_BOUND('',#17016,.F.);
#17016 = EDGE_LOOP('',(#17017,#17018,#17039,#17040));
#17017 = ORIENTED_EDGE('',*,*,#16618,.F.);
#17018 = ORIENTED_EDGE('',*,*,#17019,.F.);
#17019 = EDGE_CURVE('',#16784,#16619,#17020,.T.);
#17020 = SEAM_CURVE('',#17021,(#17025,#17032),.PCURVE_S1.);
#17021 = LINE('',#17022,#17023);
#17022 = CARTESIAN_POINT('',(62.7,-27.,100.));
#17023 = VECTOR('',#17024,1.);
#17024 = DIRECTION('',(0.,-1.,1.110223024625E-16));
#17025 = PCURVE('',#16635,#17026);
#17026 = DEFINITIONAL_REPRESENTATION('',(#17027),#17031);
#17027 = LINE('',#17028,#17029);
#17028 = CARTESIAN_POINT('',(6.28318530718,-0.));
#17029 = VECTOR('',#17030,1.);
#17030 = DIRECTION('',(0.,1.));
#17031 = ( GEOMETRIC_REPRESENTATION_CONTEXT(2) 
PARAMETRIC_REPRESENTATION_CONTEXT() REPRESENTATION_CONTEXT('2D SPACE',''
  ) );
#17032 = PCURVE('',#16635,#17033);
#17033 = DEFINITIONAL_REPRESENTATION('',(#17034),#17038);
#17034 = LINE('',#17035,#17036);
#17035 = CARTESIAN_POINT('',(0.,-0.));
#17036 = VECTOR('',#17037,1.);
#17037 = DIRECTION('',(0.,1.));
#17038 = ( GEOMETRIC_REPRESENTATION_CONTEXT(2) 
PARAMETRIC_REPRESENTATION_CONTEXT() REPRESENTATION_CONTEXT('2D SPACE',''
  ) );
#17039 = ORIENTED_EDGE('',*,*,#16783,.T.);
#17040 = ORIENTED_EDGE('',*,*,#17019,.T.);
#17041 = ADVANCED_FACE('',(#17042),#16769,.F.);
#17042 = FACE_BOUND('',#17043,.F.);
#17043 = EDGE_LOOP('',(#17044,#17073,#17094,#17095));
#17044 = ORIENTED_EDGE('',*,*,#17045,.F.);
#17045 = EDGE_CURVE('',#17046,#17046,#17048,.T.);
#17046 = VERTEX_POINT('',#17047);
#17047 = CARTESIAN_POINT('',(4.25,-35.2,100.));
#17048 = SURFACE_CURVE('',#17049,(#17054,#17061),.PCURVE_S1.);
#17049 = CIRCLE('',#17050,4.25);
#17050 = AXIS2_PLACEMENT_3D('',#17051,#17052,#17053);
#17051 = CARTESIAN_POINT('',(0.,-35.2,100.));
#17052 = DIRECTION('',(0.,-1.,1.110223024625E-16));
#17053 = DIRECTION('',(1.,0.,0.));
#17054 = PCURVE('',#16769,#17055);
#17055 = DEFINITIONAL_REPRESENTATION('',(#17056),#17060);
#17056 = LINE('',#17057,#17058);
#17057 = CARTESIAN_POINT('',(0.,8.2));
#17058 = VECTOR('',#17059,1.);
#17059 = DIRECTION('',(1.,0.));
#17060 = ( GEOMETRIC_REPRESENTATION_CONTEXT(2) 
PARAMETRIC_REPRESENTATION_CONTEXT() REPRESENTATION_CONTEXT('2D SPACE',''
  ) );
#17061 = PCURVE('',#17062,#17067);
#17062 = PLANE('',#17063);
#17063 = AXIS2_PLACEMENT_3D('',#17064,#17065,#17066);
#17064 = CARTESIAN_POINT('',(-4.592149698826E-16,-35.2,100.));
#17065 = DIRECTION('',(0.,-1.,1.110223024625E-16));
#17066 = DIRECTION('',(1.,0.,0.));
#17067 = DEFINITIONAL_REPRESENTATION('',(#17068),#17072);
#17068 = CIRCLE('',#17069,4.25);
#17069 = AXIS2_PLACEMENT_2D('',#17070,#17071);
#17070 = CARTESIAN_POINT('',(4.592149698826E-16,0.));
#17071 = DIRECTION('',(1.,0.));
#17072 = ( GEOMETRIC_REPRESENTATION_CONTEXT(2) 
PARAMETRIC_REPRESENTATION_CONTEXT() REPRESENTATION_CONTEXT('2D SPACE',''
  ) );
#17073 = ORIENTED_EDGE('',*,*,#17074,.F.);
#17074 = EDGE_CURVE('',#16753,#17046,#17075,.T.);
#17075 = SEAM_CURVE('',#17076,(#17080,#17087),.PCURVE_S1.);
#17076 = LINE('',#17077,#17078);
#17077 = CARTESIAN_POINT('',(4.25,-27.,100.));
#17078 = VECTOR('',#17079,1.);
#17079 = DIRECTION('',(0.,-1.,1.110223024625E-16));
#17080 = PCURVE('',#16769,#17081);
#17081 = DEFINITIONAL_REPRESENTATION('',(#17082),#17086);
#17082 = LINE('',#17083,#17084);
#17083 = CARTESIAN_POINT('',(6.28318530718,-0.));
#17084 = VECTOR('',#17085,1.);
#17085 = DIRECTION('',(0.,1.));
#17086 = ( GEOMETRIC_REPRESENTATION_CONTEXT(2) 
PARAMETRIC_REPRESENTATION_CONTEXT() REPRESENTATION_CONTEXT('2D SPACE',''
  ) );
#17087 = PCURVE('',#16769,#17088);
#17088 = DEFINITIONAL_REPRESENTATION('',(#17089),#17093);
#17089 = LINE('',#17090,#17091);
#17090 = CARTESIAN_POINT('',(0.,-0.));
#17091 = VECTOR('',#17092,1.);
#17092 = DIRECTION('',(0.,1.));
#17093 = ( GEOMETRIC_REPRESENTATION_CONTEXT(2) 
PARAMETRIC_REPRESENTATION_CONTEXT() REPRESENTATION_CONTEXT('2D SPACE',''
  ) );
#17094 = ORIENTED_EDGE('',*,*,#16752,.T.);
#17095 = ORIENTED_EDGE('',*,*,#17074,.T.);
#17096 = ADVANCED_FACE('',(#17097),#16858,.T.);
#17097 = FACE_BOUND('',#17098,.T.);
#17098 = EDGE_LOOP('',(#17099,#17124,#17145,#17146));
#17099 = ORIENTED_EDGE('',*,*,#17100,.F.);
#17100 = EDGE_CURVE('',#17101,#17103,#17105,.T.);
#17101 = VERTEX_POINT('',#17102);
#17102 = CARTESIAN_POINT('',(3.86824680357,-35.2,106.7));
#17103 = VERTEX_POINT('',#17104);
#17104 = CARTESIAN_POINT('',(-3.86824680357,-35.2,106.7));
#17105 = SURFACE_CURVE('',#17106,(#17110,#17117),.PCURVE_S1.);
#17106 = LINE('',#17107,#17108);
#17107 = CARTESIAN_POINT('',(3.86824680357,-35.2,106.7));
#17108 = VECTOR('',#17109,1.);
#17109 = DIRECTION('',(-1.,1.274577582041E-32,1.148037424707E-16));
#17110 = PCURVE('',#16858,#17111);
#17111 = DEFINITIONAL_REPRESENTATION('',(#17112),#17116);
#17112 = LINE('',#17113,#17114);
#17113 = CARTESIAN_POINT('',(0.,0.));
#17114 = VECTOR('',#17115,1.);
#17115 = DIRECTION('',(1.,0.));
#17116 = ( GEOMETRIC_REPRESENTATION_CONTEXT(2) 
PARAMETRIC_REPRESENTATION_CONTEXT() REPRESENTATION_CONTEXT('2D SPACE',''
  ) );
#17117 = PCURVE('',#17062,#17118);
#17118 = DEFINITIONAL_REPRESENTATION('',(#17119),#17123);
#17119 = LINE('',#17120,#17121);
#17120 = CARTESIAN_POINT('',(3.86824680357,6.7));
#17121 = VECTOR('',#17122,1.);
#17122 = DIRECTION('',(-1.,1.148037424707E-16));
#17123 = ( GEOMETRIC_REPRESENTATION_CONTEXT(2) 
PARAMETRIC_REPRESENTATION_CONTEXT() REPRESENTATION_CONTEXT('2D SPACE',''
  ) );
#17124 = ORIENTED_EDGE('',*,*,#17125,.T.);
#17125 = EDGE_CURVE('',#17101,#16843,#17126,.T.);
#17126 = SURFACE_CURVE('',#17127,(#17131,#17138),.PCURVE_S1.);
#17127 = LINE('',#17128,#17129);
#17128 = CARTESIAN_POINT('',(3.86824680357,-35.2,106.7));
#17129 = VECTOR('',#17130,1.);
#17130 = DIRECTION('',(0.,-1.,1.110223024625E-16));
#17131 = PCURVE('',#16858,#17132);
#17132 = DEFINITIONAL_REPRESENTATION('',(#17133),#17137);
#17133 = LINE('',#17134,#17135);
#17134 = CARTESIAN_POINT('',(0.,0.));
#17135 = VECTOR('',#17136,1.);
#17136 = DIRECTION('',(0.,-1.));
#17137 = ( GEOMETRIC_REPRESENTATION_CONTEXT(2) 
PARAMETRIC_REPRESENTATION_CONTEXT() REPRESENTATION_CONTEXT('2D SPACE',''
  ) );
#17138 = PCURVE('',#16886,#17139);
#17139 = DEFINITIONAL_REPRESENTATION('',(#17140),#17144);
#17140 = LINE('',#17141,#17142);
#17141 = CARTESIAN_POINT('',(7.736493607141,-7.438494264989E-16));
#17142 = VECTOR('',#17143,1.);
#17143 = DIRECTION('',(0.,-1.));
#17144 = ( GEOMETRIC_REPRESENTATION_CONTEXT(2) 
PARAMETRIC_REPRESENTATION_CONTEXT() REPRESENTATION_CONTEXT('2D SPACE',''
  ) );
#17145 = ORIENTED_EDGE('',*,*,#16840,.F.);
#17146 = ORIENTED_EDGE('',*,*,#17147,.F.);
#17147 = EDGE_CURVE('',#17103,#16841,#17148,.T.);
#17148 = SURFACE_CURVE('',#17149,(#17153,#17160),.PCURVE_S1.);
#17149 = LINE('',#17150,#17151);
#17150 = CARTESIAN_POINT('',(-3.86824680357,-35.2,106.7));
#17151 = VECTOR('',#17152,1.);
#17152 = DIRECTION('',(0.,-1.,1.110223024625E-16));
#17153 = PCURVE('',#16858,#17154);
#17154 = DEFINITIONAL_REPRESENTATION('',(#17155),#17159);
#17155 = LINE('',#17156,#17157);
#17156 = CARTESIAN_POINT('',(7.736493607141,0.));
#17157 = VECTOR('',#17158,1.);
#17158 = DIRECTION('',(0.,-1.));
#17159 = ( GEOMETRIC_REPRESENTATION_CONTEXT(2) 
PARAMETRIC_REPRESENTATION_CONTEXT() REPRESENTATION_CONTEXT('2D SPACE',''
  ) );
#17160 = PCURVE('',#16996,#17161);
#17161 = DEFINITIONAL_REPRESENTATION('',(#17162),#17166);
#17162 = LINE('',#17163,#17164);
#17163 = CARTESIAN_POINT('',(-0.,0.));
#17164 = VECTOR('',#17165,1.);
#17165 = DIRECTION('',(0.,-1.));
#17166 = ( GEOMETRIC_REPRESENTATION_CONTEXT(2) 
PARAMETRIC_REPRESENTATION_CONTEXT() REPRESENTATION_CONTEXT('2D SPACE',''
  ) );
#17167 = ADVANCED_FACE('',(#17168),#16996,.T.);
#17168 = FACE_BOUND('',#17169,.T.);
#17169 = EDGE_LOOP('',(#17170,#17193,#17194,#17195));
#17170 = ORIENTED_EDGE('',*,*,#17171,.F.);
#17171 = EDGE_CURVE('',#17103,#17172,#17174,.T.);
#17172 = VERTEX_POINT('',#17173);
#17173 = CARTESIAN_POINT('',(-7.736493607141,-35.2,100.));
#17174 = SURFACE_CURVE('',#17175,(#17179,#17186),.PCURVE_S1.);
#17175 = LINE('',#17176,#17177);
#17176 = CARTESIAN_POINT('',(-3.86824680357,-35.2,106.7));
#17177 = VECTOR('',#17178,1.);
#17178 = DIRECTION('',(-0.5,-9.614813431918E-17,-0.866025403784));
#17179 = PCURVE('',#16996,#17180);
#17180 = DEFINITIONAL_REPRESENTATION('',(#17181),#17185);
#17181 = LINE('',#17182,#17183);
#17182 = CARTESIAN_POINT('',(-0.,0.));
#17183 = VECTOR('',#17184,1.);
#17184 = DIRECTION('',(1.,0.));
#17185 = ( GEOMETRIC_REPRESENTATION_CONTEXT(2) 
PARAMETRIC_REPRESENTATION_CONTEXT() REPRESENTATION_CONTEXT('2D SPACE',''
  ) );
#17186 = PCURVE('',#17062,#17187);
#17187 = DEFINITIONAL_REPRESENTATION('',(#17188),#17192);
#17188 = LINE('',#17189,#17190);
#17189 = CARTESIAN_POINT('',(-3.86824680357,6.7));
#17190 = VECTOR('',#17191,1.);
#17191 = DIRECTION('',(-0.5,-0.866025403784));
#17192 = ( GEOMETRIC_REPRESENTATION_CONTEXT(2) 
PARAMETRIC_REPRESENTATION_CONTEXT() REPRESENTATION_CONTEXT('2D SPACE',''
  ) );
#17193 = ORIENTED_EDGE('',*,*,#17147,.T.);
#17194 = ORIENTED_EDGE('',*,*,#16982,.F.);
#17195 = ORIENTED_EDGE('',*,*,#17196,.F.);
#17196 = EDGE_CURVE('',#17172,#16955,#17197,.T.);
#17197 = SURFACE_CURVE('',#17198,(#17202,#17209),.PCURVE_S1.);
#17198 = LINE('',#17199,#17200);
#17199 = CARTESIAN_POINT('',(-7.736493607141,-35.2,100.));
#17200 = VECTOR('',#17201,1.);
#17201 = DIRECTION('',(0.,-1.,1.110223024625E-16));
#17202 = PCURVE('',#16996,#17203);
#17203 = DEFINITIONAL_REPRESENTATION('',(#17204),#17208);
#17204 = LINE('',#17205,#17206);
#17205 = CARTESIAN_POINT('',(7.736493607141,7.438494264989E-16));
#17206 = VECTOR('',#17207,1.);
#17207 = DIRECTION('',(0.,-1.));
#17208 = ( GEOMETRIC_REPRESENTATION_CONTEXT(2) 
PARAMETRIC_REPRESENTATION_CONTEXT() REPRESENTATION_CONTEXT('2D SPACE',''
  ) );
#17209 = PCURVE('',#16970,#17210);
#17210 = DEFINITIONAL_REPRESENTATION('',(#17211),#17215);
#17211 = LINE('',#17212,#17213);
#17212 = CARTESIAN_POINT('',(0.,0.));
#17213 = VECTOR('',#17214,1.);
#17214 = DIRECTION('',(0.,-1.));
#17215 = ( GEOMETRIC_REPRESENTATION_CONTEXT(2) 
PARAMETRIC_REPRESENTATION_CONTEXT() REPRESENTATION_CONTEXT('2D SPACE',''
  ) );
#17216 = ADVANCED_FACE('',(#17217),#16970,.T.);
#17217 = FACE_BOUND('',#17218,.T.);
#17218 = EDGE_LOOP('',(#17219,#17242,#17243,#17244));
#17219 = ORIENTED_EDGE('',*,*,#17220,.F.);
#17220 = EDGE_CURVE('',#17172,#17221,#17223,.T.);
#17221 = VERTEX_POINT('',#17222);
#17222 = CARTESIAN_POINT('',(-3.86824680357,-35.2,93.3));
#17223 = SURFACE_CURVE('',#17224,(#17228,#17235),.PCURVE_S1.);
#17224 = LINE('',#17225,#17226);
#17225 = CARTESIAN_POINT('',(-7.736493607141,-35.2,100.));
#17226 = VECTOR('',#17227,1.);
#17227 = DIRECTION('',(0.5,-9.614813431918E-17,-0.866025403784));
#17228 = PCURVE('',#16970,#17229);
#17229 = DEFINITIONAL_REPRESENTATION('',(#17230),#17234);
#17230 = LINE('',#17231,#17232);
#17231 = CARTESIAN_POINT('',(0.,0.));
#17232 = VECTOR('',#17233,1.);
#17233 = DIRECTION('',(1.,0.));
#17234 = ( GEOMETRIC_REPRESENTATION_CONTEXT(2) 
PARAMETRIC_REPRESENTATION_CONTEXT() REPRESENTATION_CONTEXT('2D SPACE',''
  ) );
#17235 = PCURVE('',#17062,#17236);
#17236 = DEFINITIONAL_REPRESENTATION('',(#17237),#17241);
#17237 = LINE('',#17238,#17239);
#17238 = CARTESIAN_POINT('',(-7.736493607141,0.));
#17239 = VECTOR('',#17240,1.);
#17240 = DIRECTION('',(0.5,-0.866025403784));
#17241 = ( GEOMETRIC_REPRESENTATION_CONTEXT(2) 
PARAMETRIC_REPRESENTATION_CONTEXT() REPRESENTATION_CONTEXT('2D SPACE',''
  ) );
#17242 = ORIENTED_EDGE('',*,*,#17196,.T.);
#17243 = ORIENTED_EDGE('',*,*,#16954,.F.);
#17244 = ORIENTED_EDGE('',*,*,#17245,.F.);
#17245 = EDGE_CURVE('',#17221,#16927,#17246,.T.);
#17246 = SURFACE_CURVE('',#17247,(#17251,#17258),.PCURVE_S1.);
#17247 = LINE('',#17248,#17249);
#17248 = CARTESIAN_POINT('',(-3.86824680357,-35.2,93.3));
#17249 = VECTOR('',#17250,1.);
#17250 = DIRECTION('',(0.,-1.,1.110223024625E-16));
#17251 = PCURVE('',#16970,#17252);
#17252 = DEFINITIONAL_REPRESENTATION('',(#17253),#17257);
#17253 = LINE('',#17254,#17255);
#17254 = CARTESIAN_POINT('',(7.736493607141,7.438494264989E-16));
#17255 = VECTOR('',#17256,1.);
#17256 = DIRECTION('',(0.,-1.));
#17257 = ( GEOMETRIC_REPRESENTATION_CONTEXT(2) 
PARAMETRIC_REPRESENTATION_CONTEXT() REPRESENTATION_CONTEXT('2D SPACE',''
  ) );
#17258 = PCURVE('',#16942,#17259);
#17259 = DEFINITIONAL_REPRESENTATION('',(#17260),#17264);
#17260 = LINE('',#17261,#17262);
#17261 = CARTESIAN_POINT('',(0.,0.));
#17262 = VECTOR('',#17263,1.);
#17263 = DIRECTION('',(0.,-1.));
#17264 = ( GEOMETRIC_REPRESENTATION_CONTEXT(2) 
PARAMETRIC_REPRESENTATION_CONTEXT() REPRESENTATION_CONTEXT('2D SPACE',''
  ) );
#17265 = ADVANCED_FACE('',(#17266),#16942,.T.);
#17266 = FACE_BOUND('',#17267,.T.);
#17267 = EDGE_LOOP('',(#17268,#17291,#17292,#17293));
#17268 = ORIENTED_EDGE('',*,*,#17269,.F.);
#17269 = EDGE_CURVE('',#17221,#17270,#17272,.T.);
#17270 = VERTEX_POINT('',#17271);
#17271 = CARTESIAN_POINT('',(3.86824680357,-35.2,93.3));
#17272 = SURFACE_CURVE('',#17273,(#17277,#17284),.PCURVE_S1.);
#17273 = LINE('',#17274,#17275);
#17274 = CARTESIAN_POINT('',(-3.86824680357,-35.2,93.3));
#17275 = VECTOR('',#17276,1.);
#17276 = DIRECTION('',(1.,-7.647465492244E-32,-6.88822454824E-16));
#17277 = PCURVE('',#16942,#17278);
#17278 = DEFINITIONAL_REPRESENTATION('',(#17279),#17283);
#17279 = LINE('',#17280,#17281);
#17280 = CARTESIAN_POINT('',(0.,0.));
#17281 = VECTOR('',#17282,1.);
#17282 = DIRECTION('',(1.,0.));
#17283 = ( GEOMETRIC_REPRESENTATION_CONTEXT(2) 
PARAMETRIC_REPRESENTATION_CONTEXT() REPRESENTATION_CONTEXT('2D SPACE',''
  ) );
#17284 = PCURVE('',#17062,#17285);
#17285 = DEFINITIONAL_REPRESENTATION('',(#17286),#17290);
#17286 = LINE('',#17287,#17288);
#17287 = CARTESIAN_POINT('',(-3.86824680357,-6.7));
#17288 = VECTOR('',#17289,1.);
#17289 = DIRECTION('',(1.,-6.88822454824E-16));
#17290 = ( GEOMETRIC_REPRESENTATION_CONTEXT(2) 
PARAMETRIC_REPRESENTATION_CONTEXT() REPRESENTATION_CONTEXT('2D SPACE',''
  ) );
#17291 = ORIENTED_EDGE('',*,*,#17245,.T.);
#17292 = ORIENTED_EDGE('',*,*,#16926,.F.);
#17293 = ORIENTED_EDGE('',*,*,#17294,.F.);
#17294 = EDGE_CURVE('',#17270,#16899,#17295,.T.);
#17295 = SURFACE_CURVE('',#17296,(#17300,#17307),.PCURVE_S1.);
#17296 = LINE('',#17297,#17298);
#17297 = CARTESIAN_POINT('',(3.86824680357,-35.2,93.3));
#17298 = VECTOR('',#17299,1.);
#17299 = DIRECTION('',(0.,-1.,1.110223024625E-16));
#17300 = PCURVE('',#16942,#17301);
#17301 = DEFINITIONAL_REPRESENTATION('',(#17302),#17306);
#17302 = LINE('',#17303,#17304);
#17303 = CARTESIAN_POINT('',(7.736493607141,0.));
#17304 = VECTOR('',#17305,1.);
#17305 = DIRECTION('',(0.,-1.));
#17306 = ( GEOMETRIC_REPRESENTATION_CONTEXT(2) 
PARAMETRIC_REPRESENTATION_CONTEXT() REPRESENTATION_CONTEXT('2D SPACE',''
  ) );
#17307 = PCURVE('',#16914,#17308);
#17308 = DEFINITIONAL_REPRESENTATION('',(#17309),#17313);
#17309 = LINE('',#17310,#17311);
#17310 = CARTESIAN_POINT('',(0.,0.));
#17311 = VECTOR('',#17312,1.);
#17312 = DIRECTION('',(0.,-1.));
#17313 = ( GEOMETRIC_REPRESENTATION_CONTEXT(2) 
PARAMETRIC_REPRESENTATION_CONTEXT() REPRESENTATION_CONTEXT('2D SPACE',''
  ) );
#17314 = ADVANCED_FACE('',(#17315),#16914,.T.);
#17315 = FACE_BOUND('',#17316,.T.);
#17316 = EDGE_LOOP('',(#17317,#17340,#17341,#17342));
#17317 = ORIENTED_EDGE('',*,*,#17318,.F.);
#17318 = EDGE_CURVE('',#17270,#17319,#17321,.T.);
#17319 = VERTEX_POINT('',#17320);
#17320 = CARTESIAN_POINT('',(7.736493607141,-35.2,100.));
#17321 = SURFACE_CURVE('',#17322,(#17326,#17333),.PCURVE_S1.);
#17322 = LINE('',#17323,#17324);
#17323 = CARTESIAN_POINT('',(3.86824680357,-35.2,93.3));
#17324 = VECTOR('',#17325,1.);
#17325 = DIRECTION('',(0.5,9.614813431918E-17,0.866025403784));
#17326 = PCURVE('',#16914,#17327);
#17327 = DEFINITIONAL_REPRESENTATION('',(#17328),#17332);
#17328 = LINE('',#17329,#17330);
#17329 = CARTESIAN_POINT('',(0.,0.));
#17330 = VECTOR('',#17331,1.);
#17331 = DIRECTION('',(1.,0.));
#17332 = ( GEOMETRIC_REPRESENTATION_CONTEXT(2) 
PARAMETRIC_REPRESENTATION_CONTEXT() REPRESENTATION_CONTEXT('2D SPACE',''
  ) );
#17333 = PCURVE('',#17062,#17334);
#17334 = DEFINITIONAL_REPRESENTATION('',(#17335),#17339);
#17335 = LINE('',#17336,#17337);
#17336 = CARTESIAN_POINT('',(3.86824680357,-6.7));
#17337 = VECTOR('',#17338,1.);
#17338 = DIRECTION('',(0.5,0.866025403784));
#17339 = ( GEOMETRIC_REPRESENTATION_CONTEXT(2) 
PARAMETRIC_REPRESENTATION_CONTEXT() REPRESENTATION_CONTEXT('2D SPACE',''
  ) );
#17340 = ORIENTED_EDGE('',*,*,#17294,.T.);
#17341 = ORIENTED_EDGE('',*,*,#16898,.F.);
#17342 = ORIENTED_EDGE('',*,*,#17343,.F.);
#17343 = EDGE_CURVE('',#17319,#16871,#17344,.T.);
#17344 = SURFACE_CURVE('',#17345,(#17349,#17356),.PCURVE_S1.);
#17345 = LINE('',#17346,#17347);
#17346 = CARTESIAN_POINT('',(7.736493607141,-35.2,100.));
#17347 = VECTOR('',#17348,1.);
#17348 = DIRECTION('',(0.,-1.,1.110223024625E-16));
#17349 = PCURVE('',#16914,#17350);
#17350 = DEFINITIONAL_REPRESENTATION('',(#17351),#17355);
#17351 = LINE('',#17352,#17353);
#17352 = CARTESIAN_POINT('',(7.736493607141,-7.438494264989E-16));
#17353 = VECTOR('',#17354,1.);
#17354 = DIRECTION('',(0.,-1.));
#17355 = ( GEOMETRIC_REPRESENTATION_CONTEXT(2) 
PARAMETRIC_REPRESENTATION_CONTEXT() REPRESENTATION_CONTEXT('2D SPACE',''
  ) );
#17356 = PCURVE('',#16886,#17357);
#17357 = DEFINITIONAL_REPRESENTATION('',(#17358),#17362);
#17358 = LINE('',#17359,#17360);
#17359 = CARTESIAN_POINT('',(0.,0.));
#17360 = VECTOR('',#17361,1.);
#17361 = DIRECTION('',(0.,-1.));
#17362 = ( GEOMETRIC_REPRESENTATION_CONTEXT(2) 
PARAMETRIC_REPRESENTATION_CONTEXT() REPRESENTATION_CONTEXT('2D SPACE',''
  ) );
#17363 = ADVANCED_FACE('',(#17364),#16886,.T.);
#17364 = FACE_BOUND('',#17365,.T.);
#17365 = EDGE_LOOP('',(#17366,#17387,#17388,#17389));
#17366 = ORIENTED_EDGE('',*,*,#17367,.F.);
#17367 = EDGE_CURVE('',#17319,#17101,#17368,.T.);
#17368 = SURFACE_CURVE('',#17369,(#17373,#17380),.PCURVE_S1.);
#17369 = LINE('',#17370,#17371);
#17370 = CARTESIAN_POINT('',(7.736493607141,-35.2,100.));
#17371 = VECTOR('',#17372,1.);
#17372 = DIRECTION('',(-0.5,9.614813431918E-17,0.866025403784));
#17373 = PCURVE('',#16886,#17374);
#17374 = DEFINITIONAL_REPRESENTATION('',(#17375),#17379);
#17375 = LINE('',#17376,#17377);
#17376 = CARTESIAN_POINT('',(0.,0.));
#17377 = VECTOR('',#17378,1.);
#17378 = DIRECTION('',(1.,0.));
#17379 = ( GEOMETRIC_REPRESENTATION_CONTEXT(2) 
PARAMETRIC_REPRESENTATION_CONTEXT() REPRESENTATION_CONTEXT('2D SPACE',''
  ) );
#17380 = PCURVE('',#17062,#17381);
#17381 = DEFINITIONAL_REPRESENTATION('',(#17382),#17386);
#17382 = LINE('',#17383,#17384);
#17383 = CARTESIAN_POINT('',(7.736493607141,0.));
#17384 = VECTOR('',#17385,1.);
#17385 = DIRECTION('',(-0.5,0.866025403784));
#17386 = ( GEOMETRIC_REPRESENTATION_CONTEXT(2) 
PARAMETRIC_REPRESENTATION_CONTEXT() REPRESENTATION_CONTEXT('2D SPACE',''
  ) );
#17387 = ORIENTED_EDGE('',*,*,#17343,.T.);
#17388 = ORIENTED_EDGE('',*,*,#16870,.F.);
#17389 = ORIENTED_EDGE('',*,*,#17125,.F.);
#17390 = ADVANCED_FACE('',(#17391,#17399),#17062,.T.);
#17391 = FACE_BOUND('',#17392,.T.);
#17392 = EDGE_LOOP('',(#17393,#17394,#17395,#17396,#17397,#17398));
#17393 = ORIENTED_EDGE('',*,*,#17367,.T.);
#17394 = ORIENTED_EDGE('',*,*,#17100,.T.);
#17395 = ORIENTED_EDGE('',*,*,#17171,.T.);
#17396 = ORIENTED_EDGE('',*,*,#17220,.T.);
#17397 = ORIENTED_EDGE('',*,*,#17269,.T.);
#17398 = ORIENTED_EDGE('',*,*,#17318,.T.);
#17399 = FACE_BOUND('',#17400,.T.);
#17400 = EDGE_LOOP('',(#17401));
#17401 = ORIENTED_EDGE('',*,*,#17045,.F.);
#17402 = ( GEOMETRIC_REPRESENTATION_CONTEXT(3) 
GLOBAL_UNCERTAINTY_ASSIGNED_CONTEXT((#17406)) 
GLOBAL_UNIT_ASSIGNED_CONTEXT((#17403,#17404,#17405)) 
REPRESENTATION_CONTEXT('Context #1',
  '3D Context with UNIT and UNCERTAINTY') );
#17403 = ( LENGTH_UNIT() NAMED_UNIT(*) SI_UNIT(.MILLI.,.METRE.) );
#17404 = ( NAMED_UNIT(*) PLANE_ANGLE_UNIT() SI_UNIT($,.RADIAN.) );
#17405 = ( NAMED_UNIT(*) SI_UNIT($,.STERADIAN.) SOLID_ANGLE_UNIT() );
#17406 = UNCERTAINTY_MEASURE_WITH_UNIT(LENGTH_MEASURE(1.E-07),#17403,
  'distance_accuracy_value','confusion accuracy');
#17407 = CONTEXT_DEPENDENT_SHAPE_REPRESENTATION(#17408,#17410);
#17408 = ( REPRESENTATION_RELATIONSHIP('','',#16337,#10) 
REPRESENTATION_RELATIONSHIP_WITH_TRANSFORMATION(#17409) 
SHAPE_REPRESENTATION_RELATIONSHIP() );
#17409 = ITEM_DEFINED_TRANSFORMATION('','',#11,#99);
#17410 = PRODUCT_DEFINITION_SHAPE('Placement','Placement of an item',
  #17411);
#17411 = NEXT_ASSEMBLY_USAGE_OCCURRENCE('22','hand_crank','',#5,#16332,$
  );
#17412 = PRODUCT_RELATED_PRODUCT_CATEGORY('part',$,(#16334));
#17413 = SHAPE_DEFINITION_REPRESENTATION(#17414,#17420);
#17414 = PRODUCT_DEFINITION_SHAPE('','',#17415);
#17415 = PRODUCT_DEFINITION('design','',#17416,#17419);
#17416 = PRODUCT_DEFINITION_FORMATION('','',#17417);
#17417 = PRODUCT('rotating_grip','rotating_grip','',(#17418));
#17418 = PRODUCT_CONTEXT('',#2,'mechanical');
#17419 = PRODUCT_DEFINITION_CONTEXT('part definition',#2,'design');
#17420 = ADVANCED_BREP_SHAPE_REPRESENTATION('',(#11,#17421),#17783);
#17421 = MANIFOLD_SOLID_BREP('',#17422);
#17422 = CLOSED_SHELL('',(#17423,#17511,#17546,#17581,#17636,#17691,
    #17726,#17756));
#17423 = ADVANCED_FACE('',(#17424),#17437,.T.);
#17424 = FACE_BOUND('',#17425,.T.);
#17425 = EDGE_LOOP('',(#17426,#17460,#17483,#17510));
#17426 = ORIENTED_EDGE('',*,*,#17427,.T.);
#17427 = EDGE_CURVE('',#17428,#17428,#17430,.T.);
#17428 = VERTEX_POINT('',#17429);
#17429 = CARTESIAN_POINT('',(68.,-44.,100.));
#17430 = SURFACE_CURVE('',#17431,(#17436,#17448),.PCURVE_S1.);
#17431 = CIRCLE('',#17432,8.);
#17432 = AXIS2_PLACEMENT_3D('',#17433,#17434,#17435);
#17433 = CARTESIAN_POINT('',(60.,-44.,100.));
#17434 = DIRECTION('',(0.,-1.,1.110223024625E-16));
#17435 = DIRECTION('',(1.,0.,0.));
#17436 = PCURVE('',#17437,#17442);
#17437 = CYLINDRICAL_SURFACE('',#17438,8.);
#17438 = AXIS2_PLACEMENT_3D('',#17439,#17440,#17441);
#17439 = CARTESIAN_POINT('',(60.,-42.,100.));
#17440 = DIRECTION('',(0.,-1.,1.110223024625E-16));
#17441 = DIRECTION('',(1.,0.,0.));
#17442 = DEFINITIONAL_REPRESENTATION('',(#17443),#17447);
#17443 = LINE('',#17444,#17445);
#17444 = CARTESIAN_POINT('',(0.,2.));
#17445 = VECTOR('',#17446,1.);
#17446 = DIRECTION('',(1.,0.));
#17447 = ( GEOMETRIC_REPRESENTATION_CONTEXT(2) 
PARAMETRIC_REPRESENTATION_CONTEXT() REPRESENTATION_CONTEXT('2D SPACE',''
  ) );
#17448 = PCURVE('',#17449,#17454);
#17449 = PLANE('',#17450);
#17450 = AXIS2_PLACEMENT_3D('',#17451,#17452,#17453);
#17451 = CARTESIAN_POINT('',(60.,-44.,100.));
#17452 = DIRECTION('',(0.,-1.,1.110223024625E-16));
#17453 = DIRECTION('',(1.,0.,0.));
#17454 = DEFINITIONAL_REPRESENTATION('',(#17455),#17459);
#17455 = CIRCLE('',#17456,8.);
#17456 = AXIS2_PLACEMENT_2D('',#17457,#17458);
#17457 = CARTESIAN_POINT('',(0.,0.));
#17458 = DIRECTION('',(1.,0.));
#17459 = ( GEOMETRIC_REPRESENTATION_CONTEXT(2) 
PARAMETRIC_REPRESENTATION_CONTEXT() REPRESENTATION_CONTEXT('2D SPACE',''
  ) );
#17460 = ORIENTED_EDGE('',*,*,#17461,.T.);
#17461 = EDGE_CURVE('',#17428,#17462,#17464,.T.);
#17462 = VERTEX_POINT('',#17463);
#17463 = CARTESIAN_POINT('',(68.,-64.,100.));
#17464 = SEAM_CURVE('',#17465,(#17469,#17476),.PCURVE_S1.);
#17465 = LINE('',#17466,#17467);
#17466 = CARTESIAN_POINT('',(68.,-42.,100.));
#17467 = VECTOR('',#17468,1.);
#17468 = DIRECTION('',(0.,-1.,1.110223024625E-16));
#17469 = PCURVE('',#17437,#17470);
#17470 = DEFINITIONAL_REPRESENTATION('',(#17471),#17475);
#17471 = LINE('',#17472,#17473);
#17472 = CARTESIAN_POINT('',(0.,-0.));
#17473 = VECTOR('',#17474,1.);
#17474 = DIRECTION('',(0.,1.));
#17475 = ( GEOMETRIC_REPRESENTATION_CONTEXT(2) 
PARAMETRIC_REPRESENTATION_CONTEXT() REPRESENTATION_CONTEXT('2D SPACE',''
  ) );
#17476 = PCURVE('',#17437,#17477);
#17477 = DEFINITIONAL_REPRESENTATION('',(#17478),#17482);
#17478 = LINE('',#17479,#17480);
#17479 = CARTESIAN_POINT('',(6.28318530718,-0.));
#17480 = VECTOR('',#17481,1.);
#17481 = DIRECTION('',(0.,1.));
#17482 = ( GEOMETRIC_REPRESENTATION_CONTEXT(2) 
PARAMETRIC_REPRESENTATION_CONTEXT() REPRESENTATION_CONTEXT('2D SPACE',''
  ) );
#17483 = ORIENTED_EDGE('',*,*,#17484,.F.);
#17484 = EDGE_CURVE('',#17462,#17462,#17485,.T.);
#17485 = SURFACE_CURVE('',#17486,(#17491,#17498),.PCURVE_S1.);
#17486 = CIRCLE('',#17487,8.);
#17487 = AXIS2_PLACEMENT_3D('',#17488,#17489,#17490);
#17488 = CARTESIAN_POINT('',(60.,-64.,100.));
#17489 = DIRECTION('',(0.,-1.,1.110223024625E-16));
#17490 = DIRECTION('',(1.,0.,0.));
#17491 = PCURVE('',#17437,#17492);
#17492 = DEFINITIONAL_REPRESENTATION('',(#17493),#17497);
#17493 = LINE('',#17494,#17495);
#17494 = CARTESIAN_POINT('',(0.,22.));
#17495 = VECTOR('',#17496,1.);
#17496 = DIRECTION('',(1.,0.));
#17497 = ( GEOMETRIC_REPRESENTATION_CONTEXT(2) 
PARAMETRIC_REPRESENTATION_CONTEXT() REPRESENTATION_CONTEXT('2D SPACE',''
  ) );
#17498 = PCURVE('',#17499,#17504);
#17499 = PLANE('',#17500);
#17500 = AXIS2_PLACEMENT_3D('',#17501,#17502,#17503);
#17501 = CARTESIAN_POINT('',(60.,-64.,100.));
#17502 = DIRECTION('',(0.,-1.,1.110223024625E-16));
#17503 = DIRECTION('',(1.,0.,0.));
#17504 = DEFINITIONAL_REPRESENTATION('',(#17505),#17509);
#17505 = CIRCLE('',#17506,8.);
#17506 = AXIS2_PLACEMENT_2D('',#17507,#17508);
#17507 = CARTESIAN_POINT('',(0.,0.));
#17508 = DIRECTION('',(1.,0.));
#17509 = ( GEOMETRIC_REPRESENTATION_CONTEXT(2) 
PARAMETRIC_REPRESENTATION_CONTEXT() REPRESENTATION_CONTEXT('2D SPACE',''
  ) );
#17510 = ORIENTED_EDGE('',*,*,#17461,.F.);
#17511 = ADVANCED_FACE('',(#17512,#17543),#17449,.T.);
#17512 = FACE_BOUND('',#17513,.T.);
#17513 = EDGE_LOOP('',(#17514));
#17514 = ORIENTED_EDGE('',*,*,#17515,.T.);
#17515 = EDGE_CURVE('',#17516,#17516,#17518,.T.);
#17516 = VERTEX_POINT('',#17517);
#17517 = CARTESIAN_POINT('',(70.,-44.,100.));
#17518 = SURFACE_CURVE('',#17519,(#17524,#17531),.PCURVE_S1.);
#17519 = CIRCLE('',#17520,10.);
#17520 = AXIS2_PLACEMENT_3D('',#17521,#17522,#17523);
#17521 = CARTESIAN_POINT('',(60.,-44.,100.));
#17522 = DIRECTION('',(0.,-1.,1.110223024625E-16));
#17523 = DIRECTION('',(1.,0.,0.));
#17524 = PCURVE('',#17449,#17525);
#17525 = DEFINITIONAL_REPRESENTATION('',(#17526),#17530);
#17526 = CIRCLE('',#17527,10.);
#17527 = AXIS2_PLACEMENT_2D('',#17528,#17529);
#17528 = CARTESIAN_POINT('',(0.,0.));
#17529 = DIRECTION('',(1.,0.));
#17530 = ( GEOMETRIC_REPRESENTATION_CONTEXT(2) 
PARAMETRIC_REPRESENTATION_CONTEXT() REPRESENTATION_CONTEXT('2D SPACE',''
  ) );
#17531 = PCURVE('',#17532,#17537);
#17532 = CYLINDRICAL_SURFACE('',#17533,10.);
#17533 = AXIS2_PLACEMENT_3D('',#17534,#17535,#17536);
#17534 = CARTESIAN_POINT('',(60.,-42.,100.));
#17535 = DIRECTION('',(0.,-1.,1.110223024625E-16));
#17536 = DIRECTION('',(1.,0.,0.));
#17537 = DEFINITIONAL_REPRESENTATION('',(#17538),#17542);
#17538 = LINE('',#17539,#17540);
#17539 = CARTESIAN_POINT('',(0.,2.));
#17540 = VECTOR('',#17541,1.);
#17541 = DIRECTION('',(1.,0.));
#17542 = ( GEOMETRIC_REPRESENTATION_CONTEXT(2) 
PARAMETRIC_REPRESENTATION_CONTEXT() REPRESENTATION_CONTEXT('2D SPACE',''
  ) );
#17543 = FACE_BOUND('',#17544,.T.);
#17544 = EDGE_LOOP('',(#17545));
#17545 = ORIENTED_EDGE('',*,*,#17427,.F.);
#17546 = ADVANCED_FACE('',(#17547,#17578),#17499,.F.);
#17547 = FACE_BOUND('',#17548,.F.);
#17548 = EDGE_LOOP('',(#17549));
#17549 = ORIENTED_EDGE('',*,*,#17550,.T.);
#17550 = EDGE_CURVE('',#17551,#17551,#17553,.T.);
#17551 = VERTEX_POINT('',#17552);
#17552 = CARTESIAN_POINT('',(70.,-64.,100.));
#17553 = SURFACE_CURVE('',#17554,(#17559,#17566),.PCURVE_S1.);
#17554 = CIRCLE('',#17555,10.);
#17555 = AXIS2_PLACEMENT_3D('',#17556,#17557,#17558);
#17556 = CARTESIAN_POINT('',(60.,-64.,100.));
#17557 = DIRECTION('',(0.,-1.,1.110223024625E-16));
#17558 = DIRECTION('',(1.,0.,0.));
#17559 = PCURVE('',#17499,#17560);
#17560 = DEFINITIONAL_REPRESENTATION('',(#17561),#17565);
#17561 = CIRCLE('',#17562,10.);
#17562 = AXIS2_PLACEMENT_2D('',#17563,#17564);
#17563 = CARTESIAN_POINT('',(0.,0.));
#17564 = DIRECTION('',(1.,0.));
#17565 = ( GEOMETRIC_REPRESENTATION_CONTEXT(2) 
PARAMETRIC_REPRESENTATION_CONTEXT() REPRESENTATION_CONTEXT('2D SPACE',''
  ) );
#17566 = PCURVE('',#17567,#17572);
#17567 = CYLINDRICAL_SURFACE('',#17568,10.);
#17568 = AXIS2_PLACEMENT_3D('',#17569,#17570,#17571);
#17569 = CARTESIAN_POINT('',(60.,-64.,100.));
#17570 = DIRECTION('',(0.,-1.,1.110223024625E-16));
#17571 = DIRECTION('',(1.,0.,0.));
#17572 = DEFINITIONAL_REPRESENTATION('',(#17573),#17577);
#17573 = LINE('',#17574,#17575);
#17574 = CARTESIAN_POINT('',(0.,0.));
#17575 = VECTOR('',#17576,1.);
#17576 = DIRECTION('',(1.,0.));
#17577 = ( GEOMETRIC_REPRESENTATION_CONTEXT(2) 
PARAMETRIC_REPRESENTATION_CONTEXT() REPRESENTATION_CONTEXT('2D SPACE',''
  ) );
#17578 = FACE_BOUND('',#17579,.F.);
#17579 = EDGE_LOOP('',(#17580));
#17580 = ORIENTED_EDGE('',*,*,#17484,.F.);
#17581 = ADVANCED_FACE('',(#17582),#17532,.T.);
#17582 = FACE_BOUND('',#17583,.T.);
#17583 = EDGE_LOOP('',(#17584,#17585,#17608,#17635));
#17584 = ORIENTED_EDGE('',*,*,#17515,.F.);
#17585 = ORIENTED_EDGE('',*,*,#17586,.F.);
#17586 = EDGE_CURVE('',#17587,#17516,#17589,.T.);
#17587 = VERTEX_POINT('',#17588);
#17588 = CARTESIAN_POINT('',(70.,-42.,100.));
#17589 = SEAM_CURVE('',#17590,(#17594,#17601),.PCURVE_S1.);
#17590 = LINE('',#17591,#17592);
#17591 = CARTESIAN_POINT('',(70.,-42.,100.));
#17592 = VECTOR('',#17593,1.);
#17593 = DIRECTION('',(0.,-1.,1.110223024625E-16));
#17594 = PCURVE('',#17532,#17595);
#17595 = DEFINITIONAL_REPRESENTATION('',(#17596),#17600);
#17596 = LINE('',#17597,#17598);
#17597 = CARTESIAN_POINT('',(6.28318530718,-0.));
#17598 = VECTOR('',#17599,1.);
#17599 = DIRECTION('',(0.,1.));
#17600 = ( GEOMETRIC_REPRESENTATION_CONTEXT(2) 
PARAMETRIC_REPRESENTATION_CONTEXT() REPRESENTATION_CONTEXT('2D SPACE',''
  ) );
#17601 = PCURVE('',#17532,#17602);
#17602 = DEFINITIONAL_REPRESENTATION('',(#17603),#17607);
#17603 = LINE('',#17604,#17605);
#17604 = CARTESIAN_POINT('',(0.,-0.));
#17605 = VECTOR('',#17606,1.);
#17606 = DIRECTION('',(0.,1.));
#17607 = ( GEOMETRIC_REPRESENTATION_CONTEXT(2) 
PARAMETRIC_REPRESENTATION_CONTEXT() REPRESENTATION_CONTEXT('2D SPACE',''
  ) );
#17608 = ORIENTED_EDGE('',*,*,#17609,.T.);
#17609 = EDGE_CURVE('',#17587,#17587,#17610,.T.);
#17610 = SURFACE_CURVE('',#17611,(#17616,#17623),.PCURVE_S1.);
#17611 = CIRCLE('',#17612,10.);
#17612 = AXIS2_PLACEMENT_3D('',#17613,#17614,#17615);
#17613 = CARTESIAN_POINT('',(60.,-42.,100.));
#17614 = DIRECTION('',(0.,-1.,1.110223024625E-16));
#17615 = DIRECTION('',(1.,0.,0.));
#17616 = PCURVE('',#17532,#17617);
#17617 = DEFINITIONAL_REPRESENTATION('',(#17618),#17622);
#17618 = LINE('',#17619,#17620);
#17619 = CARTESIAN_POINT('',(0.,0.));
#17620 = VECTOR('',#17621,1.);
#17621 = DIRECTION('',(1.,0.));
#17622 = ( GEOMETRIC_REPRESENTATION_CONTEXT(2) 
PARAMETRIC_REPRESENTATION_CONTEXT() REPRESENTATION_CONTEXT('2D SPACE',''
  ) );
#17623 = PCURVE('',#17624,#17629);
#17624 = PLANE('',#17625);
#17625 = AXIS2_PLACEMENT_3D('',#17626,#17627,#17628);
#17626 = CARTESIAN_POINT('',(60.,-42.,100.));
#17627 = DIRECTION('',(0.,-1.,1.110223024625E-16));
#17628 = DIRECTION('',(1.,0.,0.));
#17629 = DEFINITIONAL_REPRESENTATION('',(#17630),#17634);
#17630 = CIRCLE('',#17631,10.);
#17631 = AXIS2_PLACEMENT_2D('',#17632,#17633);
#17632 = CARTESIAN_POINT('',(0.,0.));
#17633 = DIRECTION('',(1.,0.));
#17634 = ( GEOMETRIC_REPRESENTATION_CONTEXT(2) 
PARAMETRIC_REPRESENTATION_CONTEXT() REPRESENTATION_CONTEXT('2D SPACE',''
  ) );
#17635 = ORIENTED_EDGE('',*,*,#17586,.T.);
#17636 = ADVANCED_FACE('',(#17637),#17567,.T.);
#17637 = FACE_BOUND('',#17638,.T.);
#17638 = EDGE_LOOP('',(#17639,#17668,#17689,#17690));
#17639 = ORIENTED_EDGE('',*,*,#17640,.F.);
#17640 = EDGE_CURVE('',#17641,#17641,#17643,.T.);
#17641 = VERTEX_POINT('',#17642);
#17642 = CARTESIAN_POINT('',(70.,-66.,100.));
#17643 = SURFACE_CURVE('',#17644,(#17649,#17656),.PCURVE_S1.);
#17644 = CIRCLE('',#17645,10.);
#17645 = AXIS2_PLACEMENT_3D('',#17646,#17647,#17648);
#17646 = CARTESIAN_POINT('',(60.,-66.,100.));
#17647 = DIRECTION('',(0.,-1.,1.110223024625E-16));
#17648 = DIRECTION('',(1.,0.,0.));
#17649 = PCURVE('',#17567,#17650);
#17650 = DEFINITIONAL_REPRESENTATION('',(#17651),#17655);
#17651 = LINE('',#17652,#17653);
#17652 = CARTESIAN_POINT('',(0.,2.));
#17653 = VECTOR('',#17654,1.);
#17654 = DIRECTION('',(1.,0.));
#17655 = ( GEOMETRIC_REPRESENTATION_CONTEXT(2) 
PARAMETRIC_REPRESENTATION_CONTEXT() REPRESENTATION_CONTEXT('2D SPACE',''
  ) );
#17656 = PCURVE('',#17657,#17662);
#17657 = PLANE('',#17658);
#17658 = AXIS2_PLACEMENT_3D('',#17659,#17660,#17661);
#17659 = CARTESIAN_POINT('',(60.,-66.,100.));
#17660 = DIRECTION('',(0.,-1.,1.110223024625E-16));
#17661 = DIRECTION('',(1.,0.,0.));
#17662 = DEFINITIONAL_REPRESENTATION('',(#17663),#17667);
#17663 = CIRCLE('',#17664,10.);
#17664 = AXIS2_PLACEMENT_2D('',#17665,#17666);
#17665 = CARTESIAN_POINT('',(0.,0.));
#17666 = DIRECTION('',(1.,0.));
#17667 = ( GEOMETRIC_REPRESENTATION_CONTEXT(2) 
PARAMETRIC_REPRESENTATION_CONTEXT() REPRESENTATION_CONTEXT('2D SPACE',''
  ) );
#17668 = ORIENTED_EDGE('',*,*,#17669,.F.);
#17669 = EDGE_CURVE('',#17551,#17641,#17670,.T.);
#17670 = SEAM_CURVE('',#17671,(#17675,#17682),.PCURVE_S1.);
#17671 = LINE('',#17672,#17673);
#17672 = CARTESIAN_POINT('',(70.,-64.,100.));
#17673 = VECTOR('',#17674,1.);
#17674 = DIRECTION('',(0.,-1.,1.110223024625E-16));
#17675 = PCURVE('',#17567,#17676);
#17676 = DEFINITIONAL_REPRESENTATION('',(#17677),#17681);
#17677 = LINE('',#17678,#17679);
#17678 = CARTESIAN_POINT('',(6.28318530718,-0.));
#17679 = VECTOR('',#17680,1.);
#17680 = DIRECTION('',(0.,1.));
#17681 = ( GEOMETRIC_REPRESENTATION_CONTEXT(2) 
PARAMETRIC_REPRESENTATION_CONTEXT() REPRESENTATION_CONTEXT('2D SPACE',''
  ) );
#17682 = PCURVE('',#17567,#17683);
#17683 = DEFINITIONAL_REPRESENTATION('',(#17684),#17688);
#17684 = LINE('',#17685,#17686);
#17685 = CARTESIAN_POINT('',(0.,-0.));
#17686 = VECTOR('',#17687,1.);
#17687 = DIRECTION('',(0.,1.));
#17688 = ( GEOMETRIC_REPRESENTATION_CONTEXT(2) 
PARAMETRIC_REPRESENTATION_CONTEXT() REPRESENTATION_CONTEXT('2D SPACE',''
  ) );
#17689 = ORIENTED_EDGE('',*,*,#17550,.T.);
#17690 = ORIENTED_EDGE('',*,*,#17669,.T.);
#17691 = ADVANCED_FACE('',(#17692,#17695),#17624,.F.);
#17692 = FACE_BOUND('',#17693,.F.);
#17693 = EDGE_LOOP('',(#17694));
#17694 = ORIENTED_EDGE('',*,*,#17609,.T.);
#17695 = FACE_BOUND('',#17696,.F.);
#17696 = EDGE_LOOP('',(#17697));
#17697 = ORIENTED_EDGE('',*,*,#17698,.F.);
#17698 = EDGE_CURVE('',#17699,#17699,#17701,.T.);
#17699 = VERTEX_POINT('',#17700);
#17700 = CARTESIAN_POINT('',(62.7,-42.,100.));
#17701 = SURFACE_CURVE('',#17702,(#17707,#17714),.PCURVE_S1.);
#17702 = CIRCLE('',#17703,2.7);
#17703 = AXIS2_PLACEMENT_3D('',#17704,#17705,#17706);
#17704 = CARTESIAN_POINT('',(60.,-42.,100.));
#17705 = DIRECTION('',(0.,-1.,1.110223024625E-16));
#17706 = DIRECTION('',(1.,0.,0.));
#17707 = PCURVE('',#17624,#17708);
#17708 = DEFINITIONAL_REPRESENTATION('',(#17709),#17713);
#17709 = CIRCLE('',#17710,2.7);
#17710 = AXIS2_PLACEMENT_2D('',#17711,#17712);
#17711 = CARTESIAN_POINT('',(0.,0.));
#17712 = DIRECTION('',(1.,0.));
#17713 = ( GEOMETRIC_REPRESENTATION_CONTEXT(2) 
PARAMETRIC_REPRESENTATION_CONTEXT() REPRESENTATION_CONTEXT('2D SPACE',''
  ) );
#17714 = PCURVE('',#17715,#17720);
#17715 = CYLINDRICAL_SURFACE('',#17716,2.7);
#17716 = AXIS2_PLACEMENT_3D('',#17717,#17718,#17719);
#17717 = CARTESIAN_POINT('',(60.,-41.,100.));
#17718 = DIRECTION('',(0.,-1.,1.110223024625E-16));
#17719 = DIRECTION('',(1.,0.,0.));
#17720 = DEFINITIONAL_REPRESENTATION('',(#17721),#17725);
#17721 = LINE('',#17722,#17723);
#17722 = CARTESIAN_POINT('',(0.,1.));
#17723 = VECTOR('',#17724,1.);
#17724 = DIRECTION('',(1.,0.));
#17725 = ( GEOMETRIC_REPRESENTATION_CONTEXT(2) 
PARAMETRIC_REPRESENTATION_CONTEXT() REPRESENTATION_CONTEXT('2D SPACE',''
  ) );
#17726 = ADVANCED_FACE('',(#17727,#17730),#17657,.T.);
#17727 = FACE_BOUND('',#17728,.T.);
#17728 = EDGE_LOOP('',(#17729));
#17729 = ORIENTED_EDGE('',*,*,#17640,.T.);
#17730 = FACE_BOUND('',#17731,.T.);
#17731 = EDGE_LOOP('',(#17732));
#17732 = ORIENTED_EDGE('',*,*,#17733,.F.);
#17733 = EDGE_CURVE('',#17734,#17734,#17736,.T.);
#17734 = VERTEX_POINT('',#17735);
#17735 = CARTESIAN_POINT('',(62.7,-66.,100.));
#17736 = SURFACE_CURVE('',#17737,(#17742,#17749),.PCURVE_S1.);
#17737 = CIRCLE('',#17738,2.7);
#17738 = AXIS2_PLACEMENT_3D('',#17739,#17740,#17741);
#17739 = CARTESIAN_POINT('',(60.,-66.,100.));
#17740 = DIRECTION('',(0.,-1.,1.110223024625E-16));
#17741 = DIRECTION('',(1.,0.,0.));
#17742 = PCURVE('',#17657,#17743);
#17743 = DEFINITIONAL_REPRESENTATION('',(#17744),#17748);
#17744 = CIRCLE('',#17745,2.7);
#17745 = AXIS2_PLACEMENT_2D('',#17746,#17747);
#17746 = CARTESIAN_POINT('',(0.,0.));
#17747 = DIRECTION('',(1.,0.));
#17748 = ( GEOMETRIC_REPRESENTATION_CONTEXT(2) 
PARAMETRIC_REPRESENTATION_CONTEXT() REPRESENTATION_CONTEXT('2D SPACE',''
  ) );
#17749 = PCURVE('',#17715,#17750);
#17750 = DEFINITIONAL_REPRESENTATION('',(#17751),#17755);
#17751 = LINE('',#17752,#17753);
#17752 = CARTESIAN_POINT('',(0.,25.));
#17753 = VECTOR('',#17754,1.);
#17754 = DIRECTION('',(1.,0.));
#17755 = ( GEOMETRIC_REPRESENTATION_CONTEXT(2) 
PARAMETRIC_REPRESENTATION_CONTEXT() REPRESENTATION_CONTEXT('2D SPACE',''
  ) );
#17756 = ADVANCED_FACE('',(#17757),#17715,.F.);
#17757 = FACE_BOUND('',#17758,.F.);
#17758 = EDGE_LOOP('',(#17759,#17760,#17781,#17782));
#17759 = ORIENTED_EDGE('',*,*,#17733,.F.);
#17760 = ORIENTED_EDGE('',*,*,#17761,.F.);
#17761 = EDGE_CURVE('',#17699,#17734,#17762,.T.);
#17762 = SEAM_CURVE('',#17763,(#17767,#17774),.PCURVE_S1.);
#17763 = LINE('',#17764,#17765);
#17764 = CARTESIAN_POINT('',(62.7,-41.,100.));
#17765 = VECTOR('',#17766,1.);
#17766 = DIRECTION('',(0.,-1.,1.110223024625E-16));
#17767 = PCURVE('',#17715,#17768);
#17768 = DEFINITIONAL_REPRESENTATION('',(#17769),#17773);
#17769 = LINE('',#17770,#17771);
#17770 = CARTESIAN_POINT('',(6.28318530718,-0.));
#17771 = VECTOR('',#17772,1.);
#17772 = DIRECTION('',(0.,1.));
#17773 = ( GEOMETRIC_REPRESENTATION_CONTEXT(2) 
PARAMETRIC_REPRESENTATION_CONTEXT() REPRESENTATION_CONTEXT('2D SPACE',''
  ) );
#17774 = PCURVE('',#17715,#17775);
#17775 = DEFINITIONAL_REPRESENTATION('',(#17776),#17780);
#17776 = LINE('',#17777,#17778);
#17777 = CARTESIAN_POINT('',(0.,-0.));
#17778 = VECTOR('',#17779,1.);
#17779 = DIRECTION('',(0.,1.));
#17780 = ( GEOMETRIC_REPRESENTATION_CONTEXT(2) 
PARAMETRIC_REPRESENTATION_CONTEXT() REPRESENTATION_CONTEXT('2D SPACE',''
  ) );
#17781 = ORIENTED_EDGE('',*,*,#17698,.T.);
#17782 = ORIENTED_EDGE('',*,*,#17761,.T.);
#17783 = ( GEOMETRIC_REPRESENTATION_CONTEXT(3) 
GLOBAL_UNCERTAINTY_ASSIGNED_CONTEXT((#17787)) 
GLOBAL_UNIT_ASSIGNED_CONTEXT((#17784,#17785,#17786)) 
REPRESENTATION_CONTEXT('Context #1',
  '3D Context with UNIT and UNCERTAINTY') );
#17784 = ( LENGTH_UNIT() NAMED_UNIT(*) SI_UNIT(.MILLI.,.METRE.) );
#17785 = ( NAMED_UNIT(*) PLANE_ANGLE_UNIT() SI_UNIT($,.RADIAN.) );
#17786 = ( NAMED_UNIT(*) SI_UNIT($,.STERADIAN.) SOLID_ANGLE_UNIT() );
#17787 = UNCERTAINTY_MEASURE_WITH_UNIT(LENGTH_MEASURE(1.E-07),#17784,
  'distance_accuracy_value','confusion accuracy');
#17788 = CONTEXT_DEPENDENT_SHAPE_REPRESENTATION(#17789,#17791);
#17789 = ( REPRESENTATION_RELATIONSHIP('','',#17420,#10) 
REPRESENTATION_RELATIONSHIP_WITH_TRANSFORMATION(#17790) 
SHAPE_REPRESENTATION_RELATIONSHIP() );
#17790 = ITEM_DEFINED_TRANSFORMATION('','',#11,#103);
#17791 = PRODUCT_DEFINITION_SHAPE('Placement','Placement of an item',
  #17792);
#17792 = NEXT_ASSEMBLY_USAGE_OCCURRENCE('23','rotating_grip','',#5,
  #17415,$);
#17793 = PRODUCT_RELATED_PRODUCT_CATEGORY('part',$,(#17417));
#17794 = SHAPE_DEFINITION_REPRESENTATION(#17795,#17801);
#17795 = PRODUCT_DEFINITION_SHAPE('','',#17796);
#17796 = PRODUCT_DEFINITION('design','',#17797,#17800);
#17797 = PRODUCT_DEFINITION_FORMATION('','',#17798);
#17798 = PRODUCT('M5_handle_bolt','M5_handle_bolt','',(#17799));
#17799 = PRODUCT_CONTEXT('',#2,'mechanical');
#17800 = PRODUCT_DEFINITION_CONTEXT('part definition',#2,'design');
#17801 = ADVANCED_BREP_SHAPE_REPRESENTATION('',(#11,#17802),#17900);
#17802 = MANIFOLD_SOLID_BREP('',#17803);
#17803 = CLOSED_SHELL('',(#17804,#17892,#17896));
#17804 = ADVANCED_FACE('',(#17805),#17818,.T.);
#17805 = FACE_BOUND('',#17806,.T.);
#17806 = EDGE_LOOP('',(#17807,#17841,#17864,#17891));
#17807 = ORIENTED_EDGE('',*,*,#17808,.F.);
#17808 = EDGE_CURVE('',#17809,#17809,#17811,.T.);
#17809 = VERTEX_POINT('',#17810);
#17810 = CARTESIAN_POINT('',(60.,-75.,97.5));
#17811 = SURFACE_CURVE('',#17812,(#17817,#17829),.PCURVE_S1.);
#17812 = CIRCLE('',#17813,2.5);
#17813 = AXIS2_PLACEMENT_3D('',#17814,#17815,#17816);
#17814 = CARTESIAN_POINT('',(60.,-75.,100.));
#17815 = DIRECTION('',(0.,-1.,0.));
#17816 = DIRECTION('',(0.,-0.,-1.));
#17817 = PCURVE('',#17818,#17823);
#17818 = CYLINDRICAL_SURFACE('',#17819,2.5);
#17819 = AXIS2_PLACEMENT_3D('',#17820,#17821,#17822);
#17820 = CARTESIAN_POINT('',(60.,-25.,100.));
#17821 = DIRECTION('',(0.,-1.,0.));
#17822 = DIRECTION('',(0.,-0.,-1.));
#17823 = DEFINITIONAL_REPRESENTATION('',(#17824),#17828);
#17824 = LINE('',#17825,#17826);
#17825 = CARTESIAN_POINT('',(0.,50.));
#17826 = VECTOR('',#17827,1.);
#17827 = DIRECTION('',(1.,0.));
#17828 = ( GEOMETRIC_REPRESENTATION_CONTEXT(2) 
PARAMETRIC_REPRESENTATION_CONTEXT() REPRESENTATION_CONTEXT('2D SPACE',''
  ) );
#17829 = PCURVE('',#17830,#17835);
#17830 = PLANE('',#17831);
#17831 = AXIS2_PLACEMENT_3D('',#17832,#17833,#17834);
#17832 = CARTESIAN_POINT('',(60.,-75.,100.));
#17833 = DIRECTION('',(0.,-1.,0.));
#17834 = DIRECTION('',(0.,-0.,-1.));
#17835 = DEFINITIONAL_REPRESENTATION('',(#17836),#17840);
#17836 = CIRCLE('',#17837,2.5);
#17837 = AXIS2_PLACEMENT_2D('',#17838,#17839);
#17838 = CARTESIAN_POINT('',(0.,0.));
#17839 = DIRECTION('',(1.,0.));
#17840 = ( GEOMETRIC_REPRESENTATION_CONTEXT(2) 
PARAMETRIC_REPRESENTATION_CONTEXT() REPRESENTATION_CONTEXT('2D SPACE',''
  ) );
#17841 = ORIENTED_EDGE('',*,*,#17842,.F.);
#17842 = EDGE_CURVE('',#17843,#17809,#17845,.T.);
#17843 = VERTEX_POINT('',#17844);
#17844 = CARTESIAN_POINT('',(60.,-25.,97.5));
#17845 = SEAM_CURVE('',#17846,(#17850,#17857),.PCURVE_S1.);
#17846 = LINE('',#17847,#17848);
#17847 = CARTESIAN_POINT('',(60.,-25.,97.5));
#17848 = VECTOR('',#17849,1.);
#17849 = DIRECTION('',(0.,-1.,0.));
#17850 = PCURVE('',#17818,#17851);
#17851 = DEFINITIONAL_REPRESENTATION('',(#17852),#17856);
#17852 = LINE('',#17853,#17854);
#17853 = CARTESIAN_POINT('',(6.28318530718,-0.));
#17854 = VECTOR('',#17855,1.);
#17855 = DIRECTION('',(0.,1.));
#17856 = ( GEOMETRIC_REPRESENTATION_CONTEXT(2) 
PARAMETRIC_REPRESENTATION_CONTEXT() REPRESENTATION_CONTEXT('2D SPACE',''
  ) );
#17857 = PCURVE('',#17818,#17858);
#17858 = DEFINITIONAL_REPRESENTATION('',(#17859),#17863);
#17859 = LINE('',#17860,#17861);
#17860 = CARTESIAN_POINT('',(0.,-0.));
#17861 = VECTOR('',#17862,1.);
#17862 = DIRECTION('',(0.,1.));
#17863 = ( GEOMETRIC_REPRESENTATION_CONTEXT(2) 
PARAMETRIC_REPRESENTATION_CONTEXT() REPRESENTATION_CONTEXT('2D SPACE',''
  ) );
#17864 = ORIENTED_EDGE('',*,*,#17865,.T.);
#17865 = EDGE_CURVE('',#17843,#17843,#17866,.T.);
#17866 = SURFACE_CURVE('',#17867,(#17872,#17879),.PCURVE_S1.);
#17867 = CIRCLE('',#17868,2.5);
#17868 = AXIS2_PLACEMENT_3D('',#17869,#17870,#17871);
#17869 = CARTESIAN_POINT('',(60.,-25.,100.));
#17870 = DIRECTION('',(0.,-1.,0.));
#17871 = DIRECTION('',(0.,-0.,-1.));
#17872 = PCURVE('',#17818,#17873);
#17873 = DEFINITIONAL_REPRESENTATION('',(#17874),#17878);
#17874 = LINE('',#17875,#17876);
#17875 = CARTESIAN_POINT('',(0.,0.));
#17876 = VECTOR('',#17877,1.);
#17877 = DIRECTION('',(1.,0.));
#17878 = ( GEOMETRIC_REPRESENTATION_CONTEXT(2) 
PARAMETRIC_REPRESENTATION_CONTEXT() REPRESENTATION_CONTEXT('2D SPACE',''
  ) );
#17879 = PCURVE('',#17880,#17885);
#17880 = PLANE('',#17881);
#17881 = AXIS2_PLACEMENT_3D('',#17882,#17883,#17884);
#17882 = CARTESIAN_POINT('',(60.,-25.,100.));
#17883 = DIRECTION('',(0.,-1.,0.));
#17884 = DIRECTION('',(0.,-0.,-1.));
#17885 = DEFINITIONAL_REPRESENTATION('',(#17886),#17890);
#17886 = CIRCLE('',#17887,2.5);
#17887 = AXIS2_PLACEMENT_2D('',#17888,#17889);
#17888 = CARTESIAN_POINT('',(0.,0.));
#17889 = DIRECTION('',(1.,0.));
#17890 = ( GEOMETRIC_REPRESENTATION_CONTEXT(2) 
PARAMETRIC_REPRESENTATION_CONTEXT() REPRESENTATION_CONTEXT('2D SPACE',''
  ) );
#17891 = ORIENTED_EDGE('',*,*,#17842,.T.);
#17892 = ADVANCED_FACE('',(#17893),#17830,.T.);
#17893 = FACE_BOUND('',#17894,.T.);
#17894 = EDGE_LOOP('',(#17895));
#17895 = ORIENTED_EDGE('',*,*,#17808,.T.);
#17896 = ADVANCED_FACE('',(#17897),#17880,.F.);
#17897 = FACE_BOUND('',#17898,.T.);
#17898 = EDGE_LOOP('',(#17899));
#17899 = ORIENTED_EDGE('',*,*,#17865,.F.);
#17900 = ( GEOMETRIC_REPRESENTATION_CONTEXT(3) 
GLOBAL_UNCERTAINTY_ASSIGNED_CONTEXT((#17904)) 
GLOBAL_UNIT_ASSIGNED_CONTEXT((#17901,#17902,#17903)) 
REPRESENTATION_CONTEXT('Context #1',
  '3D Context with UNIT and UNCERTAINTY') );
#17901 = ( LENGTH_UNIT() NAMED_UNIT(*) SI_UNIT(.MILLI.,.METRE.) );
#17902 = ( NAMED_UNIT(*) PLANE_ANGLE_UNIT() SI_UNIT($,.RADIAN.) );
#17903 = ( NAMED_UNIT(*) SI_UNIT($,.STERADIAN.) SOLID_ANGLE_UNIT() );
#17904 = UNCERTAINTY_MEASURE_WITH_UNIT(LENGTH_MEASURE(1.E-07),#17901,
  'distance_accuracy_value','confusion accuracy');
#17905 = CONTEXT_DEPENDENT_SHAPE_REPRESENTATION(#17906,#17908);
#17906 = ( REPRESENTATION_RELATIONSHIP('','',#17801,#10) 
REPRESENTATION_RELATIONSHIP_WITH_TRANSFORMATION(#17907) 
SHAPE_REPRESENTATION_RELATIONSHIP() );
#17907 = ITEM_DEFINED_TRANSFORMATION('','',#11,#107);
#17908 = PRODUCT_DEFINITION_SHAPE('Placement','Placement of an item',
  #17909);
#17909 = NEXT_ASSEMBLY_USAGE_OCCURRENCE('24','M5_handle_bolt','',#5,
  #17796,$);
#17910 = PRODUCT_RELATED_PRODUCT_CATEGORY('part',$,(#17798));
#17911 = SHAPE_DEFINITION_REPRESENTATION(#17912,#17918);
#17912 = PRODUCT_DEFINITION_SHAPE('','',#17913);
#17913 = PRODUCT_DEFINITION('design','',#17914,#17917);
#17914 = PRODUCT_DEFINITION_FORMATION('','',#17915);
#17915 = PRODUCT('locating_bearing_spacer_0','locating_bearing_spacer_0'
  ,'',(#17916));
#17916 = PRODUCT_CONTEXT('',#2,'mechanical');
#17917 = PRODUCT_DEFINITION_CONTEXT('part definition',#2,'design');
#17918 = ADVANCED_BREP_SHAPE_REPRESENTATION('',(#11,#17919),#18101);
#17919 = MANIFOLD_SOLID_BREP('',#17920);
#17920 = CLOSED_SHELL('',(#17921,#18009,#18044,#18074));
#17921 = ADVANCED_FACE('',(#17922),#17935,.T.);
#17922 = FACE_BOUND('',#17923,.T.);
#17923 = EDGE_LOOP('',(#17924,#17958,#17981,#18008));
#17924 = ORIENTED_EDGE('',*,*,#17925,.F.);
#17925 = EDGE_CURVE('',#17926,#17926,#17928,.T.);
#17926 = VERTEX_POINT('',#17927);
#17927 = CARTESIAN_POINT('',(6.,6.5,100.));
#17928 = SURFACE_CURVE('',#17929,(#17934,#17946),.PCURVE_S1.);
#17929 = CIRCLE('',#17930,6.);
#17930 = AXIS2_PLACEMENT_3D('',#17931,#17932,#17933);
#17931 = CARTESIAN_POINT('',(0.,6.5,100.));
#17932 = DIRECTION('',(-0.,1.,1.110223024625E-16));
#17933 = DIRECTION('',(1.,0.,0.));
#17934 = PCURVE('',#17935,#17940);
#17935 = CYLINDRICAL_SURFACE('',#17936,6.);
#17936 = AXIS2_PLACEMENT_3D('',#17937,#17938,#17939);
#17937 = CARTESIAN_POINT('',(0.,3.5,100.));
#17938 = DIRECTION('',(0.,1.,1.110223024625E-16));
#17939 = DIRECTION('',(1.,0.,0.));
#17940 = DEFINITIONAL_REPRESENTATION('',(#17941),#17945);
#17941 = LINE('',#17942,#17943);
#17942 = CARTESIAN_POINT('',(0.,3.));
#17943 = VECTOR('',#17944,1.);
#17944 = DIRECTION('',(1.,0.));
#17945 = ( GEOMETRIC_REPRESENTATION_CONTEXT(2) 
PARAMETRIC_REPRESENTATION_CONTEXT() REPRESENTATION_CONTEXT('2D SPACE',''
  ) );
#17946 = PCURVE('',#17947,#17952);
#17947 = PLANE('',#17948);
#17948 = AXIS2_PLACEMENT_3D('',#17949,#17950,#17951);
#17949 = CARTESIAN_POINT('',(0.,6.5,100.));
#17950 = DIRECTION('',(0.,1.,1.110223024625E-16));
#17951 = DIRECTION('',(1.,0.,0.));
#17952 = DEFINITIONAL_REPRESENTATION('',(#17953),#17957);
#17953 = CIRCLE('',#17954,6.);
#17954 = AXIS2_PLACEMENT_2D('',#17955,#17956);
#17955 = CARTESIAN_POINT('',(0.,0.));
#17956 = DIRECTION('',(1.,0.));
#17957 = ( GEOMETRIC_REPRESENTATION_CONTEXT(2) 
PARAMETRIC_REPRESENTATION_CONTEXT() REPRESENTATION_CONTEXT('2D SPACE',''
  ) );
#17958 = ORIENTED_EDGE('',*,*,#17959,.F.);
#17959 = EDGE_CURVE('',#17960,#17926,#17962,.T.);
#17960 = VERTEX_POINT('',#17961);
#17961 = CARTESIAN_POINT('',(6.,3.5,100.));
#17962 = SEAM_CURVE('',#17963,(#17967,#17974),.PCURVE_S1.);
#17963 = LINE('',#17964,#17965);
#17964 = CARTESIAN_POINT('',(6.,3.5,100.));
#17965 = VECTOR('',#17966,1.);
#17966 = DIRECTION('',(0.,1.,1.110223024625E-16));
#17967 = PCURVE('',#17935,#17968);
#17968 = DEFINITIONAL_REPRESENTATION('',(#17969),#17973);
#17969 = LINE('',#17970,#17971);
#17970 = CARTESIAN_POINT('',(6.28318530718,-0.));
#17971 = VECTOR('',#17972,1.);
#17972 = DIRECTION('',(0.,1.));
#17973 = ( GEOMETRIC_REPRESENTATION_CONTEXT(2) 
PARAMETRIC_REPRESENTATION_CONTEXT() REPRESENTATION_CONTEXT('2D SPACE',''
  ) );
#17974 = PCURVE('',#17935,#17975);
#17975 = DEFINITIONAL_REPRESENTATION('',(#17976),#17980);
#17976 = LINE('',#17977,#17978);
#17977 = CARTESIAN_POINT('',(0.,-0.));
#17978 = VECTOR('',#17979,1.);
#17979 = DIRECTION('',(0.,1.));
#17980 = ( GEOMETRIC_REPRESENTATION_CONTEXT(2) 
PARAMETRIC_REPRESENTATION_CONTEXT() REPRESENTATION_CONTEXT('2D SPACE',''
  ) );
#17981 = ORIENTED_EDGE('',*,*,#17982,.T.);
#17982 = EDGE_CURVE('',#17960,#17960,#17983,.T.);
#17983 = SURFACE_CURVE('',#17984,(#17989,#17996),.PCURVE_S1.);
#17984 = CIRCLE('',#17985,6.);
#17985 = AXIS2_PLACEMENT_3D('',#17986,#17987,#17988);
#17986 = CARTESIAN_POINT('',(0.,3.5,100.));
#17987 = DIRECTION('',(-0.,1.,1.110223024625E-16));
#17988 = DIRECTION('',(1.,0.,0.));
#17989 = PCURVE('',#17935,#17990);
#17990 = DEFINITIONAL_REPRESENTATION('',(#17991),#17995);
#17991 = LINE('',#17992,#17993);
#17992 = CARTESIAN_POINT('',(0.,0.));
#17993 = VECTOR('',#17994,1.);
#17994 = DIRECTION('',(1.,0.));
#17995 = ( GEOMETRIC_REPRESENTATION_CONTEXT(2) 
PARAMETRIC_REPRESENTATION_CONTEXT() REPRESENTATION_CONTEXT('2D SPACE',''
  ) );
#17996 = PCURVE('',#17997,#18002);
#17997 = PLANE('',#17998);
#17998 = AXIS2_PLACEMENT_3D('',#17999,#18000,#18001);
#17999 = CARTESIAN_POINT('',(0.,3.5,100.));
#18000 = DIRECTION('',(0.,1.,1.110223024625E-16));
#18001 = DIRECTION('',(1.,0.,0.));
#18002 = DEFINITIONAL_REPRESENTATION('',(#18003),#18007);
#18003 = CIRCLE('',#18004,6.);
#18004 = AXIS2_PLACEMENT_2D('',#18005,#18006);
#18005 = CARTESIAN_POINT('',(0.,0.));
#18006 = DIRECTION('',(1.,0.));
#18007 = ( GEOMETRIC_REPRESENTATION_CONTEXT(2) 
PARAMETRIC_REPRESENTATION_CONTEXT() REPRESENTATION_CONTEXT('2D SPACE',''
  ) );
#18008 = ORIENTED_EDGE('',*,*,#17959,.T.);
#18009 = ADVANCED_FACE('',(#18010,#18013),#17947,.T.);
#18010 = FACE_BOUND('',#18011,.T.);
#18011 = EDGE_LOOP('',(#18012));
#18012 = ORIENTED_EDGE('',*,*,#17925,.T.);
#18013 = FACE_BOUND('',#18014,.T.);
#18014 = EDGE_LOOP('',(#18015));
#18015 = ORIENTED_EDGE('',*,*,#18016,.F.);
#18016 = EDGE_CURVE('',#18017,#18017,#18019,.T.);
#18017 = VERTEX_POINT('',#18018);
#18018 = CARTESIAN_POINT('',(4.25,6.5,100.));
#18019 = SURFACE_CURVE('',#18020,(#18025,#18032),.PCURVE_S1.);
#18020 = CIRCLE('',#18021,4.25);
#18021 = AXIS2_PLACEMENT_3D('',#18022,#18023,#18024);
#18022 = CARTESIAN_POINT('',(0.,6.5,100.));
#18023 = DIRECTION('',(-0.,1.,1.110223024625E-16));
#18024 = DIRECTION('',(1.,0.,0.));
#18025 = PCURVE('',#17947,#18026);
#18026 = DEFINITIONAL_REPRESENTATION('',(#18027),#18031);
#18027 = CIRCLE('',#18028,4.25);
#18028 = AXIS2_PLACEMENT_2D('',#18029,#18030);
#18029 = CARTESIAN_POINT('',(0.,0.));
#18030 = DIRECTION('',(1.,0.));
#18031 = ( GEOMETRIC_REPRESENTATION_CONTEXT(2) 
PARAMETRIC_REPRESENTATION_CONTEXT() REPRESENTATION_CONTEXT('2D SPACE',''
  ) );
#18032 = PCURVE('',#18033,#18038);
#18033 = CYLINDRICAL_SURFACE('',#18034,4.25);
#18034 = AXIS2_PLACEMENT_3D('',#18035,#18036,#18037);
#18035 = CARTESIAN_POINT('',(0.,2.5,100.));
#18036 = DIRECTION('',(0.,1.,1.110223024625E-16));
#18037 = DIRECTION('',(1.,0.,0.));
#18038 = DEFINITIONAL_REPRESENTATION('',(#18039),#18043);
#18039 = LINE('',#18040,#18041);
#18040 = CARTESIAN_POINT('',(0.,4.));
#18041 = VECTOR('',#18042,1.);
#18042 = DIRECTION('',(1.,0.));
#18043 = ( GEOMETRIC_REPRESENTATION_CONTEXT(2) 
PARAMETRIC_REPRESENTATION_CONTEXT() REPRESENTATION_CONTEXT('2D SPACE',''
  ) );
#18044 = ADVANCED_FACE('',(#18045,#18048),#17997,.F.);
#18045 = FACE_BOUND('',#18046,.F.);
#18046 = EDGE_LOOP('',(#18047));
#18047 = ORIENTED_EDGE('',*,*,#17982,.T.);
#18048 = FACE_BOUND('',#18049,.F.);
#18049 = EDGE_LOOP('',(#18050));
#18050 = ORIENTED_EDGE('',*,*,#18051,.F.);
#18051 = EDGE_CURVE('',#18052,#18052,#18054,.T.);
#18052 = VERTEX_POINT('',#18053);
#18053 = CARTESIAN_POINT('',(4.25,3.5,100.));
#18054 = SURFACE_CURVE('',#18055,(#18060,#18067),.PCURVE_S1.);
#18055 = CIRCLE('',#18056,4.25);
#18056 = AXIS2_PLACEMENT_3D('',#18057,#18058,#18059);
#18057 = CARTESIAN_POINT('',(0.,3.5,100.));
#18058 = DIRECTION('',(-0.,1.,1.110223024625E-16));
#18059 = DIRECTION('',(1.,0.,0.));
#18060 = PCURVE('',#17997,#18061);
#18061 = DEFINITIONAL_REPRESENTATION('',(#18062),#18066);
#18062 = CIRCLE('',#18063,4.25);
#18063 = AXIS2_PLACEMENT_2D('',#18064,#18065);
#18064 = CARTESIAN_POINT('',(0.,0.));
#18065 = DIRECTION('',(1.,0.));
#18066 = ( GEOMETRIC_REPRESENTATION_CONTEXT(2) 
PARAMETRIC_REPRESENTATION_CONTEXT() REPRESENTATION_CONTEXT('2D SPACE',''
  ) );
#18067 = PCURVE('',#18033,#18068);
#18068 = DEFINITIONAL_REPRESENTATION('',(#18069),#18073);
#18069 = LINE('',#18070,#18071);
#18070 = CARTESIAN_POINT('',(0.,1.));
#18071 = VECTOR('',#18072,1.);
#18072 = DIRECTION('',(1.,0.));
#18073 = ( GEOMETRIC_REPRESENTATION_CONTEXT(2) 
PARAMETRIC_REPRESENTATION_CONTEXT() REPRESENTATION_CONTEXT('2D SPACE',''
  ) );
#18074 = ADVANCED_FACE('',(#18075),#18033,.F.);
#18075 = FACE_BOUND('',#18076,.F.);
#18076 = EDGE_LOOP('',(#18077,#18078,#18099,#18100));
#18077 = ORIENTED_EDGE('',*,*,#18016,.F.);
#18078 = ORIENTED_EDGE('',*,*,#18079,.F.);
#18079 = EDGE_CURVE('',#18052,#18017,#18080,.T.);
#18080 = SEAM_CURVE('',#18081,(#18085,#18092),.PCURVE_S1.);
#18081 = LINE('',#18082,#18083);
#18082 = CARTESIAN_POINT('',(4.25,2.5,100.));
#18083 = VECTOR('',#18084,1.);
#18084 = DIRECTION('',(0.,1.,1.110223024625E-16));
#18085 = PCURVE('',#18033,#18086);
#18086 = DEFINITIONAL_REPRESENTATION('',(#18087),#18091);
#18087 = LINE('',#18088,#18089);
#18088 = CARTESIAN_POINT('',(6.28318530718,-0.));
#18089 = VECTOR('',#18090,1.);
#18090 = DIRECTION('',(0.,1.));
#18091 = ( GEOMETRIC_REPRESENTATION_CONTEXT(2) 
PARAMETRIC_REPRESENTATION_CONTEXT() REPRESENTATION_CONTEXT('2D SPACE',''
  ) );
#18092 = PCURVE('',#18033,#18093);
#18093 = DEFINITIONAL_REPRESENTATION('',(#18094),#18098);
#18094 = LINE('',#18095,#18096);
#18095 = CARTESIAN_POINT('',(0.,-0.));
#18096 = VECTOR('',#18097,1.);
#18097 = DIRECTION('',(0.,1.));
#18098 = ( GEOMETRIC_REPRESENTATION_CONTEXT(2) 
PARAMETRIC_REPRESENTATION_CONTEXT() REPRESENTATION_CONTEXT('2D SPACE',''
  ) );
#18099 = ORIENTED_EDGE('',*,*,#18051,.T.);
#18100 = ORIENTED_EDGE('',*,*,#18079,.T.);
#18101 = ( GEOMETRIC_REPRESENTATION_CONTEXT(3) 
GLOBAL_UNCERTAINTY_ASSIGNED_CONTEXT((#18105)) 
GLOBAL_UNIT_ASSIGNED_CONTEXT((#18102,#18103,#18104)) 
REPRESENTATION_CONTEXT('Context #1',
  '3D Context with UNIT and UNCERTAINTY') );
#18102 = ( LENGTH_UNIT() NAMED_UNIT(*) SI_UNIT(.MILLI.,.METRE.) );
#18103 = ( NAMED_UNIT(*) PLANE_ANGLE_UNIT() SI_UNIT($,.RADIAN.) );
#18104 = ( NAMED_UNIT(*) SI_UNIT($,.STERADIAN.) SOLID_ANGLE_UNIT() );
#18105 = UNCERTAINTY_MEASURE_WITH_UNIT(LENGTH_MEASURE(1.E-07),#18102,
  'distance_accuracy_value','confusion accuracy');
#18106 = CONTEXT_DEPENDENT_SHAPE_REPRESENTATION(#18107,#18109);
#18107 = ( REPRESENTATION_RELATIONSHIP('','',#17918,#10) 
REPRESENTATION_RELATIONSHIP_WITH_TRANSFORMATION(#18108) 
SHAPE_REPRESENTATION_RELATIONSHIP() );
#18108 = ITEM_DEFINED_TRANSFORMATION('','',#11,#111);
#18109 = PRODUCT_DEFINITION_SHAPE('Placement','Placement of an item',
  #18110);
#18110 = NEXT_ASSEMBLY_USAGE_OCCURRENCE('25','locating_bearing_spacer_0'
  ,'',#5,#17913,$);
#18111 = PRODUCT_RELATED_PRODUCT_CATEGORY('part',$,(#17915));
#18112 = SHAPE_DEFINITION_REPRESENTATION(#18113,#18119);
#18113 = PRODUCT_DEFINITION_SHAPE('','',#18114);
#18114 = PRODUCT_DEFINITION('design','',#18115,#18118);
#18115 = PRODUCT_DEFINITION_FORMATION('','',#18116);
#18116 = PRODUCT('locating_bearing_spacer_1','locating_bearing_spacer_1'
  ,'',(#18117));
#18117 = PRODUCT_CONTEXT('',#2,'mechanical');
#18118 = PRODUCT_DEFINITION_CONTEXT('part definition',#2,'design');
#18119 = ADVANCED_BREP_SHAPE_REPRESENTATION('',(#11,#18120),#18302);
#18120 = MANIFOLD_SOLID_BREP('',#18121);
#18121 = CLOSED_SHELL('',(#18122,#18210,#18245,#18275));
#18122 = ADVANCED_FACE('',(#18123),#18136,.T.);
#18123 = FACE_BOUND('',#18124,.T.);
#18124 = EDGE_LOOP('',(#18125,#18159,#18182,#18209));
#18125 = ORIENTED_EDGE('',*,*,#18126,.F.);
#18126 = EDGE_CURVE('',#18127,#18127,#18129,.T.);
#18127 = VERTEX_POINT('',#18128);
#18128 = CARTESIAN_POINT('',(6.,-6.5,100.));
#18129 = SURFACE_CURVE('',#18130,(#18135,#18147),.PCURVE_S1.);
#18130 = CIRCLE('',#18131,6.);
#18131 = AXIS2_PLACEMENT_3D('',#18132,#18133,#18134);
#18132 = CARTESIAN_POINT('',(0.,-6.5,100.));
#18133 = DIRECTION('',(0.,-1.,1.110223024625E-16));
#18134 = DIRECTION('',(1.,0.,0.));
#18135 = PCURVE('',#18136,#18141);
#18136 = CYLINDRICAL_SURFACE('',#18137,6.);
#18137 = AXIS2_PLACEMENT_3D('',#18138,#18139,#18140);
#18138 = CARTESIAN_POINT('',(0.,-3.5,100.));
#18139 = DIRECTION('',(0.,-1.,1.110223024625E-16));
#18140 = DIRECTION('',(1.,0.,0.));
#18141 = DEFINITIONAL_REPRESENTATION('',(#18142),#18146);
#18142 = LINE('',#18143,#18144);
#18143 = CARTESIAN_POINT('',(0.,3.));
#18144 = VECTOR('',#18145,1.);
#18145 = DIRECTION('',(1.,0.));
#18146 = ( GEOMETRIC_REPRESENTATION_CONTEXT(2) 
PARAMETRIC_REPRESENTATION_CONTEXT() REPRESENTATION_CONTEXT('2D SPACE',''
  ) );
#18147 = PCURVE('',#18148,#18153);
#18148 = PLANE('',#18149);
#18149 = AXIS2_PLACEMENT_3D('',#18150,#18151,#18152);
#18150 = CARTESIAN_POINT('',(0.,-6.5,100.));
#18151 = DIRECTION('',(0.,-1.,1.110223024625E-16));
#18152 = DIRECTION('',(1.,0.,0.));
#18153 = DEFINITIONAL_REPRESENTATION('',(#18154),#18158);
#18154 = CIRCLE('',#18155,6.);
#18155 = AXIS2_PLACEMENT_2D('',#18156,#18157);
#18156 = CARTESIAN_POINT('',(0.,0.));
#18157 = DIRECTION('',(1.,0.));
#18158 = ( GEOMETRIC_REPRESENTATION_CONTEXT(2) 
PARAMETRIC_REPRESENTATION_CONTEXT() REPRESENTATION_CONTEXT('2D SPACE',''
  ) );
#18159 = ORIENTED_EDGE('',*,*,#18160,.F.);
#18160 = EDGE_CURVE('',#18161,#18127,#18163,.T.);
#18161 = VERTEX_POINT('',#18162);
#18162 = CARTESIAN_POINT('',(6.,-3.5,100.));
#18163 = SEAM_CURVE('',#18164,(#18168,#18175),.PCURVE_S1.);
#18164 = LINE('',#18165,#18166);
#18165 = CARTESIAN_POINT('',(6.,-3.5,100.));
#18166 = VECTOR('',#18167,1.);
#18167 = DIRECTION('',(0.,-1.,1.110223024625E-16));
#18168 = PCURVE('',#18136,#18169);
#18169 = DEFINITIONAL_REPRESENTATION('',(#18170),#18174);
#18170 = LINE('',#18171,#18172);
#18171 = CARTESIAN_POINT('',(6.28318530718,-0.));
#18172 = VECTOR('',#18173,1.);
#18173 = DIRECTION('',(0.,1.));
#18174 = ( GEOMETRIC_REPRESENTATION_CONTEXT(2) 
PARAMETRIC_REPRESENTATION_CONTEXT() REPRESENTATION_CONTEXT('2D SPACE',''
  ) );
#18175 = PCURVE('',#18136,#18176);
#18176 = DEFINITIONAL_REPRESENTATION('',(#18177),#18181);
#18177 = LINE('',#18178,#18179);
#18178 = CARTESIAN_POINT('',(0.,-0.));
#18179 = VECTOR('',#18180,1.);
#18180 = DIRECTION('',(0.,1.));
#18181 = ( GEOMETRIC_REPRESENTATION_CONTEXT(2) 
PARAMETRIC_REPRESENTATION_CONTEXT() REPRESENTATION_CONTEXT('2D SPACE',''
  ) );
#18182 = ORIENTED_EDGE('',*,*,#18183,.T.);
#18183 = EDGE_CURVE('',#18161,#18161,#18184,.T.);
#18184 = SURFACE_CURVE('',#18185,(#18190,#18197),.PCURVE_S1.);
#18185 = CIRCLE('',#18186,6.);
#18186 = AXIS2_PLACEMENT_3D('',#18187,#18188,#18189);
#18187 = CARTESIAN_POINT('',(0.,-3.5,100.));
#18188 = DIRECTION('',(0.,-1.,1.110223024625E-16));
#18189 = DIRECTION('',(1.,0.,0.));
#18190 = PCURVE('',#18136,#18191);
#18191 = DEFINITIONAL_REPRESENTATION('',(#18192),#18196);
#18192 = LINE('',#18193,#18194);
#18193 = CARTESIAN_POINT('',(0.,0.));
#18194 = VECTOR('',#18195,1.);
#18195 = DIRECTION('',(1.,0.));
#18196 = ( GEOMETRIC_REPRESENTATION_CONTEXT(2) 
PARAMETRIC_REPRESENTATION_CONTEXT() REPRESENTATION_CONTEXT('2D SPACE',''
  ) );
#18197 = PCURVE('',#18198,#18203);
#18198 = PLANE('',#18199);
#18199 = AXIS2_PLACEMENT_3D('',#18200,#18201,#18202);
#18200 = CARTESIAN_POINT('',(0.,-3.5,100.));
#18201 = DIRECTION('',(0.,-1.,1.110223024625E-16));
#18202 = DIRECTION('',(1.,0.,0.));
#18203 = DEFINITIONAL_REPRESENTATION('',(#18204),#18208);
#18204 = CIRCLE('',#18205,6.);
#18205 = AXIS2_PLACEMENT_2D('',#18206,#18207);
#18206 = CARTESIAN_POINT('',(0.,0.));
#18207 = DIRECTION('',(1.,0.));
#18208 = ( GEOMETRIC_REPRESENTATION_CONTEXT(2) 
PARAMETRIC_REPRESENTATION_CONTEXT() REPRESENTATION_CONTEXT('2D SPACE',''
  ) );
#18209 = ORIENTED_EDGE('',*,*,#18160,.T.);
#18210 = ADVANCED_FACE('',(#18211,#18214),#18148,.T.);
#18211 = FACE_BOUND('',#18212,.T.);
#18212 = EDGE_LOOP('',(#18213));
#18213 = ORIENTED_EDGE('',*,*,#18126,.T.);
#18214 = FACE_BOUND('',#18215,.T.);
#18215 = EDGE_LOOP('',(#18216));
#18216 = ORIENTED_EDGE('',*,*,#18217,.F.);
#18217 = EDGE_CURVE('',#18218,#18218,#18220,.T.);
#18218 = VERTEX_POINT('',#18219);
#18219 = CARTESIAN_POINT('',(4.25,-6.5,100.));
#18220 = SURFACE_CURVE('',#18221,(#18226,#18233),.PCURVE_S1.);
#18221 = CIRCLE('',#18222,4.25);
#18222 = AXIS2_PLACEMENT_3D('',#18223,#18224,#18225);
#18223 = CARTESIAN_POINT('',(0.,-6.5,100.));
#18224 = DIRECTION('',(0.,-1.,1.110223024625E-16));
#18225 = DIRECTION('',(1.,0.,0.));
#18226 = PCURVE('',#18148,#18227);
#18227 = DEFINITIONAL_REPRESENTATION('',(#18228),#18232);
#18228 = CIRCLE('',#18229,4.25);
#18229 = AXIS2_PLACEMENT_2D('',#18230,#18231);
#18230 = CARTESIAN_POINT('',(0.,0.));
#18231 = DIRECTION('',(1.,0.));
#18232 = ( GEOMETRIC_REPRESENTATION_CONTEXT(2) 
PARAMETRIC_REPRESENTATION_CONTEXT() REPRESENTATION_CONTEXT('2D SPACE',''
  ) );
#18233 = PCURVE('',#18234,#18239);
#18234 = CYLINDRICAL_SURFACE('',#18235,4.25);
#18235 = AXIS2_PLACEMENT_3D('',#18236,#18237,#18238);
#18236 = CARTESIAN_POINT('',(0.,-2.5,100.));
#18237 = DIRECTION('',(0.,-1.,1.110223024625E-16));
#18238 = DIRECTION('',(1.,0.,0.));
#18239 = DEFINITIONAL_REPRESENTATION('',(#18240),#18244);
#18240 = LINE('',#18241,#18242);
#18241 = CARTESIAN_POINT('',(0.,4.));
#18242 = VECTOR('',#18243,1.);
#18243 = DIRECTION('',(1.,0.));
#18244 = ( GEOMETRIC_REPRESENTATION_CONTEXT(2) 
PARAMETRIC_REPRESENTATION_CONTEXT() REPRESENTATION_CONTEXT('2D SPACE',''
  ) );
#18245 = ADVANCED_FACE('',(#18246,#18249),#18198,.F.);
#18246 = FACE_BOUND('',#18247,.F.);
#18247 = EDGE_LOOP('',(#18248));
#18248 = ORIENTED_EDGE('',*,*,#18183,.T.);
#18249 = FACE_BOUND('',#18250,.F.);
#18250 = EDGE_LOOP('',(#18251));
#18251 = ORIENTED_EDGE('',*,*,#18252,.F.);
#18252 = EDGE_CURVE('',#18253,#18253,#18255,.T.);
#18253 = VERTEX_POINT('',#18254);
#18254 = CARTESIAN_POINT('',(4.25,-3.5,100.));
#18255 = SURFACE_CURVE('',#18256,(#18261,#18268),.PCURVE_S1.);
#18256 = CIRCLE('',#18257,4.25);
#18257 = AXIS2_PLACEMENT_3D('',#18258,#18259,#18260);
#18258 = CARTESIAN_POINT('',(0.,-3.5,100.));
#18259 = DIRECTION('',(0.,-1.,1.110223024625E-16));
#18260 = DIRECTION('',(1.,0.,0.));
#18261 = PCURVE('',#18198,#18262);
#18262 = DEFINITIONAL_REPRESENTATION('',(#18263),#18267);
#18263 = CIRCLE('',#18264,4.25);
#18264 = AXIS2_PLACEMENT_2D('',#18265,#18266);
#18265 = CARTESIAN_POINT('',(0.,0.));
#18266 = DIRECTION('',(1.,0.));
#18267 = ( GEOMETRIC_REPRESENTATION_CONTEXT(2) 
PARAMETRIC_REPRESENTATION_CONTEXT() REPRESENTATION_CONTEXT('2D SPACE',''
  ) );
#18268 = PCURVE('',#18234,#18269);
#18269 = DEFINITIONAL_REPRESENTATION('',(#18270),#18274);
#18270 = LINE('',#18271,#18272);
#18271 = CARTESIAN_POINT('',(0.,1.));
#18272 = VECTOR('',#18273,1.);
#18273 = DIRECTION('',(1.,0.));
#18274 = ( GEOMETRIC_REPRESENTATION_CONTEXT(2) 
PARAMETRIC_REPRESENTATION_CONTEXT() REPRESENTATION_CONTEXT('2D SPACE',''
  ) );
#18275 = ADVANCED_FACE('',(#18276),#18234,.F.);
#18276 = FACE_BOUND('',#18277,.F.);
#18277 = EDGE_LOOP('',(#18278,#18279,#18300,#18301));
#18278 = ORIENTED_EDGE('',*,*,#18217,.F.);
#18279 = ORIENTED_EDGE('',*,*,#18280,.F.);
#18280 = EDGE_CURVE('',#18253,#18218,#18281,.T.);
#18281 = SEAM_CURVE('',#18282,(#18286,#18293),.PCURVE_S1.);
#18282 = LINE('',#18283,#18284);
#18283 = CARTESIAN_POINT('',(4.25,-2.5,100.));
#18284 = VECTOR('',#18285,1.);
#18285 = DIRECTION('',(0.,-1.,1.110223024625E-16));
#18286 = PCURVE('',#18234,#18287);
#18287 = DEFINITIONAL_REPRESENTATION('',(#18288),#18292);
#18288 = LINE('',#18289,#18290);
#18289 = CARTESIAN_POINT('',(6.28318530718,-0.));
#18290 = VECTOR('',#18291,1.);
#18291 = DIRECTION('',(0.,1.));
#18292 = ( GEOMETRIC_REPRESENTATION_CONTEXT(2) 
PARAMETRIC_REPRESENTATION_CONTEXT() REPRESENTATION_CONTEXT('2D SPACE',''
  ) );
#18293 = PCURVE('',#18234,#18294);
#18294 = DEFINITIONAL_REPRESENTATION('',(#18295),#18299);
#18295 = LINE('',#18296,#18297);
#18296 = CARTESIAN_POINT('',(0.,-0.));
#18297 = VECTOR('',#18298,1.);
#18298 = DIRECTION('',(0.,1.));
#18299 = ( GEOMETRIC_REPRESENTATION_CONTEXT(2) 
PARAMETRIC_REPRESENTATION_CONTEXT() REPRESENTATION_CONTEXT('2D SPACE',''
  ) );
#18300 = ORIENTED_EDGE('',*,*,#18252,.T.);
#18301 = ORIENTED_EDGE('',*,*,#18280,.T.);
#18302 = ( GEOMETRIC_REPRESENTATION_CONTEXT(3) 
GLOBAL_UNCERTAINTY_ASSIGNED_CONTEXT((#18306)) 
GLOBAL_UNIT_ASSIGNED_CONTEXT((#18303,#18304,#18305)) 
REPRESENTATION_CONTEXT('Context #1',
  '3D Context with UNIT and UNCERTAINTY') );
#18303 = ( LENGTH_UNIT() NAMED_UNIT(*) SI_UNIT(.MILLI.,.METRE.) );
#18304 = ( NAMED_UNIT(*) PLANE_ANGLE_UNIT() SI_UNIT($,.RADIAN.) );
#18305 = ( NAMED_UNIT(*) SI_UNIT($,.STERADIAN.) SOLID_ANGLE_UNIT() );
#18306 = UNCERTAINTY_MEASURE_WITH_UNIT(LENGTH_MEASURE(1.E-07),#18303,
  'distance_accuracy_value','confusion accuracy');
#18307 = CONTEXT_DEPENDENT_SHAPE_REPRESENTATION(#18308,#18310);
#18308 = ( REPRESENTATION_RELATIONSHIP('','',#18119,#10) 
REPRESENTATION_RELATIONSHIP_WITH_TRANSFORMATION(#18309) 
SHAPE_REPRESENTATION_RELATIONSHIP() );
#18309 = ITEM_DEFINED_TRANSFORMATION('','',#11,#115);
#18310 = PRODUCT_DEFINITION_SHAPE('Placement','Placement of an item',
  #18311);
#18311 = NEXT_ASSEMBLY_USAGE_OCCURRENCE('26','locating_bearing_spacer_1'
  ,'',#5,#18114,$);
#18312 = PRODUCT_RELATED_PRODUCT_CATEGORY('part',$,(#18116));
#18313 = MECHANICAL_DESIGN_GEOMETRIC_PRESENTATION_REPRESENTATION('',(
    #18314),#16319);
#18314 = STYLED_ITEM('color',(#18315),#16137);
#18315 = PRESENTATION_STYLE_ASSIGNMENT((#18316));
#18316 = SURFACE_STYLE_USAGE(.BOTH.,#18317);
#18317 = SURFACE_SIDE_STYLE('',(#18318));
#18318 = SURFACE_STYLE_FILL_AREA(#18319);
#18319 = FILL_AREA_STYLE('',(#18320));
#18320 = FILL_AREA_STYLE_COLOUR('',#18321);
#18321 = COLOUR_RGB('',0.630000008194,0.27999999963,8.999999692505E-02);
#18322 = MECHANICAL_DESIGN_GEOMETRIC_PRESENTATION_REPRESENTATION('',(
    #18323),#15917);
#18323 = STYLED_ITEM('color',(#18324),#15735);
#18324 = PRESENTATION_STYLE_ASSIGNMENT((#18325));
#18325 = SURFACE_STYLE_USAGE(.BOTH.,#18326);
#18326 = SURFACE_SIDE_STYLE('',(#18327));
#18327 = SURFACE_STYLE_FILL_AREA(#18328);
#18328 = FILL_AREA_STYLE('',(#18329));
#18329 = FILL_AREA_STYLE_COLOUR('',#18330);
#18330 = COLOUR_RGB('',0.580000000354,0.620000000292,0.649999988539);
#18331 = MECHANICAL_DESIGN_GEOMETRIC_PRESENTATION_REPRESENTATION('',(
    #18332),#14538);
#18332 = STYLED_ITEM('color',(#18333),#13788);
#18333 = PRESENTATION_STYLE_ASSIGNMENT((#18334));
#18334 = SURFACE_STYLE_USAGE(.BOTH.,#18335);
#18335 = SURFACE_SIDE_STYLE('',(#18336));
#18336 = SURFACE_STYLE_FILL_AREA(#18337);
#18337 = FILL_AREA_STYLE('',(#18338));
#18338 = FILL_AREA_STYLE_COLOUR('',#18339);
#18339 = COLOUR_RGB('',0.899999998185,0.420000006308,0.120000001395);
#18340 = MECHANICAL_DESIGN_GEOMETRIC_PRESENTATION_REPRESENTATION('',(
    #18341),#15716);
#18341 = STYLED_ITEM('color',(#18342),#15146);
#18342 = PRESENTATION_STYLE_ASSIGNMENT((#18343));
#18343 = SURFACE_STYLE_USAGE(.BOTH.,#18344);
#18344 = SURFACE_SIDE_STYLE('',(#18345));
#18345 = SURFACE_STYLE_FILL_AREA(#18346);
#18346 = FILL_AREA_STYLE('',(#18347));
#18347 = FILL_AREA_STYLE_COLOUR('',#18330);
#18348 = MECHANICAL_DESIGN_GEOMETRIC_PRESENTATION_REPRESENTATION('',(
    #18349),#17783);
#18349 = STYLED_ITEM('color',(#18350),#17421);
#18350 = PRESENTATION_STYLE_ASSIGNMENT((#18351));
#18351 = SURFACE_STYLE_USAGE(.BOTH.,#18352);
#18352 = SURFACE_SIDE_STYLE('',(#18353));
#18353 = SURFACE_STYLE_FILL_AREA(#18354);
#18354 = FILL_AREA_STYLE('',(#18355));
#18355 = FILL_AREA_STYLE_COLOUR('',#18356);
#18356 = COLOUR_RGB('',0.149999997808,0.389999993588,0.590000005974);
#18357 = MECHANICAL_DESIGN_GEOMETRIC_PRESENTATION_REPRESENTATION('',(
    #18358),#18101);
#18358 = STYLED_ITEM('color',(#18359),#17919);
#18359 = PRESENTATION_STYLE_ASSIGNMENT((#18360));
#18360 = SURFACE_STYLE_USAGE(.BOTH.,#18361);
#18361 = SURFACE_SIDE_STYLE('',(#18362));
#18362 = SURFACE_STYLE_FILL_AREA(#18363);
#18363 = FILL_AREA_STYLE('',(#18364));
#18364 = FILL_AREA_STYLE_COLOUR('',#18339);
#18365 = MECHANICAL_DESIGN_GEOMETRIC_PRESENTATION_REPRESENTATION('',(
    #18366),#4195);
#18366 = STYLED_ITEM('color',(#18367),#133);
#18367 = PRESENTATION_STYLE_ASSIGNMENT((#18368));
#18368 = SURFACE_STYLE_USAGE(.BOTH.,#18369);
#18369 = SURFACE_SIDE_STYLE('',(#18370));
#18370 = SURFACE_STYLE_FILL_AREA(#18371);
#18371 = FILL_AREA_STYLE('',(#18372));
#18372 = FILL_AREA_STYLE_COLOUR('',#18356);
#18373 = MECHANICAL_DESIGN_GEOMETRIC_PRESENTATION_REPRESENTATION('',(
    #18374),#11297);
#18374 = STYLED_ITEM('color',(#18375),#11109);
#18375 = PRESENTATION_STYLE_ASSIGNMENT((#18376));
#18376 = SURFACE_STYLE_USAGE(.BOTH.,#18377);
#18377 = SURFACE_SIDE_STYLE('',(#18378));
#18378 = SURFACE_STYLE_FILL_AREA(#18379);
#18379 = FILL_AREA_STYLE('',(#18380));
#18380 = FILL_AREA_STYLE_COLOUR('',#18330);
#18381 = MECHANICAL_DESIGN_GEOMETRIC_PRESENTATION_REPRESENTATION('',(
    #18382),#16118);
#18382 = STYLED_ITEM('color',(#18383),#15936);
#18383 = PRESENTATION_STYLE_ASSIGNMENT((#18384));
#18384 = SURFACE_STYLE_USAGE(.BOTH.,#18385);
#18385 = SURFACE_SIDE_STYLE('',(#18386));
#18386 = SURFACE_STYLE_FILL_AREA(#18387);
#18387 = FILL_AREA_STYLE('',(#18388));
#18388 = FILL_AREA_STYLE_COLOUR('',#18389);
#18389 = COLOUR_RGB('',0.870000009629,0.859999984366,0.800000010877);
#18390 = MECHANICAL_DESIGN_GEOMETRIC_PRESENTATION_REPRESENTATION('',(
    #18391),#15127);
#18391 = STYLED_ITEM('color',(#18392),#14557);
#18392 = PRESENTATION_STYLE_ASSIGNMENT((#18393));
#18393 = SURFACE_STYLE_USAGE(.BOTH.,#18394);
#18394 = SURFACE_SIDE_STYLE('',(#18395));
#18395 = SURFACE_STYLE_FILL_AREA(#18396);
#18396 = FILL_AREA_STYLE('',(#18397));
#18397 = FILL_AREA_STYLE_COLOUR('',#18330);
#18398 = MECHANICAL_DESIGN_GEOMETRIC_PRESENTATION_REPRESENTATION('',(
    #18399),#17402);
#18399 = STYLED_ITEM('color',(#18400),#16338);
#18400 = PRESENTATION_STYLE_ASSIGNMENT((#18401));
#18401 = SURFACE_STYLE_USAGE(.BOTH.,#18402);
#18402 = SURFACE_SIDE_STYLE('',(#18403));
#18403 = SURFACE_STYLE_FILL_AREA(#18404);
#18404 = FILL_AREA_STYLE('',(#18405));
#18405 = FILL_AREA_STYLE_COLOUR('',#18339);
#18406 = MECHANICAL_DESIGN_GEOMETRIC_PRESENTATION_REPRESENTATION('',(
    #18407),#5395);
#18407 = STYLED_ITEM('color',(#18408),#5213);
#18408 = PRESENTATION_STYLE_ASSIGNMENT((#18409));
#18409 = SURFACE_STYLE_USAGE(.BOTH.,#18410);
#18410 = SURFACE_SIDE_STYLE('',(#18411));
#18411 = SURFACE_STYLE_FILL_AREA(#18412);
#18412 = FILL_AREA_STYLE('',(#18413));
#18413 = FILL_AREA_STYLE_COLOUR('',#18330);
#18414 = MECHANICAL_DESIGN_GEOMETRIC_PRESENTATION_REPRESENTATION('',(
    #18415),#12390);
#18415 = STYLED_ITEM('color',(#18416),#11640);
#18416 = PRESENTATION_STYLE_ASSIGNMENT((#18417));
#18417 = SURFACE_STYLE_USAGE(.BOTH.,#18418);
#18418 = SURFACE_SIDE_STYLE('',(#18419));
#18419 = SURFACE_STYLE_FILL_AREA(#18420);
#18420 = FILL_AREA_STYLE('',(#18421));
#18421 = FILL_AREA_STYLE_COLOUR('',#18339);
#18422 = MECHANICAL_DESIGN_GEOMETRIC_PRESENTATION_REPRESENTATION('',(
    #18423),#17900);
#18423 = STYLED_ITEM('color',(#18424),#17802);
#18424 = PRESENTATION_STYLE_ASSIGNMENT((#18425));
#18425 = SURFACE_STYLE_USAGE(.BOTH.,#18426);
#18426 = SURFACE_SIDE_STYLE('',(#18427));
#18427 = SURFACE_STYLE_FILL_AREA(#18428);
#18428 = FILL_AREA_STYLE('',(#18429));
#18429 = FILL_AREA_STYLE_COLOUR('',#18330);
#18430 = MECHANICAL_DESIGN_GEOMETRIC_PRESENTATION_REPRESENTATION('',(
    #18431),#5194);
#18431 = STYLED_ITEM('color',(#18432),#4214);
#18432 = PRESENTATION_STYLE_ASSIGNMENT((#18433));
#18433 = SURFACE_STYLE_USAGE(.BOTH.,#18434);
#18434 = SURFACE_SIDE_STYLE('',(#18435));
#18435 = SURFACE_STYLE_FILL_AREA(#18436);
#18436 = FILL_AREA_STYLE('',(#18437));
#18437 = FILL_AREA_STYLE_COLOUR('',#18356);
#18438 = MECHANICAL_DESIGN_GEOMETRIC_PRESENTATION_REPRESENTATION('',(
    #18439),#13769);
#18439 = STYLED_ITEM('color',(#18440),#13587);
#18440 = PRESENTATION_STYLE_ASSIGNMENT((#18441));
#18441 = SURFACE_STYLE_USAGE(.BOTH.,#18442);
#18442 = SURFACE_SIDE_STYLE('',(#18443));
#18443 = SURFACE_STYLE_FILL_AREA(#18444);
#18444 = FILL_AREA_STYLE('',(#18445));
#18445 = FILL_AREA_STYLE_COLOUR('',#18330);
#18446 = MECHANICAL_DESIGN_GEOMETRIC_PRESENTATION_REPRESENTATION('',(
    #18447),#12979);
#18447 = STYLED_ITEM('color',(#18448),#12409);
#18448 = PRESENTATION_STYLE_ASSIGNMENT((#18449));
#18449 = SURFACE_STYLE_USAGE(.BOTH.,#18450);
#18450 = SURFACE_SIDE_STYLE('',(#18451));
#18451 = SURFACE_STYLE_FILL_AREA(#18452);
#18452 = FILL_AREA_STYLE('',(#18453));
#18453 = FILL_AREA_STYLE_COLOUR('',#18330);
#18454 = MECHANICAL_DESIGN_GEOMETRIC_PRESENTATION_REPRESENTATION('',(
    #18455),#11090);
#18455 = STYLED_ITEM('color',(#18456),#10908);
#18456 = PRESENTATION_STYLE_ASSIGNMENT((#18457));
#18457 = SURFACE_STYLE_USAGE(.BOTH.,#18458);
#18458 = SURFACE_SIDE_STYLE('',(#18459));
#18459 = SURFACE_STYLE_FILL_AREA(#18460);
#18460 = FILL_AREA_STYLE('',(#18461));
#18461 = FILL_AREA_STYLE_COLOUR('',#18330);
#18462 = MECHANICAL_DESIGN_GEOMETRIC_PRESENTATION_REPRESENTATION('',(
    #18463),#5602);
#18463 = STYLED_ITEM('color',(#18464),#5414);
#18464 = PRESENTATION_STYLE_ASSIGNMENT((#18465));
#18465 = SURFACE_STYLE_USAGE(.BOTH.,#18466);
#18466 = SURFACE_SIDE_STYLE('',(#18467));
#18467 = SURFACE_STYLE_FILL_AREA(#18468);
#18468 = FILL_AREA_STYLE('',(#18469));
#18469 = FILL_AREA_STYLE_COLOUR('',#18330);
#18470 = MECHANICAL_DESIGN_GEOMETRIC_PRESENTATION_REPRESENTATION('',(
    #18471),#10889);
#18471 = STYLED_ITEM('color',(#18472),#9909);
#18472 = PRESENTATION_STYLE_ASSIGNMENT((#18473));
#18473 = SURFACE_STYLE_USAGE(.BOTH.,#18474);
#18474 = SURFACE_SIDE_STYLE('',(#18475));
#18475 = SURFACE_STYLE_FILL_AREA(#18476);
#18476 = FILL_AREA_STYLE('',(#18477));
#18477 = FILL_AREA_STYLE_COLOUR('',#18356);
#18478 = MECHANICAL_DESIGN_GEOMETRIC_PRESENTATION_REPRESENTATION('',(
    #18479),#13568);
#18479 = STYLED_ITEM('color',(#18480),#12998);
#18480 = PRESENTATION_STYLE_ASSIGNMENT((#18481));
#18481 = SURFACE_STYLE_USAGE(.BOTH.,#18482);
#18482 = SURFACE_SIDE_STYLE('',(#18483));
#18483 = SURFACE_STYLE_FILL_AREA(#18484);
#18484 = FILL_AREA_STYLE('',(#18485));
#18485 = FILL_AREA_STYLE_COLOUR('',#18330);
#18486 = MECHANICAL_DESIGN_GEOMETRIC_PRESENTATION_REPRESENTATION('',(
    #18487),#11621);
#18487 = STYLED_ITEM('color',(#18488),#11523);
#18488 = PRESENTATION_STYLE_ASSIGNMENT((#18489));
#18489 = SURFACE_STYLE_USAGE(.BOTH.,#18490);
#18490 = SURFACE_SIDE_STYLE('',(#18491));
#18491 = SURFACE_STYLE_FILL_AREA(#18492);
#18492 = FILL_AREA_STYLE('',(#18493));
#18493 = FILL_AREA_STYLE_COLOUR('',#18330);
#18494 = MECHANICAL_DESIGN_GEOMETRIC_PRESENTATION_REPRESENTATION('',(
    #18495),#9890);
#18495 = STYLED_ITEM('color',(#18496),#5828);
#18496 = PRESENTATION_STYLE_ASSIGNMENT((#18497));
#18497 = SURFACE_STYLE_USAGE(.BOTH.,#18498);
#18498 = SURFACE_SIDE_STYLE('',(#18499));
#18499 = SURFACE_STYLE_FILL_AREA(#18500);
#18500 = FILL_AREA_STYLE('',(#18501));
#18501 = FILL_AREA_STYLE_COLOUR('',#18356);
#18502 = MECHANICAL_DESIGN_GEOMETRIC_PRESENTATION_REPRESENTATION('',(
    #18503),#11504);
#18503 = STYLED_ITEM('color',(#18504),#11316);
#18504 = PRESENTATION_STYLE_ASSIGNMENT((#18505));
#18505 = SURFACE_STYLE_USAGE(.BOTH.,#18506);
#18506 = SURFACE_SIDE_STYLE('',(#18507));
#18507 = SURFACE_STYLE_FILL_AREA(#18508);
#18508 = FILL_AREA_STYLE('',(#18509));
#18509 = FILL_AREA_STYLE_COLOUR('',#18330);
#18510 = MECHANICAL_DESIGN_GEOMETRIC_PRESENTATION_REPRESENTATION('',(
    #18511),#5809);
#18511 = STYLED_ITEM('color',(#18512),#5621);
#18512 = PRESENTATION_STYLE_ASSIGNMENT((#18513));
#18513 = SURFACE_STYLE_USAGE(.BOTH.,#18514);
#18514 = SURFACE_SIDE_STYLE('',(#18515));
#18515 = SURFACE_STYLE_FILL_AREA(#18516);
#18516 = FILL_AREA_STYLE('',(#18517));
#18517 = FILL_AREA_STYLE_COLOUR('',#18330);
#18518 = MECHANICAL_DESIGN_GEOMETRIC_PRESENTATION_REPRESENTATION('',(
    #18519),#18302);
#18519 = STYLED_ITEM('color',(#18520),#18120);
#18520 = PRESENTATION_STYLE_ASSIGNMENT((#18521));
#18521 = SURFACE_STYLE_USAGE(.BOTH.,#18522);
#18522 = SURFACE_SIDE_STYLE('',(#18523));
#18523 = SURFACE_STYLE_FILL_AREA(#18524);
#18524 = FILL_AREA_STYLE('',(#18525));
#18525 = FILL_AREA_STYLE_COLOUR('',#18339);
ENDSEC;
END-ISO-10303-21;
